RowIndex,RecordingID,ActorID,Emotion,Layer,Dimensions
0,03-01-01-01-01-01-01,1,neutral,1,768
0,03-01-01-01-01-01-01,1,neutral,4,768
0,03-01-01-01-01-01-01,1,neutral,8,768
0,03-01-01-01-01-01-01,1,neutral,12,768
1,03-01-01-01-01-01-02,2,neutral,1,768
1,03-01-01-01-01-01-02,2,neutral,4,768
1,03-01-01-01-01-01-02,2,neutral,8,768
1,03-01-01-01-01-01-02,2,neutral,12,768
2,03-01-01-01-01-01-03,3,neutral,1,768
2,03-01-01-01-01-01-03,3,neutral,4,768
2,03-01-01-01-01-01-03,3,neutral,8,768
2,03-01-01-01-01-01-03,3,neutral,12,768
3,03-01-01-01-01-01-04,4,neutral,1,768
3,03-01-01-01-01-01-04,4,neutral,4,768
3,03-01-01-01-01-01-04,4,neutral,8,768
3,03-01-01-01-01-01-04,4,neutral,12,768
4,03-01-01-01-01-01-05,5,neutral,1,768
4,03-01-01-01-01-01-05,5,neutral,4,768
4,03-01-01-01-01-01-05,5,neutral,8,768
4,03-01-01-01-01-01-05,5,neutral,12,768
5,03-01-01-01-01-01-06,6,neutral,1,768
5,03-01-01-01-01-01-06,6,neutral,4,768
5,03-01-01-01-01-01-06,6,neutral,8,768
5,03-01-01-01-01-01-06,6,neutral,12,768
6,03-01-01-01-01-01-07,7,neutral,1,768
6,03-01-01-01-01-01-07,7,neutral,4,768
6,03-01-01-01-01-01-07,7,neutral,8,768
6,03-01-01-01-01-01-07,7,neutral,12,768
7,03-01-01-01-01-01-08,8,neutral,1,768
7,03-01-01-01-01-01-08,8,neutral,4,768
7,03-01-01-01-01-01-08,8,neutral,8,768
7,03-01-01-01-01-01-08,8,neutral,12,768
8,03-01-01-01-01-01-09,9,neutral,1,768
8,03-01-01-01-01-01-09,9,neutral,4,768
8,03-01-01-01-01-01-09,9,neutral,8,768
8,03-01-01-01-01-01-09,9,neutral,12,768
9,03-01-01-01-01-01-10,10,neutral,1,768
9,03-01-01-01-01-01-10,10,neutral,4,768
9,03-01-01-01-01-01-10,10,neutral,8,768
9,03-01-01-01-01-01-10,10,neutral,12,768
10,03-01-01-01-01-01-11,11,neutral,1,768
10,03-01-01-01-01-01-11,11,neutral,4,768
10,03-01-01-01-01-01-11,11,neutral,8,768
10,03-01-01-01-01-01-11,11,neutral,12,768
11,03-01-01-01-01-01-12,12,neutral,1,768
11,03-01-01-01-01-01-12,12,neutral,4,768
11,03-01-01-01-01-01-12,12,neutral,8,768
11,03-01-01-01-01-01-12,12,neutral,12,768
12,03-01-01-01-01-01-13,13,neutral,1,768
12,03-01-01-01-01-01-13,13,neutral,4,768
12,03-01-01-01-01-01-13,13,neutral,8,768
12,03-01-01-01-01-01-13,13,neutral,12,768
13,03-01-01-01-01-01-14,14,neutral,1,768
13,03-01-01-01-01-01-14,14,neutral,4,768
13,03-01-01-01-01-01-14,14,neutral,8,768
13,03-01-01-01-01-01-14,14,neutral,12,768
14,03-01-01-01-01-01-15,15,neutral,1,768
14,03-01-01-01-01-01-15,15,neutral,4,768
14,03-01-01-01-01-01-15,15,neutral,8,768
14,03-01-01-01-01-01-15,15,neutral,12,768
15,03-01-01-01-01-01-16,16,neutral,1,768
15,03-01-01-01-01-01-16,16,neutral,4,768
15,03-01-01-01-01-01-16,16,neutral,8,768
15,03-01-01-01-01-01-16,16,neutral,12,768
16,03-01-01-01-01-01-17,17,neutral,1,768
16,03-01-01-01-01-01-17,17,neutral,4,768
16,03-01-01-01-01-01-17,17,neutral,8,768
16,03-01-01-01-01-01-17,17,neutral,12,768
17,03-01-01-01-01-01-18,18,neutral,1,768
17,03-01-01-01-01-01-18,18,neutral,4,768
17,03-01-01-01-01-01-18,18,neutral,8,768
17,03-01-01-01-01-01-18,18,neutral,12,768
18,03-01-01-01-01-01-19,19,neutral,1,768
18,03-01-01-01-01-01-19,19,neutral,4,768
18,03-01-01-01-01-01-19,19,neutral,8,768
18,03-01-01-01-01-01-19,19,neutral,12,768
19,03-01-01-01-01-01-20,20,neutral,1,768
19,03-01-01-01-01-01-20,20,neutral,4,768
19,03-01-01-01-01-01-20,20,neutral,8,768
19,03-01-01-01-01-01-20,20,neutral,12,768
20,03-01-01-01-01-01-21,21,neutral,1,768
20,03-01-01-01-01-01-21,21,neutral,4,768
20,03-01-01-01-01-01-21,21,neutral,8,768
20,03-01-01-01-01-01-21,21,neutral,12,768
21,03-01-01-01-01-01-22,22,neutral,1,768
21,03-01-01-01-01-01-22,22,neutral,4,768
21,03-01-01-01-01-01-22,22,neutral,8,768
21,03-01-01-01-01-01-22,22,neutral,12,768
22,03-01-01-01-01-01-23,23,neutral,1,768
22,03-01-01-01-01-01-23,23,neutral,4,768
22,03-01-01-01-01-01-23,23,neutral,8,768
22,03-01-01-01-01-01-23,23,neutral,12,768
23,03-01-01-01-01-01-24,24,neutral,1,768
23,03-01-01-01-01-01-24,24,neutral,4,768
23,03-01-01-01-01-01-24,24,neutral,8,768
23,03-01-01-01-01-01-24,24,neutral,12,768
24,03-01-01-01-01-02-01,1,neutral,1,768
24,03-01-01-01-01-02-01,1,neutral,4,768
24,03-01-01-01-01-02-01,1,neutral,8,768
24,03-01-01-01-01-02-01,1,neutral,12,768
25,03-01-01-01-01-02-02,2,neutral,1,768
25,03-01-01-01-01-02-02,2,neutral,4,768
25,03-01-01-01-01-02-02,2,neutral,8,768
25,03-01-01-01-01-02-02,2,neutral,12,768
26,03-01-01-01-01-02-03,3,neutral,1,768
26,03-01-01-01-01-02-03,3,neutral,4,768
26,03-01-01-01-01-02-03,3,neutral,8,768
26,03-01-01-01-01-02-03,3,neutral,12,768
27,03-01-01-01-01-02-04,4,neutral,1,768
27,03-01-01-01-01-02-04,4,neutral,4,768
27,03-01-01-01-01-02-04,4,neutral,8,768
27,03-01-01-01-01-02-04,4,neutral,12,768
28,03-01-01-01-01-02-05,5,neutral,1,768
28,03-01-01-01-01-02-05,5,neutral,4,768
28,03-01-01-01-01-02-05,5,neutral,8,768
28,03-01-01-01-01-02-05,5,neutral,12,768
29,03-01-01-01-01-02-06,6,neutral,1,768
29,03-01-01-01-01-02-06,6,neutral,4,768
29,03-01-01-01-01-02-06,6,neutral,8,768
29,03-01-01-01-01-02-06,6,neutral,12,768
30,03-01-01-01-01-02-07,7,neutral,1,768
30,03-01-01-01-01-02-07,7,neutral,4,768
30,03-01-01-01-01-02-07,7,neutral,8,768
30,03-01-01-01-01-02-07,7,neutral,12,768
31,03-01-01-01-01-02-08,8,neutral,1,768
31,03-01-01-01-01-02-08,8,neutral,4,768
31,03-01-01-01-01-02-08,8,neutral,8,768
31,03-01-01-01-01-02-08,8,neutral,12,768
32,03-01-01-01-01-02-09,9,neutral,1,768
32,03-01-01-01-01-02-09,9,neutral,4,768
32,03-01-01-01-01-02-09,9,neutral,8,768
32,03-01-01-01-01-02-09,9,neutral,12,768
33,03-01-01-01-01-02-10,10,neutral,1,768
33,03-01-01-01-01-02-10,10,neutral,4,768
33,03-01-01-01-01-02-10,10,neutral,8,768
33,03-01-01-01-01-02-10,10,neutral,12,768
34,03-01-01-01-01-02-11,11,neutral,1,768
34,03-01-01-01-01-02-11,11,neutral,4,768
34,03-01-01-01-01-02-11,11,neutral,8,768
34,03-01-01-01-01-02-11,11,neutral,12,768
35,03-01-01-01-01-02-12,12,neutral,1,768
35,03-01-01-01-01-02-12,12,neutral,4,768
35,03-01-01-01-01-02-12,12,neutral,8,768
35,03-01-01-01-01-02-12,12,neutral,12,768
36,03-01-01-01-01-02-13,13,neutral,1,768
36,03-01-01-01-01-02-13,13,neutral,4,768
36,03-01-01-01-01-02-13,13,neutral,8,768
36,03-01-01-01-01-02-13,13,neutral,12,768
37,03-01-01-01-01-02-14,14,neutral,1,768
37,03-01-01-01-01-02-14,14,neutral,4,768
37,03-01-01-01-01-02-14,14,neutral,8,768
37,03-01-01-01-01-02-14,14,neutral,12,768
38,03-01-01-01-01-02-15,15,neutral,1,768
38,03-01-01-01-01-02-15,15,neutral,4,768
38,03-01-01-01-01-02-15,15,neutral,8,768
38,03-01-01-01-01-02-15,15,neutral,12,768
39,03-01-01-01-01-02-16,16,neutral,1,768
39,03-01-01-01-01-02-16,16,neutral,4,768
39,03-01-01-01-01-02-16,16,neutral,8,768
39,03-01-01-01-01-02-16,16,neutral,12,768
40,03-01-01-01-01-02-17,17,neutral,1,768
40,03-01-01-01-01-02-17,17,neutral,4,768
40,03-01-01-01-01-02-17,17,neutral,8,768
40,03-01-01-01-01-02-17,17,neutral,12,768
41,03-01-01-01-01-02-18,18,neutral,1,768
41,03-01-01-01-01-02-18,18,neutral,4,768
41,03-01-01-01-01-02-18,18,neutral,8,768
41,03-01-01-01-01-02-18,18,neutral,12,768
42,03-01-01-01-01-02-19,19,neutral,1,768
42,03-01-01-01-01-02-19,19,neutral,4,768
42,03-01-01-01-01-02-19,19,neutral,8,768
42,03-01-01-01-01-02-19,19,neutral,12,768
43,03-01-01-01-01-02-20,20,neutral,1,768
43,03-01-01-01-01-02-20,20,neutral,4,768
43,03-01-01-01-01-02-20,20,neutral,8,768
43,03-01-01-01-01-02-20,20,neutral,12,768
44,03-01-01-01-01-02-21,21,neutral,1,768
44,03-01-01-01-01-02-21,21,neutral,4,768
44,03-01-01-01-01-02-21,21,neutral,8,768
44,03-01-01-01-01-02-21,21,neutral,12,768
45,03-01-01-01-01-02-22,22,neutral,1,768
45,03-01-01-01-01-02-22,22,neutral,4,768
45,03-01-01-01-01-02-22,22,neutral,8,768
45,03-01-01-01-01-02-22,22,neutral,12,768
46,03-01-01-01-01-02-23,23,neutral,1,768
46,03-01-01-01-01-02-23,23,neutral,4,768
46,03-01-01-01-01-02-23,23,neutral,8,768
46,03-01-01-01-01-02-23,23,neutral,12,768
47,03-01-01-01-01-02-24,24,neutral,1,768
47,03-01-01-01-01-02-24,24,neutral,4,768
47,03-01-01-01-01-02-24,24,neutral,8,768
47,03-01-01-01-01-02-24,24,neutral,12,768
48,03-01-01-01-02-01-01,1,neutral,1,768
48,03-01-01-01-02-01-01,1,neutral,4,768
48,03-01-01-01-02-01-01,1,neutral,8,768
48,03-01-01-01-02-01-01,1,neutral,12,768
49,03-01-01-01-02-01-02,2,neutral,1,768
49,03-01-01-01-02-01-02,2,neutral,4,768
49,03-01-01-01-02-01-02,2,neutral,8,768
49,03-01-01-01-02-01-02,2,neutral,12,768
50,03-01-01-01-02-01-03,3,neutral,1,768
50,03-01-01-01-02-01-03,3,neutral,4,768
50,03-01-01-01-02-01-03,3,neutral,8,768
50,03-01-01-01-02-01-03,3,neutral,12,768
51,03-01-01-01-02-01-04,4,neutral,1,768
51,03-01-01-01-02-01-04,4,neutral,4,768
51,03-01-01-01-02-01-04,4,neutral,8,768
51,03-01-01-01-02-01-04,4,neutral,12,768
52,03-01-01-01-02-01-05,5,neutral,1,768
52,03-01-01-01-02-01-05,5,neutral,4,768
52,03-01-01-01-02-01-05,5,neutral,8,768
52,03-01-01-01-02-01-05,5,neutral,12,768
53,03-01-01-01-02-01-06,6,neutral,1,768
53,03-01-01-01-02-01-06,6,neutral,4,768
53,03-01-01-01-02-01-06,6,neutral,8,768
53,03-01-01-01-02-01-06,6,neutral,12,768
54,03-01-01-01-02-01-07,7,neutral,1,768
54,03-01-01-01-02-01-07,7,neutral,4,768
54,03-01-01-01-02-01-07,7,neutral,8,768
54,03-01-01-01-02-01-07,7,neutral,12,768
55,03-01-01-01-02-01-08,8,neutral,1,768
55,03-01-01-01-02-01-08,8,neutral,4,768
55,03-01-01-01-02-01-08,8,neutral,8,768
55,03-01-01-01-02-01-08,8,neutral,12,768
56,03-01-01-01-02-01-09,9,neutral,1,768
56,03-01-01-01-02-01-09,9,neutral,4,768
56,03-01-01-01-02-01-09,9,neutral,8,768
56,03-01-01-01-02-01-09,9,neutral,12,768
57,03-01-01-01-02-01-10,10,neutral,1,768
57,03-01-01-01-02-01-10,10,neutral,4,768
57,03-01-01-01-02-01-10,10,neutral,8,768
57,03-01-01-01-02-01-10,10,neutral,12,768
58,03-01-01-01-02-01-11,11,neutral,1,768
58,03-01-01-01-02-01-11,11,neutral,4,768
58,03-01-01-01-02-01-11,11,neutral,8,768
58,03-01-01-01-02-01-11,11,neutral,12,768
59,03-01-01-01-02-01-12,12,neutral,1,768
59,03-01-01-01-02-01-12,12,neutral,4,768
59,03-01-01-01-02-01-12,12,neutral,8,768
59,03-01-01-01-02-01-12,12,neutral,12,768
60,03-01-01-01-02-01-13,13,neutral,1,768
60,03-01-01-01-02-01-13,13,neutral,4,768
60,03-01-01-01-02-01-13,13,neutral,8,768
60,03-01-01-01-02-01-13,13,neutral,12,768
61,03-01-01-01-02-01-14,14,neutral,1,768
61,03-01-01-01-02-01-14,14,neutral,4,768
61,03-01-01-01-02-01-14,14,neutral,8,768
61,03-01-01-01-02-01-14,14,neutral,12,768
62,03-01-01-01-02-01-15,15,neutral,1,768
62,03-01-01-01-02-01-15,15,neutral,4,768
62,03-01-01-01-02-01-15,15,neutral,8,768
62,03-01-01-01-02-01-15,15,neutral,12,768
63,03-01-01-01-02-01-16,16,neutral,1,768
63,03-01-01-01-02-01-16,16,neutral,4,768
63,03-01-01-01-02-01-16,16,neutral,8,768
63,03-01-01-01-02-01-16,16,neutral,12,768
64,03-01-01-01-02-01-17,17,neutral,1,768
64,03-01-01-01-02-01-17,17,neutral,4,768
64,03-01-01-01-02-01-17,17,neutral,8,768
64,03-01-01-01-02-01-17,17,neutral,12,768
65,03-01-01-01-02-01-18,18,neutral,1,768
65,03-01-01-01-02-01-18,18,neutral,4,768
65,03-01-01-01-02-01-18,18,neutral,8,768
65,03-01-01-01-02-01-18,18,neutral,12,768
66,03-01-01-01-02-01-19,19,neutral,1,768
66,03-01-01-01-02-01-19,19,neutral,4,768
66,03-01-01-01-02-01-19,19,neutral,8,768
66,03-01-01-01-02-01-19,19,neutral,12,768
67,03-01-01-01-02-01-20,20,neutral,1,768
67,03-01-01-01-02-01-20,20,neutral,4,768
67,03-01-01-01-02-01-20,20,neutral,8,768
67,03-01-01-01-02-01-20,20,neutral,12,768
68,03-01-01-01-02-01-21,21,neutral,1,768
68,03-01-01-01-02-01-21,21,neutral,4,768
68,03-01-01-01-02-01-21,21,neutral,8,768
68,03-01-01-01-02-01-21,21,neutral,12,768
69,03-01-01-01-02-01-22,22,neutral,1,768
69,03-01-01-01-02-01-22,22,neutral,4,768
69,03-01-01-01-02-01-22,22,neutral,8,768
69,03-01-01-01-02-01-22,22,neutral,12,768
70,03-01-01-01-02-01-23,23,neutral,1,768
70,03-01-01-01-02-01-23,23,neutral,4,768
70,03-01-01-01-02-01-23,23,neutral,8,768
70,03-01-01-01-02-01-23,23,neutral,12,768
71,03-01-01-01-02-01-24,24,neutral,1,768
71,03-01-01-01-02-01-24,24,neutral,4,768
71,03-01-01-01-02-01-24,24,neutral,8,768
71,03-01-01-01-02-01-24,24,neutral,12,768
72,03-01-01-01-02-02-01,1,neutral,1,768
72,03-01-01-01-02-02-01,1,neutral,4,768
72,03-01-01-01-02-02-01,1,neutral,8,768
72,03-01-01-01-02-02-01,1,neutral,12,768
73,03-01-01-01-02-02-02,2,neutral,1,768
73,03-01-01-01-02-02-02,2,neutral,4,768
73,03-01-01-01-02-02-02,2,neutral,8,768
73,03-01-01-01-02-02-02,2,neutral,12,768
74,03-01-01-01-02-02-03,3,neutral,1,768
74,03-01-01-01-02-02-03,3,neutral,4,768
74,03-01-01-01-02-02-03,3,neutral,8,768
74,03-01-01-01-02-02-03,3,neutral,12,768
75,03-01-01-01-02-02-04,4,neutral,1,768
75,03-01-01-01-02-02-04,4,neutral,4,768
75,03-01-01-01-02-02-04,4,neutral,8,768
75,03-01-01-01-02-02-04,4,neutral,12,768
76,03-01-01-01-02-02-05,5,neutral,1,768
76,03-01-01-01-02-02-05,5,neutral,4,768
76,03-01-01-01-02-02-05,5,neutral,8,768
76,03-01-01-01-02-02-05,5,neutral,12,768
77,03-01-01-01-02-02-06,6,neutral,1,768
77,03-01-01-01-02-02-06,6,neutral,4,768
77,03-01-01-01-02-02-06,6,neutral,8,768
77,03-01-01-01-02-02-06,6,neutral,12,768
78,03-01-01-01-02-02-07,7,neutral,1,768
78,03-01-01-01-02-02-07,7,neutral,4,768
78,03-01-01-01-02-02-07,7,neutral,8,768
78,03-01-01-01-02-02-07,7,neutral,12,768
79,03-01-01-01-02-02-08,8,neutral,1,768
79,03-01-01-01-02-02-08,8,neutral,4,768
79,03-01-01-01-02-02-08,8,neutral,8,768
79,03-01-01-01-02-02-08,8,neutral,12,768
80,03-01-01-01-02-02-09,9,neutral,1,768
80,03-01-01-01-02-02-09,9,neutral,4,768
80,03-01-01-01-02-02-09,9,neutral,8,768
80,03-01-01-01-02-02-09,9,neutral,12,768
81,03-01-01-01-02-02-10,10,neutral,1,768
81,03-01-01-01-02-02-10,10,neutral,4,768
81,03-01-01-01-02-02-10,10,neutral,8,768
81,03-01-01-01-02-02-10,10,neutral,12,768
82,03-01-01-01-02-02-11,11,neutral,1,768
82,03-01-01-01-02-02-11,11,neutral,4,768
82,03-01-01-01-02-02-11,11,neutral,8,768
82,03-01-01-01-02-02-11,11,neutral,12,768
83,03-01-01-01-02-02-12,12,neutral,1,768
83,03-01-01-01-02-02-12,12,neutral,4,768
83,03-01-01-01-02-02-12,12,neutral,8,768
83,03-01-01-01-02-02-12,12,neutral,12,768
84,03-01-01-01-02-02-13,13,neutral,1,768
84,03-01-01-01-02-02-13,13,neutral,4,768
84,03-01-01-01-02-02-13,13,neutral,8,768
84,03-01-01-01-02-02-13,13,neutral,12,768
85,03-01-01-01-02-02-14,14,neutral,1,768
85,03-01-01-01-02-02-14,14,neutral,4,768
85,03-01-01-01-02-02-14,14,neutral,8,768
85,03-01-01-01-02-02-14,14,neutral,12,768
86,03-01-01-01-02-02-15,15,neutral,1,768
86,03-01-01-01-02-02-15,15,neutral,4,768
86,03-01-01-01-02-02-15,15,neutral,8,768
86,03-01-01-01-02-02-15,15,neutral,12,768
87,03-01-01-01-02-02-16,16,neutral,1,768
87,03-01-01-01-02-02-16,16,neutral,4,768
87,03-01-01-01-02-02-16,16,neutral,8,768
87,03-01-01-01-02-02-16,16,neutral,12,768
88,03-01-01-01-02-02-17,17,neutral,1,768
88,03-01-01-01-02-02-17,17,neutral,4,768
88,03-01-01-01-02-02-17,17,neutral,8,768
88,03-01-01-01-02-02-17,17,neutral,12,768
89,03-01-01-01-02-02-18,18,neutral,1,768
89,03-01-01-01-02-02-18,18,neutral,4,768
89,03-01-01-01-02-02-18,18,neutral,8,768
89,03-01-01-01-02-02-18,18,neutral,12,768
90,03-01-01-01-02-02-19,19,neutral,1,768
90,03-01-01-01-02-02-19,19,neutral,4,768
90,03-01-01-01-02-02-19,19,neutral,8,768
90,03-01-01-01-02-02-19,19,neutral,12,768
91,03-01-01-01-02-02-20,20,neutral,1,768
91,03-01-01-01-02-02-20,20,neutral,4,768
91,03-01-01-01-02-02-20,20,neutral,8,768
91,03-01-01-01-02-02-20,20,neutral,12,768
92,03-01-01-01-02-02-21,21,neutral,1,768
92,03-01-01-01-02-02-21,21,neutral,4,768
92,03-01-01-01-02-02-21,21,neutral,8,768
92,03-01-01-01-02-02-21,21,neutral,12,768
93,03-01-01-01-02-02-22,22,neutral,1,768
93,03-01-01-01-02-02-22,22,neutral,4,768
93,03-01-01-01-02-02-22,22,neutral,8,768
93,03-01-01-01-02-02-22,22,neutral,12,768
94,03-01-01-01-02-02-23,23,neutral,1,768
94,03-01-01-01-02-02-23,23,neutral,4,768
94,03-01-01-01-02-02-23,23,neutral,8,768
94,03-01-01-01-02-02-23,23,neutral,12,768
95,03-01-01-01-02-02-24,24,neutral,1,768
95,03-01-01-01-02-02-24,24,neutral,4,768
95,03-01-01-01-02-02-24,24,neutral,8,768
95,03-01-01-01-02-02-24,24,neutral,12,768
96,03-01-03-01-01-01-01,1,happy,1,768
96,03-01-03-01-01-01-01,1,happy,4,768
96,03-01-03-01-01-01-01,1,happy,8,768
96,03-01-03-01-01-01-01,1,happy,12,768
97,03-01-03-01-01-01-02,2,happy,1,768
97,03-01-03-01-01-01-02,2,happy,4,768
97,03-01-03-01-01-01-02,2,happy,8,768
97,03-01-03-01-01-01-02,2,happy,12,768
98,03-01-03-01-01-01-03,3,happy,1,768
98,03-01-03-01-01-01-03,3,happy,4,768
98,03-01-03-01-01-01-03,3,happy,8,768
98,03-01-03-01-01-01-03,3,happy,12,768
99,03-01-03-01-01-01-04,4,happy,1,768
99,03-01-03-01-01-01-04,4,happy,4,768
99,03-01-03-01-01-01-04,4,happy,8,768
99,03-01-03-01-01-01-04,4,happy,12,768
100,03-01-03-01-01-01-05,5,happy,1,768
100,03-01-03-01-01-01-05,5,happy,4,768
100,03-01-03-01-01-01-05,5,happy,8,768
100,03-01-03-01-01-01-05,5,happy,12,768
101,03-01-03-01-01-01-06,6,happy,1,768
101,03-01-03-01-01-01-06,6,happy,4,768
101,03-01-03-01-01-01-06,6,happy,8,768
101,03-01-03-01-01-01-06,6,happy,12,768
102,03-01-03-01-01-01-07,7,happy,1,768
102,03-01-03-01-01-01-07,7,happy,4,768
102,03-01-03-01-01-01-07,7,happy,8,768
102,03-01-03-01-01-01-07,7,happy,12,768
103,03-01-03-01-01-01-08,8,happy,1,768
103,03-01-03-01-01-01-08,8,happy,4,768
103,03-01-03-01-01-01-08,8,happy,8,768
103,03-01-03-01-01-01-08,8,happy,12,768
104,03-01-03-01-01-01-09,9,happy,1,768
104,03-01-03-01-01-01-09,9,happy,4,768
104,03-01-03-01-01-01-09,9,happy,8,768
104,03-01-03-01-01-01-09,9,happy,12,768
105,03-01-03-01-01-01-10,10,happy,1,768
105,03-01-03-01-01-01-10,10,happy,4,768
105,03-01-03-01-01-01-10,10,happy,8,768
105,03-01-03-01-01-01-10,10,happy,12,768
106,03-01-03-01-01-01-11,11,happy,1,768
106,03-01-03-01-01-01-11,11,happy,4,768
106,03-01-03-01-01-01-11,11,happy,8,768
106,03-01-03-01-01-01-11,11,happy,12,768
107,03-01-03-01-01-01-12,12,happy,1,768
107,03-01-03-01-01-01-12,12,happy,4,768
107,03-01-03-01-01-01-12,12,happy,8,768
107,03-01-03-01-01-01-12,12,happy,12,768
108,03-01-03-01-01-01-13,13,happy,1,768
108,03-01-03-01-01-01-13,13,happy,4,768
108,03-01-03-01-01-01-13,13,happy,8,768
108,03-01-03-01-01-01-13,13,happy,12,768
109,03-01-03-01-01-01-14,14,happy,1,768
109,03-01-03-01-01-01-14,14,happy,4,768
109,03-01-03-01-01-01-14,14,happy,8,768
109,03-01-03-01-01-01-14,14,happy,12,768
110,03-01-03-01-01-01-15,15,happy,1,768
110,03-01-03-01-01-01-15,15,happy,4,768
110,03-01-03-01-01-01-15,15,happy,8,768
110,03-01-03-01-01-01-15,15,happy,12,768
111,03-01-03-01-01-01-16,16,happy,1,768
111,03-01-03-01-01-01-16,16,happy,4,768
111,03-01-03-01-01-01-16,16,happy,8,768
111,03-01-03-01-01-01-16,16,happy,12,768
112,03-01-03-01-01-01-17,17,happy,1,768
112,03-01-03-01-01-01-17,17,happy,4,768
112,03-01-03-01-01-01-17,17,happy,8,768
112,03-01-03-01-01-01-17,17,happy,12,768
113,03-01-03-01-01-01-18,18,happy,1,768
113,03-01-03-01-01-01-18,18,happy,4,768
113,03-01-03-01-01-01-18,18,happy,8,768
113,03-01-03-01-01-01-18,18,happy,12,768
114,03-01-03-01-01-01-19,19,happy,1,768
114,03-01-03-01-01-01-19,19,happy,4,768
114,03-01-03-01-01-01-19,19,happy,8,768
114,03-01-03-01-01-01-19,19,happy,12,768
115,03-01-03-01-01-01-20,20,happy,1,768
115,03-01-03-01-01-01-20,20,happy,4,768
115,03-01-03-01-01-01-20,20,happy,8,768
115,03-01-03-01-01-01-20,20,happy,12,768
116,03-01-03-01-01-01-21,21,happy,1,768
116,03-01-03-01-01-01-21,21,happy,4,768
116,03-01-03-01-01-01-21,21,happy,8,768
116,03-01-03-01-01-01-21,21,happy,12,768
117,03-01-03-01-01-01-22,22,happy,1,768
117,03-01-03-01-01-01-22,22,happy,4,768
117,03-01-03-01-01-01-22,22,happy,8,768
117,03-01-03-01-01-01-22,22,happy,12,768
118,03-01-03-01-01-01-23,23,happy,1,768
118,03-01-03-01-01-01-23,23,happy,4,768
118,03-01-03-01-01-01-23,23,happy,8,768
118,03-01-03-01-01-01-23,23,happy,12,768
119,03-01-03-01-01-01-24,24,happy,1,768
119,03-01-03-01-01-01-24,24,happy,4,768
119,03-01-03-01-01-01-24,24,happy,8,768
119,03-01-03-01-01-01-24,24,happy,12,768
120,03-01-03-01-01-02-01,1,happy,1,768
120,03-01-03-01-01-02-01,1,happy,4,768
120,03-01-03-01-01-02-01,1,happy,8,768
120,03-01-03-01-01-02-01,1,happy,12,768
121,03-01-03-01-01-02-02,2,happy,1,768
121,03-01-03-01-01-02-02,2,happy,4,768
121,03-01-03-01-01-02-02,2,happy,8,768
121,03-01-03-01-01-02-02,2,happy,12,768
122,03-01-03-01-01-02-03,3,happy,1,768
122,03-01-03-01-01-02-03,3,happy,4,768
122,03-01-03-01-01-02-03,3,happy,8,768
122,03-01-03-01-01-02-03,3,happy,12,768
123,03-01-03-01-01-02-04,4,happy,1,768
123,03-01-03-01-01-02-04,4,happy,4,768
123,03-01-03-01-01-02-04,4,happy,8,768
123,03-01-03-01-01-02-04,4,happy,12,768
124,03-01-03-01-01-02-05,5,happy,1,768
124,03-01-03-01-01-02-05,5,happy,4,768
124,03-01-03-01-01-02-05,5,happy,8,768
124,03-01-03-01-01-02-05,5,happy,12,768
125,03-01-03-01-01-02-06,6,happy,1,768
125,03-01-03-01-01-02-06,6,happy,4,768
125,03-01-03-01-01-02-06,6,happy,8,768
125,03-01-03-01-01-02-06,6,happy,12,768
126,03-01-03-01-01-02-07,7,happy,1,768
126,03-01-03-01-01-02-07,7,happy,4,768
126,03-01-03-01-01-02-07,7,happy,8,768
126,03-01-03-01-01-02-07,7,happy,12,768
127,03-01-03-01-01-02-08,8,happy,1,768
127,03-01-03-01-01-02-08,8,happy,4,768
127,03-01-03-01-01-02-08,8,happy,8,768
127,03-01-03-01-01-02-08,8,happy,12,768
128,03-01-03-01-01-02-09,9,happy,1,768
128,03-01-03-01-01-02-09,9,happy,4,768
128,03-01-03-01-01-02-09,9,happy,8,768
128,03-01-03-01-01-02-09,9,happy,12,768
129,03-01-03-01-01-02-10,10,happy,1,768
129,03-01-03-01-01-02-10,10,happy,4,768
129,03-01-03-01-01-02-10,10,happy,8,768
129,03-01-03-01-01-02-10,10,happy,12,768
130,03-01-03-01-01-02-11,11,happy,1,768
130,03-01-03-01-01-02-11,11,happy,4,768
130,03-01-03-01-01-02-11,11,happy,8,768
130,03-01-03-01-01-02-11,11,happy,12,768
131,03-01-03-01-01-02-12,12,happy,1,768
131,03-01-03-01-01-02-12,12,happy,4,768
131,03-01-03-01-01-02-12,12,happy,8,768
131,03-01-03-01-01-02-12,12,happy,12,768
132,03-01-03-01-01-02-13,13,happy,1,768
132,03-01-03-01-01-02-13,13,happy,4,768
132,03-01-03-01-01-02-13,13,happy,8,768
132,03-01-03-01-01-02-13,13,happy,12,768
133,03-01-03-01-01-02-14,14,happy,1,768
133,03-01-03-01-01-02-14,14,happy,4,768
133,03-01-03-01-01-02-14,14,happy,8,768
133,03-01-03-01-01-02-14,14,happy,12,768
134,03-01-03-01-01-02-15,15,happy,1,768
134,03-01-03-01-01-02-15,15,happy,4,768
134,03-01-03-01-01-02-15,15,happy,8,768
134,03-01-03-01-01-02-15,15,happy,12,768
135,03-01-03-01-01-02-16,16,happy,1,768
135,03-01-03-01-01-02-16,16,happy,4,768
135,03-01-03-01-01-02-16,16,happy,8,768
135,03-01-03-01-01-02-16,16,happy,12,768
136,03-01-03-01-01-02-17,17,happy,1,768
136,03-01-03-01-01-02-17,17,happy,4,768
136,03-01-03-01-01-02-17,17,happy,8,768
136,03-01-03-01-01-02-17,17,happy,12,768
137,03-01-03-01-01-02-18,18,happy,1,768
137,03-01-03-01-01-02-18,18,happy,4,768
137,03-01-03-01-01-02-18,18,happy,8,768
137,03-01-03-01-01-02-18,18,happy,12,768
138,03-01-03-01-01-02-19,19,happy,1,768
138,03-01-03-01-01-02-19,19,happy,4,768
138,03-01-03-01-01-02-19,19,happy,8,768
138,03-01-03-01-01-02-19,19,happy,12,768
139,03-01-03-01-01-02-20,20,happy,1,768
139,03-01-03-01-01-02-20,20,happy,4,768
139,03-01-03-01-01-02-20,20,happy,8,768
139,03-01-03-01-01-02-20,20,happy,12,768
140,03-01-03-01-01-02-21,21,happy,1,768
140,03-01-03-01-01-02-21,21,happy,4,768
140,03-01-03-01-01-02-21,21,happy,8,768
140,03-01-03-01-01-02-21,21,happy,12,768
141,03-01-03-01-01-02-22,22,happy,1,768
141,03-01-03-01-01-02-22,22,happy,4,768
141,03-01-03-01-01-02-22,22,happy,8,768
141,03-01-03-01-01-02-22,22,happy,12,768
142,03-01-03-01-01-02-23,23,happy,1,768
142,03-01-03-01-01-02-23,23,happy,4,768
142,03-01-03-01-01-02-23,23,happy,8,768
142,03-01-03-01-01-02-23,23,happy,12,768
143,03-01-03-01-01-02-24,24,happy,1,768
143,03-01-03-01-01-02-24,24,happy,4,768
143,03-01-03-01-01-02-24,24,happy,8,768
143,03-01-03-01-01-02-24,24,happy,12,768
144,03-01-03-01-02-01-01,1,happy,1,768
144,03-01-03-01-02-01-01,1,happy,4,768
144,03-01-03-01-02-01-01,1,happy,8,768
144,03-01-03-01-02-01-01,1,happy,12,768
145,03-01-03-01-02-01-02,2,happy,1,768
145,03-01-03-01-02-01-02,2,happy,4,768
145,03-01-03-01-02-01-02,2,happy,8,768
145,03-01-03-01-02-01-02,2,happy,12,768
146,03-01-03-01-02-01-03,3,happy,1,768
146,03-01-03-01-02-01-03,3,happy,4,768
146,03-01-03-01-02-01-03,3,happy,8,768
146,03-01-03-01-02-01-03,3,happy,12,768
147,03-01-03-01-02-01-04,4,happy,1,768
147,03-01-03-01-02-01-04,4,happy,4,768
147,03-01-03-01-02-01-04,4,happy,8,768
147,03-01-03-01-02-01-04,4,happy,12,768
148,03-01-03-01-02-01-05,5,happy,1,768
148,03-01-03-01-02-01-05,5,happy,4,768
148,03-01-03-01-02-01-05,5,happy,8,768
148,03-01-03-01-02-01-05,5,happy,12,768
149,03-01-03-01-02-01-06,6,happy,1,768
149,03-01-03-01-02-01-06,6,happy,4,768
149,03-01-03-01-02-01-06,6,happy,8,768
149,03-01-03-01-02-01-06,6,happy,12,768
150,03-01-03-01-02-01-07,7,happy,1,768
150,03-01-03-01-02-01-07,7,happy,4,768
150,03-01-03-01-02-01-07,7,happy,8,768
150,03-01-03-01-02-01-07,7,happy,12,768
151,03-01-03-01-02-01-08,8,happy,1,768
151,03-01-03-01-02-01-08,8,happy,4,768
151,03-01-03-01-02-01-08,8,happy,8,768
151,03-01-03-01-02-01-08,8,happy,12,768
152,03-01-03-01-02-01-09,9,happy,1,768
152,03-01-03-01-02-01-09,9,happy,4,768
152,03-01-03-01-02-01-09,9,happy,8,768
152,03-01-03-01-02-01-09,9,happy,12,768
153,03-01-03-01-02-01-10,10,happy,1,768
153,03-01-03-01-02-01-10,10,happy,4,768
153,03-01-03-01-02-01-10,10,happy,8,768
153,03-01-03-01-02-01-10,10,happy,12,768
154,03-01-03-01-02-01-11,11,happy,1,768
154,03-01-03-01-02-01-11,11,happy,4,768
154,03-01-03-01-02-01-11,11,happy,8,768
154,03-01-03-01-02-01-11,11,happy,12,768
155,03-01-03-01-02-01-12,12,happy,1,768
155,03-01-03-01-02-01-12,12,happy,4,768
155,03-01-03-01-02-01-12,12,happy,8,768
155,03-01-03-01-02-01-12,12,happy,12,768
156,03-01-03-01-02-01-13,13,happy,1,768
156,03-01-03-01-02-01-13,13,happy,4,768
156,03-01-03-01-02-01-13,13,happy,8,768
156,03-01-03-01-02-01-13,13,happy,12,768
157,03-01-03-01-02-01-14,14,happy,1,768
157,03-01-03-01-02-01-14,14,happy,4,768
157,03-01-03-01-02-01-14,14,happy,8,768
157,03-01-03-01-02-01-14,14,happy,12,768
158,03-01-03-01-02-01-15,15,happy,1,768
158,03-01-03-01-02-01-15,15,happy,4,768
158,03-01-03-01-02-01-15,15,happy,8,768
158,03-01-03-01-02-01-15,15,happy,12,768
159,03-01-03-01-02-01-16,16,happy,1,768
159,03-01-03-01-02-01-16,16,happy,4,768
159,03-01-03-01-02-01-16,16,happy,8,768
159,03-01-03-01-02-01-16,16,happy,12,768
160,03-01-03-01-02-01-17,17,happy,1,768
160,03-01-03-01-02-01-17,17,happy,4,768
160,03-01-03-01-02-01-17,17,happy,8,768
160,03-01-03-01-02-01-17,17,happy,12,768
161,03-01-03-01-02-01-18,18,happy,1,768
161,03-01-03-01-02-01-18,18,happy,4,768
161,03-01-03-01-02-01-18,18,happy,8,768
161,03-01-03-01-02-01-18,18,happy,12,768
162,03-01-03-01-02-01-19,19,happy,1,768
162,03-01-03-01-02-01-19,19,happy,4,768
162,03-01-03-01-02-01-19,19,happy,8,768
162,03-01-03-01-02-01-19,19,happy,12,768
163,03-01-03-01-02-01-20,20,happy,1,768
163,03-01-03-01-02-01-20,20,happy,4,768
163,03-01-03-01-02-01-20,20,happy,8,768
163,03-01-03-01-02-01-20,20,happy,12,768
164,03-01-03-01-02-01-21,21,happy,1,768
164,03-01-03-01-02-01-21,21,happy,4,768
164,03-01-03-01-02-01-21,21,happy,8,768
164,03-01-03-01-02-01-21,21,happy,12,768
165,03-01-03-01-02-01-22,22,happy,1,768
165,03-01-03-01-02-01-22,22,happy,4,768
165,03-01-03-01-02-01-22,22,happy,8,768
165,03-01-03-01-02-01-22,22,happy,12,768
166,03-01-03-01-02-01-23,23,happy,1,768
166,03-01-03-01-02-01-23,23,happy,4,768
166,03-01-03-01-02-01-23,23,happy,8,768
166,03-01-03-01-02-01-23,23,happy,12,768
167,03-01-03-01-02-01-24,24,happy,1,768
167,03-01-03-01-02-01-24,24,happy,4,768
167,03-01-03-01-02-01-24,24,happy,8,768
167,03-01-03-01-02-01-24,24,happy,12,768
168,03-01-03-01-02-02-01,1,happy,1,768
168,03-01-03-01-02-02-01,1,happy,4,768
168,03-01-03-01-02-02-01,1,happy,8,768
168,03-01-03-01-02-02-01,1,happy,12,768
169,03-01-03-01-02-02-02,2,happy,1,768
169,03-01-03-01-02-02-02,2,happy,4,768
169,03-01-03-01-02-02-02,2,happy,8,768
169,03-01-03-01-02-02-02,2,happy,12,768
170,03-01-03-01-02-02-03,3,happy,1,768
170,03-01-03-01-02-02-03,3,happy,4,768
170,03-01-03-01-02-02-03,3,happy,8,768
170,03-01-03-01-02-02-03,3,happy,12,768
171,03-01-03-01-02-02-04,4,happy,1,768
171,03-01-03-01-02-02-04,4,happy,4,768
171,03-01-03-01-02-02-04,4,happy,8,768
171,03-01-03-01-02-02-04,4,happy,12,768
172,03-01-03-01-02-02-05,5,happy,1,768
172,03-01-03-01-02-02-05,5,happy,4,768
172,03-01-03-01-02-02-05,5,happy,8,768
172,03-01-03-01-02-02-05,5,happy,12,768
173,03-01-03-01-02-02-06,6,happy,1,768
173,03-01-03-01-02-02-06,6,happy,4,768
173,03-01-03-01-02-02-06,6,happy,8,768
173,03-01-03-01-02-02-06,6,happy,12,768
174,03-01-03-01-02-02-07,7,happy,1,768
174,03-01-03-01-02-02-07,7,happy,4,768
174,03-01-03-01-02-02-07,7,happy,8,768
174,03-01-03-01-02-02-07,7,happy,12,768
175,03-01-03-01-02-02-08,8,happy,1,768
175,03-01-03-01-02-02-08,8,happy,4,768
175,03-01-03-01-02-02-08,8,happy,8,768
175,03-01-03-01-02-02-08,8,happy,12,768
176,03-01-03-01-02-02-09,9,happy,1,768
176,03-01-03-01-02-02-09,9,happy,4,768
176,03-01-03-01-02-02-09,9,happy,8,768
176,03-01-03-01-02-02-09,9,happy,12,768
177,03-01-03-01-02-02-10,10,happy,1,768
177,03-01-03-01-02-02-10,10,happy,4,768
177,03-01-03-01-02-02-10,10,happy,8,768
177,03-01-03-01-02-02-10,10,happy,12,768
178,03-01-03-01-02-02-11,11,happy,1,768
178,03-01-03-01-02-02-11,11,happy,4,768
178,03-01-03-01-02-02-11,11,happy,8,768
178,03-01-03-01-02-02-11,11,happy,12,768
179,03-01-03-01-02-02-12,12,happy,1,768
179,03-01-03-01-02-02-12,12,happy,4,768
179,03-01-03-01-02-02-12,12,happy,8,768
179,03-01-03-01-02-02-12,12,happy,12,768
180,03-01-03-01-02-02-13,13,happy,1,768
180,03-01-03-01-02-02-13,13,happy,4,768
180,03-01-03-01-02-02-13,13,happy,8,768
180,03-01-03-01-02-02-13,13,happy,12,768
181,03-01-03-01-02-02-14,14,happy,1,768
181,03-01-03-01-02-02-14,14,happy,4,768
181,03-01-03-01-02-02-14,14,happy,8,768
181,03-01-03-01-02-02-14,14,happy,12,768
182,03-01-03-01-02-02-15,15,happy,1,768
182,03-01-03-01-02-02-15,15,happy,4,768
182,03-01-03-01-02-02-15,15,happy,8,768
182,03-01-03-01-02-02-15,15,happy,12,768
183,03-01-03-01-02-02-16,16,happy,1,768
183,03-01-03-01-02-02-16,16,happy,4,768
183,03-01-03-01-02-02-16,16,happy,8,768
183,03-01-03-01-02-02-16,16,happy,12,768
184,03-01-03-01-02-02-17,17,happy,1,768
184,03-01-03-01-02-02-17,17,happy,4,768
184,03-01-03-01-02-02-17,17,happy,8,768
184,03-01-03-01-02-02-17,17,happy,12,768
185,03-01-03-01-02-02-18,18,happy,1,768
185,03-01-03-01-02-02-18,18,happy,4,768
185,03-01-03-01-02-02-18,18,happy,8,768
185,03-01-03-01-02-02-18,18,happy,12,768
186,03-01-03-01-02-02-19,19,happy,1,768
186,03-01-03-01-02-02-19,19,happy,4,768
186,03-01-03-01-02-02-19,19,happy,8,768
186,03-01-03-01-02-02-19,19,happy,12,768
187,03-01-03-01-02-02-20,20,happy,1,768
187,03-01-03-01-02-02-20,20,happy,4,768
187,03-01-03-01-02-02-20,20,happy,8,768
187,03-01-03-01-02-02-20,20,happy,12,768
188,03-01-03-01-02-02-21,21,happy,1,768
188,03-01-03-01-02-02-21,21,happy,4,768
188,03-01-03-01-02-02-21,21,happy,8,768
188,03-01-03-01-02-02-21,21,happy,12,768
189,03-01-03-01-02-02-22,22,happy,1,768
189,03-01-03-01-02-02-22,22,happy,4,768
189,03-01-03-01-02-02-22,22,happy,8,768
189,03-01-03-01-02-02-22,22,happy,12,768
190,03-01-03-01-02-02-23,23,happy,1,768
190,03-01-03-01-02-02-23,23,happy,4,768
190,03-01-03-01-02-02-23,23,happy,8,768
190,03-01-03-01-02-02-23,23,happy,12,768
191,03-01-03-01-02-02-24,24,happy,1,768
191,03-01-03-01-02-02-24,24,happy,4,768
191,03-01-03-01-02-02-24,24,happy,8,768
191,03-01-03-01-02-02-24,24,happy,12,768
192,03-01-03-02-01-01-01,1,happy,1,768
192,03-01-03-02-01-01-01,1,happy,4,768
192,03-01-03-02-01-01-01,1,happy,8,768
192,03-01-03-02-01-01-01,1,happy,12,768
193,03-01-03-02-01-01-02,2,happy,1,768
193,03-01-03-02-01-01-02,2,happy,4,768
193,03-01-03-02-01-01-02,2,happy,8,768
193,03-01-03-02-01-01-02,2,happy,12,768
194,03-01-03-02-01-01-03,3,happy,1,768
194,03-01-03-02-01-01-03,3,happy,4,768
194,03-01-03-02-01-01-03,3,happy,8,768
194,03-01-03-02-01-01-03,3,happy,12,768
195,03-01-03-02-01-01-04,4,happy,1,768
195,03-01-03-02-01-01-04,4,happy,4,768
195,03-01-03-02-01-01-04,4,happy,8,768
195,03-01-03-02-01-01-04,4,happy,12,768
196,03-01-03-02-01-01-05,5,happy,1,768
196,03-01-03-02-01-01-05,5,happy,4,768
196,03-01-03-02-01-01-05,5,happy,8,768
196,03-01-03-02-01-01-05,5,happy,12,768
197,03-01-03-02-01-01-06,6,happy,1,768
197,03-01-03-02-01-01-06,6,happy,4,768
197,03-01-03-02-01-01-06,6,happy,8,768
197,03-01-03-02-01-01-06,6,happy,12,768
198,03-01-03-02-01-01-07,7,happy,1,768
198,03-01-03-02-01-01-07,7,happy,4,768
198,03-01-03-02-01-01-07,7,happy,8,768
198,03-01-03-02-01-01-07,7,happy,12,768
199,03-01-03-02-01-01-08,8,happy,1,768
199,03-01-03-02-01-01-08,8,happy,4,768
199,03-01-03-02-01-01-08,8,happy,8,768
199,03-01-03-02-01-01-08,8,happy,12,768
200,03-01-03-02-01-01-09,9,happy,1,768
200,03-01-03-02-01-01-09,9,happy,4,768
200,03-01-03-02-01-01-09,9,happy,8,768
200,03-01-03-02-01-01-09,9,happy,12,768
201,03-01-03-02-01-01-10,10,happy,1,768
201,03-01-03-02-01-01-10,10,happy,4,768
201,03-01-03-02-01-01-10,10,happy,8,768
201,03-01-03-02-01-01-10,10,happy,12,768
202,03-01-03-02-01-01-11,11,happy,1,768
202,03-01-03-02-01-01-11,11,happy,4,768
202,03-01-03-02-01-01-11,11,happy,8,768
202,03-01-03-02-01-01-11,11,happy,12,768
203,03-01-03-02-01-01-12,12,happy,1,768
203,03-01-03-02-01-01-12,12,happy,4,768
203,03-01-03-02-01-01-12,12,happy,8,768
203,03-01-03-02-01-01-12,12,happy,12,768
204,03-01-03-02-01-01-13,13,happy,1,768
204,03-01-03-02-01-01-13,13,happy,4,768
204,03-01-03-02-01-01-13,13,happy,8,768
204,03-01-03-02-01-01-13,13,happy,12,768
205,03-01-03-02-01-01-14,14,happy,1,768
205,03-01-03-02-01-01-14,14,happy,4,768
205,03-01-03-02-01-01-14,14,happy,8,768
205,03-01-03-02-01-01-14,14,happy,12,768
206,03-01-03-02-01-01-15,15,happy,1,768
206,03-01-03-02-01-01-15,15,happy,4,768
206,03-01-03-02-01-01-15,15,happy,8,768
206,03-01-03-02-01-01-15,15,happy,12,768
207,03-01-03-02-01-01-16,16,happy,1,768
207,03-01-03-02-01-01-16,16,happy,4,768
207,03-01-03-02-01-01-16,16,happy,8,768
207,03-01-03-02-01-01-16,16,happy,12,768
208,03-01-03-02-01-01-17,17,happy,1,768
208,03-01-03-02-01-01-17,17,happy,4,768
208,03-01-03-02-01-01-17,17,happy,8,768
208,03-01-03-02-01-01-17,17,happy,12,768
209,03-01-03-02-01-01-18,18,happy,1,768
209,03-01-03-02-01-01-18,18,happy,4,768
209,03-01-03-02-01-01-18,18,happy,8,768
209,03-01-03-02-01-01-18,18,happy,12,768
210,03-01-03-02-01-01-19,19,happy,1,768
210,03-01-03-02-01-01-19,19,happy,4,768
210,03-01-03-02-01-01-19,19,happy,8,768
210,03-01-03-02-01-01-19,19,happy,12,768
211,03-01-03-02-01-01-20,20,happy,1,768
211,03-01-03-02-01-01-20,20,happy,4,768
211,03-01-03-02-01-01-20,20,happy,8,768
211,03-01-03-02-01-01-20,20,happy,12,768
212,03-01-03-02-01-01-21,21,happy,1,768
212,03-01-03-02-01-01-21,21,happy,4,768
212,03-01-03-02-01-01-21,21,happy,8,768
212,03-01-03-02-01-01-21,21,happy,12,768
213,03-01-03-02-01-01-22,22,happy,1,768
213,03-01-03-02-01-01-22,22,happy,4,768
213,03-01-03-02-01-01-22,22,happy,8,768
213,03-01-03-02-01-01-22,22,happy,12,768
214,03-01-03-02-01-01-23,23,happy,1,768
214,03-01-03-02-01-01-23,23,happy,4,768
214,03-01-03-02-01-01-23,23,happy,8,768
214,03-01-03-02-01-01-23,23,happy,12,768
215,03-01-03-02-01-01-24,24,happy,1,768
215,03-01-03-02-01-01-24,24,happy,4,768
215,03-01-03-02-01-01-24,24,happy,8,768
215,03-01-03-02-01-01-24,24,happy,12,768
216,03-01-03-02-01-02-01,1,happy,1,768
216,03-01-03-02-01-02-01,1,happy,4,768
216,03-01-03-02-01-02-01,1,happy,8,768
216,03-01-03-02-01-02-01,1,happy,12,768
217,03-01-03-02-01-02-02,2,happy,1,768
217,03-01-03-02-01-02-02,2,happy,4,768
217,03-01-03-02-01-02-02,2,happy,8,768
217,03-01-03-02-01-02-02,2,happy,12,768
218,03-01-03-02-01-02-03,3,happy,1,768
218,03-01-03-02-01-02-03,3,happy,4,768
218,03-01-03-02-01-02-03,3,happy,8,768
218,03-01-03-02-01-02-03,3,happy,12,768
219,03-01-03-02-01-02-04,4,happy,1,768
219,03-01-03-02-01-02-04,4,happy,4,768
219,03-01-03-02-01-02-04,4,happy,8,768
219,03-01-03-02-01-02-04,4,happy,12,768
220,03-01-03-02-01-02-05,5,happy,1,768
220,03-01-03-02-01-02-05,5,happy,4,768
220,03-01-03-02-01-02-05,5,happy,8,768
220,03-01-03-02-01-02-05,5,happy,12,768
221,03-01-03-02-01-02-06,6,happy,1,768
221,03-01-03-02-01-02-06,6,happy,4,768
221,03-01-03-02-01-02-06,6,happy,8,768
221,03-01-03-02-01-02-06,6,happy,12,768
222,03-01-03-02-01-02-07,7,happy,1,768
222,03-01-03-02-01-02-07,7,happy,4,768
222,03-01-03-02-01-02-07,7,happy,8,768
222,03-01-03-02-01-02-07,7,happy,12,768
223,03-01-03-02-01-02-08,8,happy,1,768
223,03-01-03-02-01-02-08,8,happy,4,768
223,03-01-03-02-01-02-08,8,happy,8,768
223,03-01-03-02-01-02-08,8,happy,12,768
224,03-01-03-02-01-02-09,9,happy,1,768
224,03-01-03-02-01-02-09,9,happy,4,768
224,03-01-03-02-01-02-09,9,happy,8,768
224,03-01-03-02-01-02-09,9,happy,12,768
225,03-01-03-02-01-02-10,10,happy,1,768
225,03-01-03-02-01-02-10,10,happy,4,768
225,03-01-03-02-01-02-10,10,happy,8,768
225,03-01-03-02-01-02-10,10,happy,12,768
226,03-01-03-02-01-02-11,11,happy,1,768
226,03-01-03-02-01-02-11,11,happy,4,768
226,03-01-03-02-01-02-11,11,happy,8,768
226,03-01-03-02-01-02-11,11,happy,12,768
227,03-01-03-02-01-02-12,12,happy,1,768
227,03-01-03-02-01-02-12,12,happy,4,768
227,03-01-03-02-01-02-12,12,happy,8,768
227,03-01-03-02-01-02-12,12,happy,12,768
228,03-01-03-02-01-02-13,13,happy,1,768
228,03-01-03-02-01-02-13,13,happy,4,768
228,03-01-03-02-01-02-13,13,happy,8,768
228,03-01-03-02-01-02-13,13,happy,12,768
229,03-01-03-02-01-02-14,14,happy,1,768
229,03-01-03-02-01-02-14,14,happy,4,768
229,03-01-03-02-01-02-14,14,happy,8,768
229,03-01-03-02-01-02-14,14,happy,12,768
230,03-01-03-02-01-02-15,15,happy,1,768
230,03-01-03-02-01-02-15,15,happy,4,768
230,03-01-03-02-01-02-15,15,happy,8,768
230,03-01-03-02-01-02-15,15,happy,12,768
231,03-01-03-02-01-02-16,16,happy,1,768
231,03-01-03-02-01-02-16,16,happy,4,768
231,03-01-03-02-01-02-16,16,happy,8,768
231,03-01-03-02-01-02-16,16,happy,12,768
232,03-01-03-02-01-02-17,17,happy,1,768
232,03-01-03-02-01-02-17,17,happy,4,768
232,03-01-03-02-01-02-17,17,happy,8,768
232,03-01-03-02-01-02-17,17,happy,12,768
233,03-01-03-02-01-02-18,18,happy,1,768
233,03-01-03-02-01-02-18,18,happy,4,768
233,03-01-03-02-01-02-18,18,happy,8,768
233,03-01-03-02-01-02-18,18,happy,12,768
234,03-01-03-02-01-02-19,19,happy,1,768
234,03-01-03-02-01-02-19,19,happy,4,768
234,03-01-03-02-01-02-19,19,happy,8,768
234,03-01-03-02-01-02-19,19,happy,12,768
235,03-01-03-02-01-02-20,20,happy,1,768
235,03-01-03-02-01-02-20,20,happy,4,768
235,03-01-03-02-01-02-20,20,happy,8,768
235,03-01-03-02-01-02-20,20,happy,12,768
236,03-01-03-02-01-02-21,21,happy,1,768
236,03-01-03-02-01-02-21,21,happy,4,768
236,03-01-03-02-01-02-21,21,happy,8,768
236,03-01-03-02-01-02-21,21,happy,12,768
237,03-01-03-02-01-02-22,22,happy,1,768
237,03-01-03-02-01-02-22,22,happy,4,768
237,03-01-03-02-01-02-22,22,happy,8,768
237,03-01-03-02-01-02-22,22,happy,12,768
238,03-01-03-02-01-02-23,23,happy,1,768
238,03-01-03-02-01-02-23,23,happy,4,768
238,03-01-03-02-01-02-23,23,happy,8,768
238,03-01-03-02-01-02-23,23,happy,12,768
239,03-01-03-02-01-02-24,24,happy,1,768
239,03-01-03-02-01-02-24,24,happy,4,768
239,03-01-03-02-01-02-24,24,happy,8,768
239,03-01-03-02-01-02-24,24,happy,12,768
240,03-01-03-02-02-01-01,1,happy,1,768
240,03-01-03-02-02-01-01,1,happy,4,768
240,03-01-03-02-02-01-01,1,happy,8,768
240,03-01-03-02-02-01-01,1,happy,12,768
241,03-01-03-02-02-01-02,2,happy,1,768
241,03-01-03-02-02-01-02,2,happy,4,768
241,03-01-03-02-02-01-02,2,happy,8,768
241,03-01-03-02-02-01-02,2,happy,12,768
242,03-01-03-02-02-01-03,3,happy,1,768
242,03-01-03-02-02-01-03,3,happy,4,768
242,03-01-03-02-02-01-03,3,happy,8,768
242,03-01-03-02-02-01-03,3,happy,12,768
243,03-01-03-02-02-01-04,4,happy,1,768
243,03-01-03-02-02-01-04,4,happy,4,768
243,03-01-03-02-02-01-04,4,happy,8,768
243,03-01-03-02-02-01-04,4,happy,12,768
244,03-01-03-02-02-01-05,5,happy,1,768
244,03-01-03-02-02-01-05,5,happy,4,768
244,03-01-03-02-02-01-05,5,happy,8,768
244,03-01-03-02-02-01-05,5,happy,12,768
245,03-01-03-02-02-01-06,6,happy,1,768
245,03-01-03-02-02-01-06,6,happy,4,768
245,03-01-03-02-02-01-06,6,happy,8,768
245,03-01-03-02-02-01-06,6,happy,12,768
246,03-01-03-02-02-01-07,7,happy,1,768
246,03-01-03-02-02-01-07,7,happy,4,768
246,03-01-03-02-02-01-07,7,happy,8,768
246,03-01-03-02-02-01-07,7,happy,12,768
247,03-01-03-02-02-01-08,8,happy,1,768
247,03-01-03-02-02-01-08,8,happy,4,768
247,03-01-03-02-02-01-08,8,happy,8,768
247,03-01-03-02-02-01-08,8,happy,12,768
248,03-01-03-02-02-01-09,9,happy,1,768
248,03-01-03-02-02-01-09,9,happy,4,768
248,03-01-03-02-02-01-09,9,happy,8,768
248,03-01-03-02-02-01-09,9,happy,12,768
249,03-01-03-02-02-01-10,10,happy,1,768
249,03-01-03-02-02-01-10,10,happy,4,768
249,03-01-03-02-02-01-10,10,happy,8,768
249,03-01-03-02-02-01-10,10,happy,12,768
250,03-01-03-02-02-01-11,11,happy,1,768
250,03-01-03-02-02-01-11,11,happy,4,768
250,03-01-03-02-02-01-11,11,happy,8,768
250,03-01-03-02-02-01-11,11,happy,12,768
251,03-01-03-02-02-01-12,12,happy,1,768
251,03-01-03-02-02-01-12,12,happy,4,768
251,03-01-03-02-02-01-12,12,happy,8,768
251,03-01-03-02-02-01-12,12,happy,12,768
252,03-01-03-02-02-01-13,13,happy,1,768
252,03-01-03-02-02-01-13,13,happy,4,768
252,03-01-03-02-02-01-13,13,happy,8,768
252,03-01-03-02-02-01-13,13,happy,12,768
253,03-01-03-02-02-01-14,14,happy,1,768
253,03-01-03-02-02-01-14,14,happy,4,768
253,03-01-03-02-02-01-14,14,happy,8,768
253,03-01-03-02-02-01-14,14,happy,12,768
254,03-01-03-02-02-01-15,15,happy,1,768
254,03-01-03-02-02-01-15,15,happy,4,768
254,03-01-03-02-02-01-15,15,happy,8,768
254,03-01-03-02-02-01-15,15,happy,12,768
255,03-01-03-02-02-01-16,16,happy,1,768
255,03-01-03-02-02-01-16,16,happy,4,768
255,03-01-03-02-02-01-16,16,happy,8,768
255,03-01-03-02-02-01-16,16,happy,12,768
256,03-01-03-02-02-01-17,17,happy,1,768
256,03-01-03-02-02-01-17,17,happy,4,768
256,03-01-03-02-02-01-17,17,happy,8,768
256,03-01-03-02-02-01-17,17,happy,12,768
257,03-01-03-02-02-01-18,18,happy,1,768
257,03-01-03-02-02-01-18,18,happy,4,768
257,03-01-03-02-02-01-18,18,happy,8,768
257,03-01-03-02-02-01-18,18,happy,12,768
258,03-01-03-02-02-01-19,19,happy,1,768
258,03-01-03-02-02-01-19,19,happy,4,768
258,03-01-03-02-02-01-19,19,happy,8,768
258,03-01-03-02-02-01-19,19,happy,12,768
259,03-01-03-02-02-01-20,20,happy,1,768
259,03-01-03-02-02-01-20,20,happy,4,768
259,03-01-03-02-02-01-20,20,happy,8,768
259,03-01-03-02-02-01-20,20,happy,12,768
260,03-01-03-02-02-01-21,21,happy,1,768
260,03-01-03-02-02-01-21,21,happy,4,768
260,03-01-03-02-02-01-21,21,happy,8,768
260,03-01-03-02-02-01-21,21,happy,12,768
261,03-01-03-02-02-01-22,22,happy,1,768
261,03-01-03-02-02-01-22,22,happy,4,768
261,03-01-03-02-02-01-22,22,happy,8,768
261,03-01-03-02-02-01-22,22,happy,12,768
262,03-01-03-02-02-01-23,23,happy,1,768
262,03-01-03-02-02-01-23,23,happy,4,768
262,03-01-03-02-02-01-23,23,happy,8,768
262,03-01-03-02-02-01-23,23,happy,12,768
263,03-01-03-02-02-01-24,24,happy,1,768
263,03-01-03-02-02-01-24,24,happy,4,768
263,03-01-03-02-02-01-24,24,happy,8,768
263,03-01-03-02-02-01-24,24,happy,12,768
264,03-01-03-02-02-02-01,1,happy,1,768
264,03-01-03-02-02-02-01,1,happy,4,768
264,03-01-03-02-02-02-01,1,happy,8,768
264,03-01-03-02-02-02-01,1,happy,12,768
265,03-01-03-02-02-02-02,2,happy,1,768
265,03-01-03-02-02-02-02,2,happy,4,768
265,03-01-03-02-02-02-02,2,happy,8,768
265,03-01-03-02-02-02-02,2,happy,12,768
266,03-01-03-02-02-02-03,3,happy,1,768
266,03-01-03-02-02-02-03,3,happy,4,768
266,03-01-03-02-02-02-03,3,happy,8,768
266,03-01-03-02-02-02-03,3,happy,12,768
267,03-01-03-02-02-02-04,4,happy,1,768
267,03-01-03-02-02-02-04,4,happy,4,768
267,03-01-03-02-02-02-04,4,happy,8,768
267,03-01-03-02-02-02-04,4,happy,12,768
268,03-01-03-02-02-02-05,5,happy,1,768
268,03-01-03-02-02-02-05,5,happy,4,768
268,03-01-03-02-02-02-05,5,happy,8,768
268,03-01-03-02-02-02-05,5,happy,12,768
269,03-01-03-02-02-02-06,6,happy,1,768
269,03-01-03-02-02-02-06,6,happy,4,768
269,03-01-03-02-02-02-06,6,happy,8,768
269,03-01-03-02-02-02-06,6,happy,12,768
270,03-01-03-02-02-02-07,7,happy,1,768
270,03-01-03-02-02-02-07,7,happy,4,768
270,03-01-03-02-02-02-07,7,happy,8,768
270,03-01-03-02-02-02-07,7,happy,12,768
271,03-01-03-02-02-02-08,8,happy,1,768
271,03-01-03-02-02-02-08,8,happy,4,768
271,03-01-03-02-02-02-08,8,happy,8,768
271,03-01-03-02-02-02-08,8,happy,12,768
272,03-01-03-02-02-02-09,9,happy,1,768
272,03-01-03-02-02-02-09,9,happy,4,768
272,03-01-03-02-02-02-09,9,happy,8,768
272,03-01-03-02-02-02-09,9,happy,12,768
273,03-01-03-02-02-02-10,10,happy,1,768
273,03-01-03-02-02-02-10,10,happy,4,768
273,03-01-03-02-02-02-10,10,happy,8,768
273,03-01-03-02-02-02-10,10,happy,12,768
274,03-01-03-02-02-02-11,11,happy,1,768
274,03-01-03-02-02-02-11,11,happy,4,768
274,03-01-03-02-02-02-11,11,happy,8,768
274,03-01-03-02-02-02-11,11,happy,12,768
275,03-01-03-02-02-02-12,12,happy,1,768
275,03-01-03-02-02-02-12,12,happy,4,768
275,03-01-03-02-02-02-12,12,happy,8,768
275,03-01-03-02-02-02-12,12,happy,12,768
276,03-01-03-02-02-02-13,13,happy,1,768
276,03-01-03-02-02-02-13,13,happy,4,768
276,03-01-03-02-02-02-13,13,happy,8,768
276,03-01-03-02-02-02-13,13,happy,12,768
277,03-01-03-02-02-02-14,14,happy,1,768
277,03-01-03-02-02-02-14,14,happy,4,768
277,03-01-03-02-02-02-14,14,happy,8,768
277,03-01-03-02-02-02-14,14,happy,12,768
278,03-01-03-02-02-02-15,15,happy,1,768
278,03-01-03-02-02-02-15,15,happy,4,768
278,03-01-03-02-02-02-15,15,happy,8,768
278,03-01-03-02-02-02-15,15,happy,12,768
279,03-01-03-02-02-02-16,16,happy,1,768
279,03-01-03-02-02-02-16,16,happy,4,768
279,03-01-03-02-02-02-16,16,happy,8,768
279,03-01-03-02-02-02-16,16,happy,12,768
280,03-01-03-02-02-02-17,17,happy,1,768
280,03-01-03-02-02-02-17,17,happy,4,768
280,03-01-03-02-02-02-17,17,happy,8,768
280,03-01-03-02-02-02-17,17,happy,12,768
281,03-01-03-02-02-02-18,18,happy,1,768
281,03-01-03-02-02-02-18,18,happy,4,768
281,03-01-03-02-02-02-18,18,happy,8,768
281,03-01-03-02-02-02-18,18,happy,12,768
282,03-01-03-02-02-02-19,19,happy,1,768
282,03-01-03-02-02-02-19,19,happy,4,768
282,03-01-03-02-02-02-19,19,happy,8,768
282,03-01-03-02-02-02-19,19,happy,12,768
283,03-01-03-02-02-02-20,20,happy,1,768
283,03-01-03-02-02-02-20,20,happy,4,768
283,03-01-03-02-02-02-20,20,happy,8,768
283,03-01-03-02-02-02-20,20,happy,12,768
284,03-01-03-02-02-02-21,21,happy,1,768
284,03-01-03-02-02-02-21,21,happy,4,768
284,03-01-03-02-02-02-21,21,happy,8,768
284,03-01-03-02-02-02-21,21,happy,12,768
285,03-01-03-02-02-02-22,22,happy,1,768
285,03-01-03-02-02-02-22,22,happy,4,768
285,03-01-03-02-02-02-22,22,happy,8,768
285,03-01-03-02-02-02-22,22,happy,12,768
286,03-01-03-02-02-02-23,23,happy,1,768
286,03-01-03-02-02-02-23,23,happy,4,768
286,03-01-03-02-02-02-23,23,happy,8,768
286,03-01-03-02-02-02-23,23,happy,12,768
287,03-01-03-02-02-02-24,24,happy,1,768
287,03-01-03-02-02-02-24,24,happy,4,768
287,03-01-03-02-02-02-24,24,happy,8,768
287,03-01-03-02-02-02-24,24,happy,12,768
288,03-01-04-01-01-01-01,1,sad,1,768
288,03-01-04-01-01-01-01,1,sad,4,768
288,03-01-04-01-01-01-01,1,sad,8,768
288,03-01-04-01-01-01-01,1,sad,12,768
289,03-01-04-01-01-01-02,2,sad,1,768
289,03-01-04-01-01-01-02,2,sad,4,768
289,03-01-04-01-01-01-02,2,sad,8,768
289,03-01-04-01-01-01-02,2,sad,12,768
290,03-01-04-01-01-01-03,3,sad,1,768
290,03-01-04-01-01-01-03,3,sad,4,768
290,03-01-04-01-01-01-03,3,sad,8,768
290,03-01-04-01-01-01-03,3,sad,12,768
291,03-01-04-01-01-01-04,4,sad,1,768
291,03-01-04-01-01-01-04,4,sad,4,768
291,03-01-04-01-01-01-04,4,sad,8,768
291,03-01-04-01-01-01-04,4,sad,12,768
292,03-01-04-01-01-01-05,5,sad,1,768
292,03-01-04-01-01-01-05,5,sad,4,768
292,03-01-04-01-01-01-05,5,sad,8,768
292,03-01-04-01-01-01-05,5,sad,12,768
293,03-01-04-01-01-01-06,6,sad,1,768
293,03-01-04-01-01-01-06,6,sad,4,768
293,03-01-04-01-01-01-06,6,sad,8,768
293,03-01-04-01-01-01-06,6,sad,12,768
294,03-01-04-01-01-01-07,7,sad,1,768
294,03-01-04-01-01-01-07,7,sad,4,768
294,03-01-04-01-01-01-07,7,sad,8,768
294,03-01-04-01-01-01-07,7,sad,12,768
295,03-01-04-01-01-01-08,8,sad,1,768
295,03-01-04-01-01-01-08,8,sad,4,768
295,03-01-04-01-01-01-08,8,sad,8,768
295,03-01-04-01-01-01-08,8,sad,12,768
296,03-01-04-01-01-01-09,9,sad,1,768
296,03-01-04-01-01-01-09,9,sad,4,768
296,03-01-04-01-01-01-09,9,sad,8,768
296,03-01-04-01-01-01-09,9,sad,12,768
297,03-01-04-01-01-01-10,10,sad,1,768
297,03-01-04-01-01-01-10,10,sad,4,768
297,03-01-04-01-01-01-10,10,sad,8,768
297,03-01-04-01-01-01-10,10,sad,12,768
298,03-01-04-01-01-01-11,11,sad,1,768
298,03-01-04-01-01-01-11,11,sad,4,768
298,03-01-04-01-01-01-11,11,sad,8,768
298,03-01-04-01-01-01-11,11,sad,12,768
299,03-01-04-01-01-01-12,12,sad,1,768
299,03-01-04-01-01-01-12,12,sad,4,768
299,03-01-04-01-01-01-12,12,sad,8,768
299,03-01-04-01-01-01-12,12,sad,12,768
300,03-01-04-01-01-01-13,13,sad,1,768
300,03-01-04-01-01-01-13,13,sad,4,768
300,03-01-04-01-01-01-13,13,sad,8,768
300,03-01-04-01-01-01-13,13,sad,12,768
301,03-01-04-01-01-01-14,14,sad,1,768
301,03-01-04-01-01-01-14,14,sad,4,768
301,03-01-04-01-01-01-14,14,sad,8,768
301,03-01-04-01-01-01-14,14,sad,12,768
302,03-01-04-01-01-01-15,15,sad,1,768
302,03-01-04-01-01-01-15,15,sad,4,768
302,03-01-04-01-01-01-15,15,sad,8,768
302,03-01-04-01-01-01-15,15,sad,12,768
303,03-01-04-01-01-01-16,16,sad,1,768
303,03-01-04-01-01-01-16,16,sad,4,768
303,03-01-04-01-01-01-16,16,sad,8,768
303,03-01-04-01-01-01-16,16,sad,12,768
304,03-01-04-01-01-01-17,17,sad,1,768
304,03-01-04-01-01-01-17,17,sad,4,768
304,03-01-04-01-01-01-17,17,sad,8,768
304,03-01-04-01-01-01-17,17,sad,12,768
305,03-01-04-01-01-01-18,18,sad,1,768
305,03-01-04-01-01-01-18,18,sad,4,768
305,03-01-04-01-01-01-18,18,sad,8,768
305,03-01-04-01-01-01-18,18,sad,12,768
306,03-01-04-01-01-01-19,19,sad,1,768
306,03-01-04-01-01-01-19,19,sad,4,768
306,03-01-04-01-01-01-19,19,sad,8,768
306,03-01-04-01-01-01-19,19,sad,12,768
307,03-01-04-01-01-01-20,20,sad,1,768
307,03-01-04-01-01-01-20,20,sad,4,768
307,03-01-04-01-01-01-20,20,sad,8,768
307,03-01-04-01-01-01-20,20,sad,12,768
308,03-01-04-01-01-01-21,21,sad,1,768
308,03-01-04-01-01-01-21,21,sad,4,768
308,03-01-04-01-01-01-21,21,sad,8,768
308,03-01-04-01-01-01-21,21,sad,12,768
309,03-01-04-01-01-01-22,22,sad,1,768
309,03-01-04-01-01-01-22,22,sad,4,768
309,03-01-04-01-01-01-22,22,sad,8,768
309,03-01-04-01-01-01-22,22,sad,12,768
310,03-01-04-01-01-01-23,23,sad,1,768
310,03-01-04-01-01-01-23,23,sad,4,768
310,03-01-04-01-01-01-23,23,sad,8,768
310,03-01-04-01-01-01-23,23,sad,12,768
311,03-01-04-01-01-01-24,24,sad,1,768
311,03-01-04-01-01-01-24,24,sad,4,768
311,03-01-04-01-01-01-24,24,sad,8,768
311,03-01-04-01-01-01-24,24,sad,12,768
312,03-01-04-01-01-02-01,1,sad,1,768
312,03-01-04-01-01-02-01,1,sad,4,768
312,03-01-04-01-01-02-01,1,sad,8,768
312,03-01-04-01-01-02-01,1,sad,12,768
313,03-01-04-01-01-02-02,2,sad,1,768
313,03-01-04-01-01-02-02,2,sad,4,768
313,03-01-04-01-01-02-02,2,sad,8,768
313,03-01-04-01-01-02-02,2,sad,12,768
314,03-01-04-01-01-02-03,3,sad,1,768
314,03-01-04-01-01-02-03,3,sad,4,768
314,03-01-04-01-01-02-03,3,sad,8,768
314,03-01-04-01-01-02-03,3,sad,12,768
315,03-01-04-01-01-02-04,4,sad,1,768
315,03-01-04-01-01-02-04,4,sad,4,768
315,03-01-04-01-01-02-04,4,sad,8,768
315,03-01-04-01-01-02-04,4,sad,12,768
316,03-01-04-01-01-02-05,5,sad,1,768
316,03-01-04-01-01-02-05,5,sad,4,768
316,03-01-04-01-01-02-05,5,sad,8,768
316,03-01-04-01-01-02-05,5,sad,12,768
317,03-01-04-01-01-02-06,6,sad,1,768
317,03-01-04-01-01-02-06,6,sad,4,768
317,03-01-04-01-01-02-06,6,sad,8,768
317,03-01-04-01-01-02-06,6,sad,12,768
318,03-01-04-01-01-02-07,7,sad,1,768
318,03-01-04-01-01-02-07,7,sad,4,768
318,03-01-04-01-01-02-07,7,sad,8,768
318,03-01-04-01-01-02-07,7,sad,12,768
319,03-01-04-01-01-02-08,8,sad,1,768
319,03-01-04-01-01-02-08,8,sad,4,768
319,03-01-04-01-01-02-08,8,sad,8,768
319,03-01-04-01-01-02-08,8,sad,12,768
320,03-01-04-01-01-02-09,9,sad,1,768
320,03-01-04-01-01-02-09,9,sad,4,768
320,03-01-04-01-01-02-09,9,sad,8,768
320,03-01-04-01-01-02-09,9,sad,12,768
321,03-01-04-01-01-02-10,10,sad,1,768
321,03-01-04-01-01-02-10,10,sad,4,768
321,03-01-04-01-01-02-10,10,sad,8,768
321,03-01-04-01-01-02-10,10,sad,12,768
322,03-01-04-01-01-02-11,11,sad,1,768
322,03-01-04-01-01-02-11,11,sad,4,768
322,03-01-04-01-01-02-11,11,sad,8,768
322,03-01-04-01-01-02-11,11,sad,12,768
323,03-01-04-01-01-02-12,12,sad,1,768
323,03-01-04-01-01-02-12,12,sad,4,768
323,03-01-04-01-01-02-12,12,sad,8,768
323,03-01-04-01-01-02-12,12,sad,12,768
324,03-01-04-01-01-02-13,13,sad,1,768
324,03-01-04-01-01-02-13,13,sad,4,768
324,03-01-04-01-01-02-13,13,sad,8,768
324,03-01-04-01-01-02-13,13,sad,12,768
325,03-01-04-01-01-02-14,14,sad,1,768
325,03-01-04-01-01-02-14,14,sad,4,768
325,03-01-04-01-01-02-14,14,sad,8,768
325,03-01-04-01-01-02-14,14,sad,12,768
326,03-01-04-01-01-02-15,15,sad,1,768
326,03-01-04-01-01-02-15,15,sad,4,768
326,03-01-04-01-01-02-15,15,sad,8,768
326,03-01-04-01-01-02-15,15,sad,12,768
327,03-01-04-01-01-02-16,16,sad,1,768
327,03-01-04-01-01-02-16,16,sad,4,768
327,03-01-04-01-01-02-16,16,sad,8,768
327,03-01-04-01-01-02-16,16,sad,12,768
328,03-01-04-01-01-02-17,17,sad,1,768
328,03-01-04-01-01-02-17,17,sad,4,768
328,03-01-04-01-01-02-17,17,sad,8,768
328,03-01-04-01-01-02-17,17,sad,12,768
329,03-01-04-01-01-02-18,18,sad,1,768
329,03-01-04-01-01-02-18,18,sad,4,768
329,03-01-04-01-01-02-18,18,sad,8,768
329,03-01-04-01-01-02-18,18,sad,12,768
330,03-01-04-01-01-02-19,19,sad,1,768
330,03-01-04-01-01-02-19,19,sad,4,768
330,03-01-04-01-01-02-19,19,sad,8,768
330,03-01-04-01-01-02-19,19,sad,12,768
331,03-01-04-01-01-02-20,20,sad,1,768
331,03-01-04-01-01-02-20,20,sad,4,768
331,03-01-04-01-01-02-20,20,sad,8,768
331,03-01-04-01-01-02-20,20,sad,12,768
332,03-01-04-01-01-02-21,21,sad,1,768
332,03-01-04-01-01-02-21,21,sad,4,768
332,03-01-04-01-01-02-21,21,sad,8,768
332,03-01-04-01-01-02-21,21,sad,12,768
333,03-01-04-01-01-02-22,22,sad,1,768
333,03-01-04-01-01-02-22,22,sad,4,768
333,03-01-04-01-01-02-22,22,sad,8,768
333,03-01-04-01-01-02-22,22,sad,12,768
334,03-01-04-01-01-02-23,23,sad,1,768
334,03-01-04-01-01-02-23,23,sad,4,768
334,03-01-04-01-01-02-23,23,sad,8,768
334,03-01-04-01-01-02-23,23,sad,12,768
335,03-01-04-01-01-02-24,24,sad,1,768
335,03-01-04-01-01-02-24,24,sad,4,768
335,03-01-04-01-01-02-24,24,sad,8,768
335,03-01-04-01-01-02-24,24,sad,12,768
336,03-01-04-01-02-01-01,1,sad,1,768
336,03-01-04-01-02-01-01,1,sad,4,768
336,03-01-04-01-02-01-01,1,sad,8,768
336,03-01-04-01-02-01-01,1,sad,12,768
337,03-01-04-01-02-01-02,2,sad,1,768
337,03-01-04-01-02-01-02,2,sad,4,768
337,03-01-04-01-02-01-02,2,sad,8,768
337,03-01-04-01-02-01-02,2,sad,12,768
338,03-01-04-01-02-01-03,3,sad,1,768
338,03-01-04-01-02-01-03,3,sad,4,768
338,03-01-04-01-02-01-03,3,sad,8,768
338,03-01-04-01-02-01-03,3,sad,12,768
339,03-01-04-01-02-01-04,4,sad,1,768
339,03-01-04-01-02-01-04,4,sad,4,768
339,03-01-04-01-02-01-04,4,sad,8,768
339,03-01-04-01-02-01-04,4,sad,12,768
340,03-01-04-01-02-01-05,5,sad,1,768
340,03-01-04-01-02-01-05,5,sad,4,768
340,03-01-04-01-02-01-05,5,sad,8,768
340,03-01-04-01-02-01-05,5,sad,12,768
341,03-01-04-01-02-01-06,6,sad,1,768
341,03-01-04-01-02-01-06,6,sad,4,768
341,03-01-04-01-02-01-06,6,sad,8,768
341,03-01-04-01-02-01-06,6,sad,12,768
342,03-01-04-01-02-01-07,7,sad,1,768
342,03-01-04-01-02-01-07,7,sad,4,768
342,03-01-04-01-02-01-07,7,sad,8,768
342,03-01-04-01-02-01-07,7,sad,12,768
343,03-01-04-01-02-01-08,8,sad,1,768
343,03-01-04-01-02-01-08,8,sad,4,768
343,03-01-04-01-02-01-08,8,sad,8,768
343,03-01-04-01-02-01-08,8,sad,12,768
344,03-01-04-01-02-01-09,9,sad,1,768
344,03-01-04-01-02-01-09,9,sad,4,768
344,03-01-04-01-02-01-09,9,sad,8,768
344,03-01-04-01-02-01-09,9,sad,12,768
345,03-01-04-01-02-01-10,10,sad,1,768
345,03-01-04-01-02-01-10,10,sad,4,768
345,03-01-04-01-02-01-10,10,sad,8,768
345,03-01-04-01-02-01-10,10,sad,12,768
346,03-01-04-01-02-01-11,11,sad,1,768
346,03-01-04-01-02-01-11,11,sad,4,768
346,03-01-04-01-02-01-11,11,sad,8,768
346,03-01-04-01-02-01-11,11,sad,12,768
347,03-01-04-01-02-01-12,12,sad,1,768
347,03-01-04-01-02-01-12,12,sad,4,768
347,03-01-04-01-02-01-12,12,sad,8,768
347,03-01-04-01-02-01-12,12,sad,12,768
348,03-01-04-01-02-01-13,13,sad,1,768
348,03-01-04-01-02-01-13,13,sad,4,768
348,03-01-04-01-02-01-13,13,sad,8,768
348,03-01-04-01-02-01-13,13,sad,12,768
349,03-01-04-01-02-01-14,14,sad,1,768
349,03-01-04-01-02-01-14,14,sad,4,768
349,03-01-04-01-02-01-14,14,sad,8,768
349,03-01-04-01-02-01-14,14,sad,12,768
350,03-01-04-01-02-01-15,15,sad,1,768
350,03-01-04-01-02-01-15,15,sad,4,768
350,03-01-04-01-02-01-15,15,sad,8,768
350,03-01-04-01-02-01-15,15,sad,12,768
351,03-01-04-01-02-01-16,16,sad,1,768
351,03-01-04-01-02-01-16,16,sad,4,768
351,03-01-04-01-02-01-16,16,sad,8,768
351,03-01-04-01-02-01-16,16,sad,12,768
352,03-01-04-01-02-01-17,17,sad,1,768
352,03-01-04-01-02-01-17,17,sad,4,768
352,03-01-04-01-02-01-17,17,sad,8,768
352,03-01-04-01-02-01-17,17,sad,12,768
353,03-01-04-01-02-01-18,18,sad,1,768
353,03-01-04-01-02-01-18,18,sad,4,768
353,03-01-04-01-02-01-18,18,sad,8,768
353,03-01-04-01-02-01-18,18,sad,12,768
354,03-01-04-01-02-01-19,19,sad,1,768
354,03-01-04-01-02-01-19,19,sad,4,768
354,03-01-04-01-02-01-19,19,sad,8,768
354,03-01-04-01-02-01-19,19,sad,12,768
355,03-01-04-01-02-01-20,20,sad,1,768
355,03-01-04-01-02-01-20,20,sad,4,768
355,03-01-04-01-02-01-20,20,sad,8,768
355,03-01-04-01-02-01-20,20,sad,12,768
356,03-01-04-01-02-01-21,21,sad,1,768
356,03-01-04-01-02-01-21,21,sad,4,768
356,03-01-04-01-02-01-21,21,sad,8,768
356,03-01-04-01-02-01-21,21,sad,12,768
357,03-01-04-01-02-01-22,22,sad,1,768
357,03-01-04-01-02-01-22,22,sad,4,768
357,03-01-04-01-02-01-22,22,sad,8,768
357,03-01-04-01-02-01-22,22,sad,12,768
358,03-01-04-01-02-01-23,23,sad,1,768
358,03-01-04-01-02-01-23,23,sad,4,768
358,03-01-04-01-02-01-23,23,sad,8,768
358,03-01-04-01-02-01-23,23,sad,12,768
359,03-01-04-01-02-01-24,24,sad,1,768
359,03-01-04-01-02-01-24,24,sad,4,768
359,03-01-04-01-02-01-24,24,sad,8,768
359,03-01-04-01-02-01-24,24,sad,12,768
360,03-01-04-01-02-02-01,1,sad,1,768
360,03-01-04-01-02-02-01,1,sad,4,768
360,03-01-04-01-02-02-01,1,sad,8,768
360,03-01-04-01-02-02-01,1,sad,12,768
361,03-01-04-01-02-02-02,2,sad,1,768
361,03-01-04-01-02-02-02,2,sad,4,768
361,03-01-04-01-02-02-02,2,sad,8,768
361,03-01-04-01-02-02-02,2,sad,12,768
362,03-01-04-01-02-02-03,3,sad,1,768
362,03-01-04-01-02-02-03,3,sad,4,768
362,03-01-04-01-02-02-03,3,sad,8,768
362,03-01-04-01-02-02-03,3,sad,12,768
363,03-01-04-01-02-02-04,4,sad,1,768
363,03-01-04-01-02-02-04,4,sad,4,768
363,03-01-04-01-02-02-04,4,sad,8,768
363,03-01-04-01-02-02-04,4,sad,12,768
364,03-01-04-01-02-02-05,5,sad,1,768
364,03-01-04-01-02-02-05,5,sad,4,768
364,03-01-04-01-02-02-05,5,sad,8,768
364,03-01-04-01-02-02-05,5,sad,12,768
365,03-01-04-01-02-02-06,6,sad,1,768
365,03-01-04-01-02-02-06,6,sad,4,768
365,03-01-04-01-02-02-06,6,sad,8,768
365,03-01-04-01-02-02-06,6,sad,12,768
366,03-01-04-01-02-02-07,7,sad,1,768
366,03-01-04-01-02-02-07,7,sad,4,768
366,03-01-04-01-02-02-07,7,sad,8,768
366,03-01-04-01-02-02-07,7,sad,12,768
367,03-01-04-01-02-02-08,8,sad,1,768
367,03-01-04-01-02-02-08,8,sad,4,768
367,03-01-04-01-02-02-08,8,sad,8,768
367,03-01-04-01-02-02-08,8,sad,12,768
368,03-01-04-01-02-02-09,9,sad,1,768
368,03-01-04-01-02-02-09,9,sad,4,768
368,03-01-04-01-02-02-09,9,sad,8,768
368,03-01-04-01-02-02-09,9,sad,12,768
369,03-01-04-01-02-02-10,10,sad,1,768
369,03-01-04-01-02-02-10,10,sad,4,768
369,03-01-04-01-02-02-10,10,sad,8,768
369,03-01-04-01-02-02-10,10,sad,12,768
370,03-01-04-01-02-02-11,11,sad,1,768
370,03-01-04-01-02-02-11,11,sad,4,768
370,03-01-04-01-02-02-11,11,sad,8,768
370,03-01-04-01-02-02-11,11,sad,12,768
371,03-01-04-01-02-02-12,12,sad,1,768
371,03-01-04-01-02-02-12,12,sad,4,768
371,03-01-04-01-02-02-12,12,sad,8,768
371,03-01-04-01-02-02-12,12,sad,12,768
372,03-01-04-01-02-02-13,13,sad,1,768
372,03-01-04-01-02-02-13,13,sad,4,768
372,03-01-04-01-02-02-13,13,sad,8,768
372,03-01-04-01-02-02-13,13,sad,12,768
373,03-01-04-01-02-02-14,14,sad,1,768
373,03-01-04-01-02-02-14,14,sad,4,768
373,03-01-04-01-02-02-14,14,sad,8,768
373,03-01-04-01-02-02-14,14,sad,12,768
374,03-01-04-01-02-02-15,15,sad,1,768
374,03-01-04-01-02-02-15,15,sad,4,768
374,03-01-04-01-02-02-15,15,sad,8,768
374,03-01-04-01-02-02-15,15,sad,12,768
375,03-01-04-01-02-02-16,16,sad,1,768
375,03-01-04-01-02-02-16,16,sad,4,768
375,03-01-04-01-02-02-16,16,sad,8,768
375,03-01-04-01-02-02-16,16,sad,12,768
376,03-01-04-01-02-02-17,17,sad,1,768
376,03-01-04-01-02-02-17,17,sad,4,768
376,03-01-04-01-02-02-17,17,sad,8,768
376,03-01-04-01-02-02-17,17,sad,12,768
377,03-01-04-01-02-02-18,18,sad,1,768
377,03-01-04-01-02-02-18,18,sad,4,768
377,03-01-04-01-02-02-18,18,sad,8,768
377,03-01-04-01-02-02-18,18,sad,12,768
378,03-01-04-01-02-02-19,19,sad,1,768
378,03-01-04-01-02-02-19,19,sad,4,768
378,03-01-04-01-02-02-19,19,sad,8,768
378,03-01-04-01-02-02-19,19,sad,12,768
379,03-01-04-01-02-02-20,20,sad,1,768
379,03-01-04-01-02-02-20,20,sad,4,768
379,03-01-04-01-02-02-20,20,sad,8,768
379,03-01-04-01-02-02-20,20,sad,12,768
380,03-01-04-01-02-02-21,21,sad,1,768
380,03-01-04-01-02-02-21,21,sad,4,768
380,03-01-04-01-02-02-21,21,sad,8,768
380,03-01-04-01-02-02-21,21,sad,12,768
381,03-01-04-01-02-02-22,22,sad,1,768
381,03-01-04-01-02-02-22,22,sad,4,768
381,03-01-04-01-02-02-22,22,sad,8,768
381,03-01-04-01-02-02-22,22,sad,12,768
382,03-01-04-01-02-02-23,23,sad,1,768
382,03-01-04-01-02-02-23,23,sad,4,768
382,03-01-04-01-02-02-23,23,sad,8,768
382,03-01-04-01-02-02-23,23,sad,12,768
383,03-01-04-01-02-02-24,24,sad,1,768
383,03-01-04-01-02-02-24,24,sad,4,768
383,03-01-04-01-02-02-24,24,sad,8,768
383,03-01-04-01-02-02-24,24,sad,12,768
384,03-01-04-02-01-01-01,1,sad,1,768
384,03-01-04-02-01-01-01,1,sad,4,768
384,03-01-04-02-01-01-01,1,sad,8,768
384,03-01-04-02-01-01-01,1,sad,12,768
385,03-01-04-02-01-01-02,2,sad,1,768
385,03-01-04-02-01-01-02,2,sad,4,768
385,03-01-04-02-01-01-02,2,sad,8,768
385,03-01-04-02-01-01-02,2,sad,12,768
386,03-01-04-02-01-01-03,3,sad,1,768
386,03-01-04-02-01-01-03,3,sad,4,768
386,03-01-04-02-01-01-03,3,sad,8,768
386,03-01-04-02-01-01-03,3,sad,12,768
387,03-01-04-02-01-01-04,4,sad,1,768
387,03-01-04-02-01-01-04,4,sad,4,768
387,03-01-04-02-01-01-04,4,sad,8,768
387,03-01-04-02-01-01-04,4,sad,12,768
388,03-01-04-02-01-01-05,5,sad,1,768
388,03-01-04-02-01-01-05,5,sad,4,768
388,03-01-04-02-01-01-05,5,sad,8,768
388,03-01-04-02-01-01-05,5,sad,12,768
389,03-01-04-02-01-01-06,6,sad,1,768
389,03-01-04-02-01-01-06,6,sad,4,768
389,03-01-04-02-01-01-06,6,sad,8,768
389,03-01-04-02-01-01-06,6,sad,12,768
390,03-01-04-02-01-01-07,7,sad,1,768
390,03-01-04-02-01-01-07,7,sad,4,768
390,03-01-04-02-01-01-07,7,sad,8,768
390,03-01-04-02-01-01-07,7,sad,12,768
391,03-01-04-02-01-01-08,8,sad,1,768
391,03-01-04-02-01-01-08,8,sad,4,768
391,03-01-04-02-01-01-08,8,sad,8,768
391,03-01-04-02-01-01-08,8,sad,12,768
392,03-01-04-02-01-01-09,9,sad,1,768
392,03-01-04-02-01-01-09,9,sad,4,768
392,03-01-04-02-01-01-09,9,sad,8,768
392,03-01-04-02-01-01-09,9,sad,12,768
393,03-01-04-02-01-01-10,10,sad,1,768
393,03-01-04-02-01-01-10,10,sad,4,768
393,03-01-04-02-01-01-10,10,sad,8,768
393,03-01-04-02-01-01-10,10,sad,12,768
394,03-01-04-02-01-01-11,11,sad,1,768
394,03-01-04-02-01-01-11,11,sad,4,768
394,03-01-04-02-01-01-11,11,sad,8,768
394,03-01-04-02-01-01-11,11,sad,12,768
395,03-01-04-02-01-01-12,12,sad,1,768
395,03-01-04-02-01-01-12,12,sad,4,768
395,03-01-04-02-01-01-12,12,sad,8,768
395,03-01-04-02-01-01-12,12,sad,12,768
396,03-01-04-02-01-01-13,13,sad,1,768
396,03-01-04-02-01-01-13,13,sad,4,768
396,03-01-04-02-01-01-13,13,sad,8,768
396,03-01-04-02-01-01-13,13,sad,12,768
397,03-01-04-02-01-01-14,14,sad,1,768
397,03-01-04-02-01-01-14,14,sad,4,768
397,03-01-04-02-01-01-14,14,sad,8,768
397,03-01-04-02-01-01-14,14,sad,12,768
398,03-01-04-02-01-01-15,15,sad,1,768
398,03-01-04-02-01-01-15,15,sad,4,768
398,03-01-04-02-01-01-15,15,sad,8,768
398,03-01-04-02-01-01-15,15,sad,12,768
399,03-01-04-02-01-01-16,16,sad,1,768
399,03-01-04-02-01-01-16,16,sad,4,768
399,03-01-04-02-01-01-16,16,sad,8,768
399,03-01-04-02-01-01-16,16,sad,12,768
400,03-01-04-02-01-01-17,17,sad,1,768
400,03-01-04-02-01-01-17,17,sad,4,768
400,03-01-04-02-01-01-17,17,sad,8,768
400,03-01-04-02-01-01-17,17,sad,12,768
401,03-01-04-02-01-01-18,18,sad,1,768
401,03-01-04-02-01-01-18,18,sad,4,768
401,03-01-04-02-01-01-18,18,sad,8,768
401,03-01-04-02-01-01-18,18,sad,12,768
402,03-01-04-02-01-01-19,19,sad,1,768
402,03-01-04-02-01-01-19,19,sad,4,768
402,03-01-04-02-01-01-19,19,sad,8,768
402,03-01-04-02-01-01-19,19,sad,12,768
403,03-01-04-02-01-01-20,20,sad,1,768
403,03-01-04-02-01-01-20,20,sad,4,768
403,03-01-04-02-01-01-20,20,sad,8,768
403,03-01-04-02-01-01-20,20,sad,12,768
404,03-01-04-02-01-01-21,21,sad,1,768
404,03-01-04-02-01-01-21,21,sad,4,768
404,03-01-04-02-01-01-21,21,sad,8,768
404,03-01-04-02-01-01-21,21,sad,12,768
405,03-01-04-02-01-01-22,22,sad,1,768
405,03-01-04-02-01-01-22,22,sad,4,768
405,03-01-04-02-01-01-22,22,sad,8,768
405,03-01-04-02-01-01-22,22,sad,12,768
406,03-01-04-02-01-01-23,23,sad,1,768
406,03-01-04-02-01-01-23,23,sad,4,768
406,03-01-04-02-01-01-23,23,sad,8,768
406,03-01-04-02-01-01-23,23,sad,12,768
407,03-01-04-02-01-01-24,24,sad,1,768
407,03-01-04-02-01-01-24,24,sad,4,768
407,03-01-04-02-01-01-24,24,sad,8,768
407,03-01-04-02-01-01-24,24,sad,12,768
408,03-01-04-02-01-02-01,1,sad,1,768
408,03-01-04-02-01-02-01,1,sad,4,768
408,03-01-04-02-01-02-01,1,sad,8,768
408,03-01-04-02-01-02-01,1,sad,12,768
409,03-01-04-02-01-02-02,2,sad,1,768
409,03-01-04-02-01-02-02,2,sad,4,768
409,03-01-04-02-01-02-02,2,sad,8,768
409,03-01-04-02-01-02-02,2,sad,12,768
410,03-01-04-02-01-02-03,3,sad,1,768
410,03-01-04-02-01-02-03,3,sad,4,768
410,03-01-04-02-01-02-03,3,sad,8,768
410,03-01-04-02-01-02-03,3,sad,12,768
411,03-01-04-02-01-02-04,4,sad,1,768
411,03-01-04-02-01-02-04,4,sad,4,768
411,03-01-04-02-01-02-04,4,sad,8,768
411,03-01-04-02-01-02-04,4,sad,12,768
412,03-01-04-02-01-02-05,5,sad,1,768
412,03-01-04-02-01-02-05,5,sad,4,768
412,03-01-04-02-01-02-05,5,sad,8,768
412,03-01-04-02-01-02-05,5,sad,12,768
413,03-01-04-02-01-02-06,6,sad,1,768
413,03-01-04-02-01-02-06,6,sad,4,768
413,03-01-04-02-01-02-06,6,sad,8,768
413,03-01-04-02-01-02-06,6,sad,12,768
414,03-01-04-02-01-02-07,7,sad,1,768
414,03-01-04-02-01-02-07,7,sad,4,768
414,03-01-04-02-01-02-07,7,sad,8,768
414,03-01-04-02-01-02-07,7,sad,12,768
415,03-01-04-02-01-02-08,8,sad,1,768
415,03-01-04-02-01-02-08,8,sad,4,768
415,03-01-04-02-01-02-08,8,sad,8,768
415,03-01-04-02-01-02-08,8,sad,12,768
416,03-01-04-02-01-02-09,9,sad,1,768
416,03-01-04-02-01-02-09,9,sad,4,768
416,03-01-04-02-01-02-09,9,sad,8,768
416,03-01-04-02-01-02-09,9,sad,12,768
417,03-01-04-02-01-02-10,10,sad,1,768
417,03-01-04-02-01-02-10,10,sad,4,768
417,03-01-04-02-01-02-10,10,sad,8,768
417,03-01-04-02-01-02-10,10,sad,12,768
418,03-01-04-02-01-02-11,11,sad,1,768
418,03-01-04-02-01-02-11,11,sad,4,768
418,03-01-04-02-01-02-11,11,sad,8,768
418,03-01-04-02-01-02-11,11,sad,12,768
419,03-01-04-02-01-02-12,12,sad,1,768
419,03-01-04-02-01-02-12,12,sad,4,768
419,03-01-04-02-01-02-12,12,sad,8,768
419,03-01-04-02-01-02-12,12,sad,12,768
420,03-01-04-02-01-02-13,13,sad,1,768
420,03-01-04-02-01-02-13,13,sad,4,768
420,03-01-04-02-01-02-13,13,sad,8,768
420,03-01-04-02-01-02-13,13,sad,12,768
421,03-01-04-02-01-02-14,14,sad,1,768
421,03-01-04-02-01-02-14,14,sad,4,768
421,03-01-04-02-01-02-14,14,sad,8,768
421,03-01-04-02-01-02-14,14,sad,12,768
422,03-01-04-02-01-02-15,15,sad,1,768
422,03-01-04-02-01-02-15,15,sad,4,768
422,03-01-04-02-01-02-15,15,sad,8,768
422,03-01-04-02-01-02-15,15,sad,12,768
423,03-01-04-02-01-02-16,16,sad,1,768
423,03-01-04-02-01-02-16,16,sad,4,768
423,03-01-04-02-01-02-16,16,sad,8,768
423,03-01-04-02-01-02-16,16,sad,12,768
424,03-01-04-02-01-02-17,17,sad,1,768
424,03-01-04-02-01-02-17,17,sad,4,768
424,03-01-04-02-01-02-17,17,sad,8,768
424,03-01-04-02-01-02-17,17,sad,12,768
425,03-01-04-02-01-02-18,18,sad,1,768
425,03-01-04-02-01-02-18,18,sad,4,768
425,03-01-04-02-01-02-18,18,sad,8,768
425,03-01-04-02-01-02-18,18,sad,12,768
426,03-01-04-02-01-02-19,19,sad,1,768
426,03-01-04-02-01-02-19,19,sad,4,768
426,03-01-04-02-01-02-19,19,sad,8,768
426,03-01-04-02-01-02-19,19,sad,12,768
427,03-01-04-02-01-02-20,20,sad,1,768
427,03-01-04-02-01-02-20,20,sad,4,768
427,03-01-04-02-01-02-20,20,sad,8,768
427,03-01-04-02-01-02-20,20,sad,12,768
428,03-01-04-02-01-02-21,21,sad,1,768
428,03-01-04-02-01-02-21,21,sad,4,768
428,03-01-04-02-01-02-21,21,sad,8,768
428,03-01-04-02-01-02-21,21,sad,12,768
429,03-01-04-02-01-02-22,22,sad,1,768
429,03-01-04-02-01-02-22,22,sad,4,768
429,03-01-04-02-01-02-22,22,sad,8,768
429,03-01-04-02-01-02-22,22,sad,12,768
430,03-01-04-02-01-02-23,23,sad,1,768
430,03-01-04-02-01-02-23,23,sad,4,768
430,03-01-04-02-01-02-23,23,sad,8,768
430,03-01-04-02-01-02-23,23,sad,12,768
431,03-01-04-02-01-02-24,24,sad,1,768
431,03-01-04-02-01-02-24,24,sad,4,768
431,03-01-04-02-01-02-24,24,sad,8,768
431,03-01-04-02-01-02-24,24,sad,12,768
432,03-01-04-02-02-01-01,1,sad,1,768
432,03-01-04-02-02-01-01,1,sad,4,768
432,03-01-04-02-02-01-01,1,sad,8,768
432,03-01-04-02-02-01-01,1,sad,12,768
433,03-01-04-02-02-01-02,2,sad,1,768
433,03-01-04-02-02-01-02,2,sad,4,768
433,03-01-04-02-02-01-02,2,sad,8,768
433,03-01-04-02-02-01-02,2,sad,12,768
434,03-01-04-02-02-01-03,3,sad,1,768
434,03-01-04-02-02-01-03,3,sad,4,768
434,03-01-04-02-02-01-03,3,sad,8,768
434,03-01-04-02-02-01-03,3,sad,12,768
435,03-01-04-02-02-01-04,4,sad,1,768
435,03-01-04-02-02-01-04,4,sad,4,768
435,03-01-04-02-02-01-04,4,sad,8,768
435,03-01-04-02-02-01-04,4,sad,12,768
436,03-01-04-02-02-01-05,5,sad,1,768
436,03-01-04-02-02-01-05,5,sad,4,768
436,03-01-04-02-02-01-05,5,sad,8,768
436,03-01-04-02-02-01-05,5,sad,12,768
437,03-01-04-02-02-01-06,6,sad,1,768
437,03-01-04-02-02-01-06,6,sad,4,768
437,03-01-04-02-02-01-06,6,sad,8,768
437,03-01-04-02-02-01-06,6,sad,12,768
438,03-01-04-02-02-01-07,7,sad,1,768
438,03-01-04-02-02-01-07,7,sad,4,768
438,03-01-04-02-02-01-07,7,sad,8,768
438,03-01-04-02-02-01-07,7,sad,12,768
439,03-01-04-02-02-01-08,8,sad,1,768
439,03-01-04-02-02-01-08,8,sad,4,768
439,03-01-04-02-02-01-08,8,sad,8,768
439,03-01-04-02-02-01-08,8,sad,12,768
440,03-01-04-02-02-01-09,9,sad,1,768
440,03-01-04-02-02-01-09,9,sad,4,768
440,03-01-04-02-02-01-09,9,sad,8,768
440,03-01-04-02-02-01-09,9,sad,12,768
441,03-01-04-02-02-01-10,10,sad,1,768
441,03-01-04-02-02-01-10,10,sad,4,768
441,03-01-04-02-02-01-10,10,sad,8,768
441,03-01-04-02-02-01-10,10,sad,12,768
442,03-01-04-02-02-01-11,11,sad,1,768
442,03-01-04-02-02-01-11,11,sad,4,768
442,03-01-04-02-02-01-11,11,sad,8,768
442,03-01-04-02-02-01-11,11,sad,12,768
443,03-01-04-02-02-01-12,12,sad,1,768
443,03-01-04-02-02-01-12,12,sad,4,768
443,03-01-04-02-02-01-12,12,sad,8,768
443,03-01-04-02-02-01-12,12,sad,12,768
444,03-01-04-02-02-01-13,13,sad,1,768
444,03-01-04-02-02-01-13,13,sad,4,768
444,03-01-04-02-02-01-13,13,sad,8,768
444,03-01-04-02-02-01-13,13,sad,12,768
445,03-01-04-02-02-01-14,14,sad,1,768
445,03-01-04-02-02-01-14,14,sad,4,768
445,03-01-04-02-02-01-14,14,sad,8,768
445,03-01-04-02-02-01-14,14,sad,12,768
446,03-01-04-02-02-01-15,15,sad,1,768
446,03-01-04-02-02-01-15,15,sad,4,768
446,03-01-04-02-02-01-15,15,sad,8,768
446,03-01-04-02-02-01-15,15,sad,12,768
447,03-01-04-02-02-01-16,16,sad,1,768
447,03-01-04-02-02-01-16,16,sad,4,768
447,03-01-04-02-02-01-16,16,sad,8,768
447,03-01-04-02-02-01-16,16,sad,12,768
448,03-01-04-02-02-01-17,17,sad,1,768
448,03-01-04-02-02-01-17,17,sad,4,768
448,03-01-04-02-02-01-17,17,sad,8,768
448,03-01-04-02-02-01-17,17,sad,12,768
449,03-01-04-02-02-01-18,18,sad,1,768
449,03-01-04-02-02-01-18,18,sad,4,768
449,03-01-04-02-02-01-18,18,sad,8,768
449,03-01-04-02-02-01-18,18,sad,12,768
450,03-01-04-02-02-01-19,19,sad,1,768
450,03-01-04-02-02-01-19,19,sad,4,768
450,03-01-04-02-02-01-19,19,sad,8,768
450,03-01-04-02-02-01-19,19,sad,12,768
451,03-01-04-02-02-01-20,20,sad,1,768
451,03-01-04-02-02-01-20,20,sad,4,768
451,03-01-04-02-02-01-20,20,sad,8,768
451,03-01-04-02-02-01-20,20,sad,12,768
452,03-01-04-02-02-01-21,21,sad,1,768
452,03-01-04-02-02-01-21,21,sad,4,768
452,03-01-04-02-02-01-21,21,sad,8,768
452,03-01-04-02-02-01-21,21,sad,12,768
453,03-01-04-02-02-01-22,22,sad,1,768
453,03-01-04-02-02-01-22,22,sad,4,768
453,03-01-04-02-02-01-22,22,sad,8,768
453,03-01-04-02-02-01-22,22,sad,12,768
454,03-01-04-02-02-01-23,23,sad,1,768
454,03-01-04-02-02-01-23,23,sad,4,768
454,03-01-04-02-02-01-23,23,sad,8,768
454,03-01-04-02-02-01-23,23,sad,12,768
455,03-01-04-02-02-01-24,24,sad,1,768
455,03-01-04-02-02-01-24,24,sad,4,768
455,03-01-04-02-02-01-24,24,sad,8,768
455,03-01-04-02-02-01-24,24,sad,12,768
456,03-01-04-02-02-02-01,1,sad,1,768
456,03-01-04-02-02-02-01,1,sad,4,768
456,03-01-04-02-02-02-01,1,sad,8,768
456,03-01-04-02-02-02-01,1,sad,12,768
457,03-01-04-02-02-02-02,2,sad,1,768
457,03-01-04-02-02-02-02,2,sad,4,768
457,03-01-04-02-02-02-02,2,sad,8,768
457,03-01-04-02-02-02-02,2,sad,12,768
458,03-01-04-02-02-02-03,3,sad,1,768
458,03-01-04-02-02-02-03,3,sad,4,768
458,03-01-04-02-02-02-03,3,sad,8,768
458,03-01-04-02-02-02-03,3,sad,12,768
459,03-01-04-02-02-02-04,4,sad,1,768
459,03-01-04-02-02-02-04,4,sad,4,768
459,03-01-04-02-02-02-04,4,sad,8,768
459,03-01-04-02-02-02-04,4,sad,12,768
460,03-01-04-02-02-02-05,5,sad,1,768
460,03-01-04-02-02-02-05,5,sad,4,768
460,03-01-04-02-02-02-05,5,sad,8,768
460,03-01-04-02-02-02-05,5,sad,12,768
461,03-01-04-02-02-02-06,6,sad,1,768
461,03-01-04-02-02-02-06,6,sad,4,768
461,03-01-04-02-02-02-06,6,sad,8,768
461,03-01-04-02-02-02-06,6,sad,12,768
462,03-01-04-02-02-02-07,7,sad,1,768
462,03-01-04-02-02-02-07,7,sad,4,768
462,03-01-04-02-02-02-07,7,sad,8,768
462,03-01-04-02-02-02-07,7,sad,12,768
463,03-01-04-02-02-02-08,8,sad,1,768
463,03-01-04-02-02-02-08,8,sad,4,768
463,03-01-04-02-02-02-08,8,sad,8,768
463,03-01-04-02-02-02-08,8,sad,12,768
464,03-01-04-02-02-02-09,9,sad,1,768
464,03-01-04-02-02-02-09,9,sad,4,768
464,03-01-04-02-02-02-09,9,sad,8,768
464,03-01-04-02-02-02-09,9,sad,12,768
465,03-01-04-02-02-02-10,10,sad,1,768
465,03-01-04-02-02-02-10,10,sad,4,768
465,03-01-04-02-02-02-10,10,sad,8,768
465,03-01-04-02-02-02-10,10,sad,12,768
466,03-01-04-02-02-02-11,11,sad,1,768
466,03-01-04-02-02-02-11,11,sad,4,768
466,03-01-04-02-02-02-11,11,sad,8,768
466,03-01-04-02-02-02-11,11,sad,12,768
467,03-01-04-02-02-02-12,12,sad,1,768
467,03-01-04-02-02-02-12,12,sad,4,768
467,03-01-04-02-02-02-12,12,sad,8,768
467,03-01-04-02-02-02-12,12,sad,12,768
468,03-01-04-02-02-02-13,13,sad,1,768
468,03-01-04-02-02-02-13,13,sad,4,768
468,03-01-04-02-02-02-13,13,sad,8,768
468,03-01-04-02-02-02-13,13,sad,12,768
469,03-01-04-02-02-02-14,14,sad,1,768
469,03-01-04-02-02-02-14,14,sad,4,768
469,03-01-04-02-02-02-14,14,sad,8,768
469,03-01-04-02-02-02-14,14,sad,12,768
470,03-01-04-02-02-02-15,15,sad,1,768
470,03-01-04-02-02-02-15,15,sad,4,768
470,03-01-04-02-02-02-15,15,sad,8,768
470,03-01-04-02-02-02-15,15,sad,12,768
471,03-01-04-02-02-02-16,16,sad,1,768
471,03-01-04-02-02-02-16,16,sad,4,768
471,03-01-04-02-02-02-16,16,sad,8,768
471,03-01-04-02-02-02-16,16,sad,12,768
472,03-01-04-02-02-02-17,17,sad,1,768
472,03-01-04-02-02-02-17,17,sad,4,768
472,03-01-04-02-02-02-17,17,sad,8,768
472,03-01-04-02-02-02-17,17,sad,12,768
473,03-01-04-02-02-02-18,18,sad,1,768
473,03-01-04-02-02-02-18,18,sad,4,768
473,03-01-04-02-02-02-18,18,sad,8,768
473,03-01-04-02-02-02-18,18,sad,12,768
474,03-01-04-02-02-02-19,19,sad,1,768
474,03-01-04-02-02-02-19,19,sad,4,768
474,03-01-04-02-02-02-19,19,sad,8,768
474,03-01-04-02-02-02-19,19,sad,12,768
475,03-01-04-02-02-02-20,20,sad,1,768
475,03-01-04-02-02-02-20,20,sad,4,768
475,03-01-04-02-02-02-20,20,sad,8,768
475,03-01-04-02-02-02-20,20,sad,12,768
476,03-01-04-02-02-02-21,21,sad,1,768
476,03-01-04-02-02-02-21,21,sad,4,768
476,03-01-04-02-02-02-21,21,sad,8,768
476,03-01-04-02-02-02-21,21,sad,12,768
477,03-01-04-02-02-02-22,22,sad,1,768
477,03-01-04-02-02-02-22,22,sad,4,768
477,03-01-04-02-02-02-22,22,sad,8,768
477,03-01-04-02-02-02-22,22,sad,12,768
478,03-01-04-02-02-02-23,23,sad,1,768
478,03-01-04-02-02-02-23,23,sad,4,768
478,03-01-04-02-02-02-23,23,sad,8,768
478,03-01-04-02-02-02-23,23,sad,12,768
479,03-01-04-02-02-02-24,24,sad,1,768
479,03-01-04-02-02-02-24,24,sad,4,768
479,03-01-04-02-02-02-24,24,sad,8,768
479,03-01-04-02-02-02-24,24,sad,12,768
480,03-01-05-01-01-01-01,1,angry,1,768
480,03-01-05-01-01-01-01,1,angry,4,768
480,03-01-05-01-01-01-01,1,angry,8,768
480,03-01-05-01-01-01-01,1,angry,12,768
481,03-01-05-01-01-01-02,2,angry,1,768
481,03-01-05-01-01-01-02,2,angry,4,768
481,03-01-05-01-01-01-02,2,angry,8,768
481,03-01-05-01-01-01-02,2,angry,12,768
482,03-01-05-01-01-01-03,3,angry,1,768
482,03-01-05-01-01-01-03,3,angry,4,768
482,03-01-05-01-01-01-03,3,angry,8,768
482,03-01-05-01-01-01-03,3,angry,12,768
483,03-01-05-01-01-01-04,4,angry,1,768
483,03-01-05-01-01-01-04,4,angry,4,768
483,03-01-05-01-01-01-04,4,angry,8,768
483,03-01-05-01-01-01-04,4,angry,12,768
484,03-01-05-01-01-01-05,5,angry,1,768
484,03-01-05-01-01-01-05,5,angry,4,768
484,03-01-05-01-01-01-05,5,angry,8,768
484,03-01-05-01-01-01-05,5,angry,12,768
485,03-01-05-01-01-01-06,6,angry,1,768
485,03-01-05-01-01-01-06,6,angry,4,768
485,03-01-05-01-01-01-06,6,angry,8,768
485,03-01-05-01-01-01-06,6,angry,12,768
486,03-01-05-01-01-01-07,7,angry,1,768
486,03-01-05-01-01-01-07,7,angry,4,768
486,03-01-05-01-01-01-07,7,angry,8,768
486,03-01-05-01-01-01-07,7,angry,12,768
487,03-01-05-01-01-01-08,8,angry,1,768
487,03-01-05-01-01-01-08,8,angry,4,768
487,03-01-05-01-01-01-08,8,angry,8,768
487,03-01-05-01-01-01-08,8,angry,12,768
488,03-01-05-01-01-01-09,9,angry,1,768
488,03-01-05-01-01-01-09,9,angry,4,768
488,03-01-05-01-01-01-09,9,angry,8,768
488,03-01-05-01-01-01-09,9,angry,12,768
489,03-01-05-01-01-01-10,10,angry,1,768
489,03-01-05-01-01-01-10,10,angry,4,768
489,03-01-05-01-01-01-10,10,angry,8,768
489,03-01-05-01-01-01-10,10,angry,12,768
490,03-01-05-01-01-01-11,11,angry,1,768
490,03-01-05-01-01-01-11,11,angry,4,768
490,03-01-05-01-01-01-11,11,angry,8,768
490,03-01-05-01-01-01-11,11,angry,12,768
491,03-01-05-01-01-01-12,12,angry,1,768
491,03-01-05-01-01-01-12,12,angry,4,768
491,03-01-05-01-01-01-12,12,angry,8,768
491,03-01-05-01-01-01-12,12,angry,12,768
492,03-01-05-01-01-01-13,13,angry,1,768
492,03-01-05-01-01-01-13,13,angry,4,768
492,03-01-05-01-01-01-13,13,angry,8,768
492,03-01-05-01-01-01-13,13,angry,12,768
493,03-01-05-01-01-01-14,14,angry,1,768
493,03-01-05-01-01-01-14,14,angry,4,768
493,03-01-05-01-01-01-14,14,angry,8,768
493,03-01-05-01-01-01-14,14,angry,12,768
494,03-01-05-01-01-01-15,15,angry,1,768
494,03-01-05-01-01-01-15,15,angry,4,768
494,03-01-05-01-01-01-15,15,angry,8,768
494,03-01-05-01-01-01-15,15,angry,12,768
495,03-01-05-01-01-01-16,16,angry,1,768
495,03-01-05-01-01-01-16,16,angry,4,768
495,03-01-05-01-01-01-16,16,angry,8,768
495,03-01-05-01-01-01-16,16,angry,12,768
496,03-01-05-01-01-01-17,17,angry,1,768
496,03-01-05-01-01-01-17,17,angry,4,768
496,03-01-05-01-01-01-17,17,angry,8,768
496,03-01-05-01-01-01-17,17,angry,12,768
497,03-01-05-01-01-01-18,18,angry,1,768
497,03-01-05-01-01-01-18,18,angry,4,768
497,03-01-05-01-01-01-18,18,angry,8,768
497,03-01-05-01-01-01-18,18,angry,12,768
498,03-01-05-01-01-01-19,19,angry,1,768
498,03-01-05-01-01-01-19,19,angry,4,768
498,03-01-05-01-01-01-19,19,angry,8,768
498,03-01-05-01-01-01-19,19,angry,12,768
499,03-01-05-01-01-01-20,20,angry,1,768
499,03-01-05-01-01-01-20,20,angry,4,768
499,03-01-05-01-01-01-20,20,angry,8,768
499,03-01-05-01-01-01-20,20,angry,12,768
500,03-01-05-01-01-01-21,21,angry,1,768
500,03-01-05-01-01-01-21,21,angry,4,768
500,03-01-05-01-01-01-21,21,angry,8,768
500,03-01-05-01-01-01-21,21,angry,12,768
501,03-01-05-01-01-01-22,22,angry,1,768
501,03-01-05-01-01-01-22,22,angry,4,768
501,03-01-05-01-01-01-22,22,angry,8,768
501,03-01-05-01-01-01-22,22,angry,12,768
502,03-01-05-01-01-01-23,23,angry,1,768
502,03-01-05-01-01-01-23,23,angry,4,768
502,03-01-05-01-01-01-23,23,angry,8,768
502,03-01-05-01-01-01-23,23,angry,12,768
503,03-01-05-01-01-01-24,24,angry,1,768
503,03-01-05-01-01-01-24,24,angry,4,768
503,03-01-05-01-01-01-24,24,angry,8,768
503,03-01-05-01-01-01-24,24,angry,12,768
504,03-01-05-01-01-02-01,1,angry,1,768
504,03-01-05-01-01-02-01,1,angry,4,768
504,03-01-05-01-01-02-01,1,angry,8,768
504,03-01-05-01-01-02-01,1,angry,12,768
505,03-01-05-01-01-02-02,2,angry,1,768
505,03-01-05-01-01-02-02,2,angry,4,768
505,03-01-05-01-01-02-02,2,angry,8,768
505,03-01-05-01-01-02-02,2,angry,12,768
506,03-01-05-01-01-02-03,3,angry,1,768
506,03-01-05-01-01-02-03,3,angry,4,768
506,03-01-05-01-01-02-03,3,angry,8,768
506,03-01-05-01-01-02-03,3,angry,12,768
507,03-01-05-01-01-02-04,4,angry,1,768
507,03-01-05-01-01-02-04,4,angry,4,768
507,03-01-05-01-01-02-04,4,angry,8,768
507,03-01-05-01-01-02-04,4,angry,12,768
508,03-01-05-01-01-02-05,5,angry,1,768
508,03-01-05-01-01-02-05,5,angry,4,768
508,03-01-05-01-01-02-05,5,angry,8,768
508,03-01-05-01-01-02-05,5,angry,12,768
509,03-01-05-01-01-02-06,6,angry,1,768
509,03-01-05-01-01-02-06,6,angry,4,768
509,03-01-05-01-01-02-06,6,angry,8,768
509,03-01-05-01-01-02-06,6,angry,12,768
510,03-01-05-01-01-02-07,7,angry,1,768
510,03-01-05-01-01-02-07,7,angry,4,768
510,03-01-05-01-01-02-07,7,angry,8,768
510,03-01-05-01-01-02-07,7,angry,12,768
511,03-01-05-01-01-02-08,8,angry,1,768
511,03-01-05-01-01-02-08,8,angry,4,768
511,03-01-05-01-01-02-08,8,angry,8,768
511,03-01-05-01-01-02-08,8,angry,12,768
512,03-01-05-01-01-02-09,9,angry,1,768
512,03-01-05-01-01-02-09,9,angry,4,768
512,03-01-05-01-01-02-09,9,angry,8,768
512,03-01-05-01-01-02-09,9,angry,12,768
513,03-01-05-01-01-02-10,10,angry,1,768
513,03-01-05-01-01-02-10,10,angry,4,768
513,03-01-05-01-01-02-10,10,angry,8,768
513,03-01-05-01-01-02-10,10,angry,12,768
514,03-01-05-01-01-02-11,11,angry,1,768
514,03-01-05-01-01-02-11,11,angry,4,768
514,03-01-05-01-01-02-11,11,angry,8,768
514,03-01-05-01-01-02-11,11,angry,12,768
515,03-01-05-01-01-02-12,12,angry,1,768
515,03-01-05-01-01-02-12,12,angry,4,768
515,03-01-05-01-01-02-12,12,angry,8,768
515,03-01-05-01-01-02-12,12,angry,12,768
516,03-01-05-01-01-02-13,13,angry,1,768
516,03-01-05-01-01-02-13,13,angry,4,768
516,03-01-05-01-01-02-13,13,angry,8,768
516,03-01-05-01-01-02-13,13,angry,12,768
517,03-01-05-01-01-02-14,14,angry,1,768
517,03-01-05-01-01-02-14,14,angry,4,768
517,03-01-05-01-01-02-14,14,angry,8,768
517,03-01-05-01-01-02-14,14,angry,12,768
518,03-01-05-01-01-02-15,15,angry,1,768
518,03-01-05-01-01-02-15,15,angry,4,768
518,03-01-05-01-01-02-15,15,angry,8,768
518,03-01-05-01-01-02-15,15,angry,12,768
519,03-01-05-01-01-02-16,16,angry,1,768
519,03-01-05-01-01-02-16,16,angry,4,768
519,03-01-05-01-01-02-16,16,angry,8,768
519,03-01-05-01-01-02-16,16,angry,12,768
520,03-01-05-01-01-02-17,17,angry,1,768
520,03-01-05-01-01-02-17,17,angry,4,768
520,03-01-05-01-01-02-17,17,angry,8,768
520,03-01-05-01-01-02-17,17,angry,12,768
521,03-01-05-01-01-02-18,18,angry,1,768
521,03-01-05-01-01-02-18,18,angry,4,768
521,03-01-05-01-01-02-18,18,angry,8,768
521,03-01-05-01-01-02-18,18,angry,12,768
522,03-01-05-01-01-02-19,19,angry,1,768
522,03-01-05-01-01-02-19,19,angry,4,768
522,03-01-05-01-01-02-19,19,angry,8,768
522,03-01-05-01-01-02-19,19,angry,12,768
523,03-01-05-01-01-02-20,20,angry,1,768
523,03-01-05-01-01-02-20,20,angry,4,768
523,03-01-05-01-01-02-20,20,angry,8,768
523,03-01-05-01-01-02-20,20,angry,12,768
524,03-01-05-01-01-02-21,21,angry,1,768
524,03-01-05-01-01-02-21,21,angry,4,768
524,03-01-05-01-01-02-21,21,angry,8,768
524,03-01-05-01-01-02-21,21,angry,12,768
525,03-01-05-01-01-02-22,22,angry,1,768
525,03-01-05-01-01-02-22,22,angry,4,768
525,03-01-05-01-01-02-22,22,angry,8,768
525,03-01-05-01-01-02-22,22,angry,12,768
526,03-01-05-01-01-02-23,23,angry,1,768
526,03-01-05-01-01-02-23,23,angry,4,768
526,03-01-05-01-01-02-23,23,angry,8,768
526,03-01-05-01-01-02-23,23,angry,12,768
527,03-01-05-01-01-02-24,24,angry,1,768
527,03-01-05-01-01-02-24,24,angry,4,768
527,03-01-05-01-01-02-24,24,angry,8,768
527,03-01-05-01-01-02-24,24,angry,12,768
528,03-01-05-01-02-01-01,1,angry,1,768
528,03-01-05-01-02-01-01,1,angry,4,768
528,03-01-05-01-02-01-01,1,angry,8,768
528,03-01-05-01-02-01-01,1,angry,12,768
529,03-01-05-01-02-01-02,2,angry,1,768
529,03-01-05-01-02-01-02,2,angry,4,768
529,03-01-05-01-02-01-02,2,angry,8,768
529,03-01-05-01-02-01-02,2,angry,12,768
530,03-01-05-01-02-01-03,3,angry,1,768
530,03-01-05-01-02-01-03,3,angry,4,768
530,03-01-05-01-02-01-03,3,angry,8,768
530,03-01-05-01-02-01-03,3,angry,12,768
531,03-01-05-01-02-01-04,4,angry,1,768
531,03-01-05-01-02-01-04,4,angry,4,768
531,03-01-05-01-02-01-04,4,angry,8,768
531,03-01-05-01-02-01-04,4,angry,12,768
532,03-01-05-01-02-01-05,5,angry,1,768
532,03-01-05-01-02-01-05,5,angry,4,768
532,03-01-05-01-02-01-05,5,angry,8,768
532,03-01-05-01-02-01-05,5,angry,12,768
533,03-01-05-01-02-01-06,6,angry,1,768
533,03-01-05-01-02-01-06,6,angry,4,768
533,03-01-05-01-02-01-06,6,angry,8,768
533,03-01-05-01-02-01-06,6,angry,12,768
534,03-01-05-01-02-01-07,7,angry,1,768
534,03-01-05-01-02-01-07,7,angry,4,768
534,03-01-05-01-02-01-07,7,angry,8,768
534,03-01-05-01-02-01-07,7,angry,12,768
535,03-01-05-01-02-01-08,8,angry,1,768
535,03-01-05-01-02-01-08,8,angry,4,768
535,03-01-05-01-02-01-08,8,angry,8,768
535,03-01-05-01-02-01-08,8,angry,12,768
536,03-01-05-01-02-01-09,9,angry,1,768
536,03-01-05-01-02-01-09,9,angry,4,768
536,03-01-05-01-02-01-09,9,angry,8,768
536,03-01-05-01-02-01-09,9,angry,12,768
537,03-01-05-01-02-01-10,10,angry,1,768
537,03-01-05-01-02-01-10,10,angry,4,768
537,03-01-05-01-02-01-10,10,angry,8,768
537,03-01-05-01-02-01-10,10,angry,12,768
538,03-01-05-01-02-01-11,11,angry,1,768
538,03-01-05-01-02-01-11,11,angry,4,768
538,03-01-05-01-02-01-11,11,angry,8,768
538,03-01-05-01-02-01-11,11,angry,12,768
539,03-01-05-01-02-01-12,12,angry,1,768
539,03-01-05-01-02-01-12,12,angry,4,768
539,03-01-05-01-02-01-12,12,angry,8,768
539,03-01-05-01-02-01-12,12,angry,12,768
540,03-01-05-01-02-01-13,13,angry,1,768
540,03-01-05-01-02-01-13,13,angry,4,768
540,03-01-05-01-02-01-13,13,angry,8,768
540,03-01-05-01-02-01-13,13,angry,12,768
541,03-01-05-01-02-01-14,14,angry,1,768
541,03-01-05-01-02-01-14,14,angry,4,768
541,03-01-05-01-02-01-14,14,angry,8,768
541,03-01-05-01-02-01-14,14,angry,12,768
542,03-01-05-01-02-01-15,15,angry,1,768
542,03-01-05-01-02-01-15,15,angry,4,768
542,03-01-05-01-02-01-15,15,angry,8,768
542,03-01-05-01-02-01-15,15,angry,12,768
543,03-01-05-01-02-01-16,16,angry,1,768
543,03-01-05-01-02-01-16,16,angry,4,768
543,03-01-05-01-02-01-16,16,angry,8,768
543,03-01-05-01-02-01-16,16,angry,12,768
544,03-01-05-01-02-01-17,17,angry,1,768
544,03-01-05-01-02-01-17,17,angry,4,768
544,03-01-05-01-02-01-17,17,angry,8,768
544,03-01-05-01-02-01-17,17,angry,12,768
545,03-01-05-01-02-01-18,18,angry,1,768
545,03-01-05-01-02-01-18,18,angry,4,768
545,03-01-05-01-02-01-18,18,angry,8,768
545,03-01-05-01-02-01-18,18,angry,12,768
546,03-01-05-01-02-01-19,19,angry,1,768
546,03-01-05-01-02-01-19,19,angry,4,768
546,03-01-05-01-02-01-19,19,angry,8,768
546,03-01-05-01-02-01-19,19,angry,12,768
547,03-01-05-01-02-01-20,20,angry,1,768
547,03-01-05-01-02-01-20,20,angry,4,768
547,03-01-05-01-02-01-20,20,angry,8,768
547,03-01-05-01-02-01-20,20,angry,12,768
548,03-01-05-01-02-01-21,21,angry,1,768
548,03-01-05-01-02-01-21,21,angry,4,768
548,03-01-05-01-02-01-21,21,angry,8,768
548,03-01-05-01-02-01-21,21,angry,12,768
549,03-01-05-01-02-01-22,22,angry,1,768
549,03-01-05-01-02-01-22,22,angry,4,768
549,03-01-05-01-02-01-22,22,angry,8,768
549,03-01-05-01-02-01-22,22,angry,12,768
550,03-01-05-01-02-01-23,23,angry,1,768
550,03-01-05-01-02-01-23,23,angry,4,768
550,03-01-05-01-02-01-23,23,angry,8,768
550,03-01-05-01-02-01-23,23,angry,12,768
551,03-01-05-01-02-01-24,24,angry,1,768
551,03-01-05-01-02-01-24,24,angry,4,768
551,03-01-05-01-02-01-24,24,angry,8,768
551,03-01-05-01-02-01-24,24,angry,12,768
552,03-01-05-01-02-02-01,1,angry,1,768
552,03-01-05-01-02-02-01,1,angry,4,768
552,03-01-05-01-02-02-01,1,angry,8,768
552,03-01-05-01-02-02-01,1,angry,12,768
553,03-01-05-01-02-02-02,2,angry,1,768
553,03-01-05-01-02-02-02,2,angry,4,768
553,03-01-05-01-02-02-02,2,angry,8,768
553,03-01-05-01-02-02-02,2,angry,12,768
554,03-01-05-01-02-02-03,3,angry,1,768
554,03-01-05-01-02-02-03,3,angry,4,768
554,03-01-05-01-02-02-03,3,angry,8,768
554,03-01-05-01-02-02-03,3,angry,12,768
555,03-01-05-01-02-02-04,4,angry,1,768
555,03-01-05-01-02-02-04,4,angry,4,768
555,03-01-05-01-02-02-04,4,angry,8,768
555,03-01-05-01-02-02-04,4,angry,12,768
556,03-01-05-01-02-02-05,5,angry,1,768
556,03-01-05-01-02-02-05,5,angry,4,768
556,03-01-05-01-02-02-05,5,angry,8,768
556,03-01-05-01-02-02-05,5,angry,12,768
557,03-01-05-01-02-02-06,6,angry,1,768
557,03-01-05-01-02-02-06,6,angry,4,768
557,03-01-05-01-02-02-06,6,angry,8,768
557,03-01-05-01-02-02-06,6,angry,12,768
558,03-01-05-01-02-02-07,7,angry,1,768
558,03-01-05-01-02-02-07,7,angry,4,768
558,03-01-05-01-02-02-07,7,angry,8,768
558,03-01-05-01-02-02-07,7,angry,12,768
559,03-01-05-01-02-02-08,8,angry,1,768
559,03-01-05-01-02-02-08,8,angry,4,768
559,03-01-05-01-02-02-08,8,angry,8,768
559,03-01-05-01-02-02-08,8,angry,12,768
560,03-01-05-01-02-02-09,9,angry,1,768
560,03-01-05-01-02-02-09,9,angry,4,768
560,03-01-05-01-02-02-09,9,angry,8,768
560,03-01-05-01-02-02-09,9,angry,12,768
561,03-01-05-01-02-02-10,10,angry,1,768
561,03-01-05-01-02-02-10,10,angry,4,768
561,03-01-05-01-02-02-10,10,angry,8,768
561,03-01-05-01-02-02-10,10,angry,12,768
562,03-01-05-01-02-02-11,11,angry,1,768
562,03-01-05-01-02-02-11,11,angry,4,768
562,03-01-05-01-02-02-11,11,angry,8,768
562,03-01-05-01-02-02-11,11,angry,12,768
563,03-01-05-01-02-02-12,12,angry,1,768
563,03-01-05-01-02-02-12,12,angry,4,768
563,03-01-05-01-02-02-12,12,angry,8,768
563,03-01-05-01-02-02-12,12,angry,12,768
564,03-01-05-01-02-02-13,13,angry,1,768
564,03-01-05-01-02-02-13,13,angry,4,768
564,03-01-05-01-02-02-13,13,angry,8,768
564,03-01-05-01-02-02-13,13,angry,12,768
565,03-01-05-01-02-02-14,14,angry,1,768
565,03-01-05-01-02-02-14,14,angry,4,768
565,03-01-05-01-02-02-14,14,angry,8,768
565,03-01-05-01-02-02-14,14,angry,12,768
566,03-01-05-01-02-02-15,15,angry,1,768
566,03-01-05-01-02-02-15,15,angry,4,768
566,03-01-05-01-02-02-15,15,angry,8,768
566,03-01-05-01-02-02-15,15,angry,12,768
567,03-01-05-01-02-02-16,16,angry,1,768
567,03-01-05-01-02-02-16,16,angry,4,768
567,03-01-05-01-02-02-16,16,angry,8,768
567,03-01-05-01-02-02-16,16,angry,12,768
568,03-01-05-01-02-02-17,17,angry,1,768
568,03-01-05-01-02-02-17,17,angry,4,768
568,03-01-05-01-02-02-17,17,angry,8,768
568,03-01-05-01-02-02-17,17,angry,12,768
569,03-01-05-01-02-02-18,18,angry,1,768
569,03-01-05-01-02-02-18,18,angry,4,768
569,03-01-05-01-02-02-18,18,angry,8,768
569,03-01-05-01-02-02-18,18,angry,12,768
570,03-01-05-01-02-02-19,19,angry,1,768
570,03-01-05-01-02-02-19,19,angry,4,768
570,03-01-05-01-02-02-19,19,angry,8,768
570,03-01-05-01-02-02-19,19,angry,12,768
571,03-01-05-01-02-02-20,20,angry,1,768
571,03-01-05-01-02-02-20,20,angry,4,768
571,03-01-05-01-02-02-20,20,angry,8,768
571,03-01-05-01-02-02-20,20,angry,12,768
572,03-01-05-01-02-02-21,21,angry,1,768
572,03-01-05-01-02-02-21,21,angry,4,768
572,03-01-05-01-02-02-21,21,angry,8,768
572,03-01-05-01-02-02-21,21,angry,12,768
573,03-01-05-01-02-02-22,22,angry,1,768
573,03-01-05-01-02-02-22,22,angry,4,768
573,03-01-05-01-02-02-22,22,angry,8,768
573,03-01-05-01-02-02-22,22,angry,12,768
574,03-01-05-01-02-02-23,23,angry,1,768
574,03-01-05-01-02-02-23,23,angry,4,768
574,03-01-05-01-02-02-23,23,angry,8,768
574,03-01-05-01-02-02-23,23,angry,12,768
575,03-01-05-01-02-02-24,24,angry,1,768
575,03-01-05-01-02-02-24,24,angry,4,768
575,03-01-05-01-02-02-24,24,angry,8,768
575,03-01-05-01-02-02-24,24,angry,12,768
576,03-01-05-02-01-01-01,1,angry,1,768
576,03-01-05-02-01-01-01,1,angry,4,768
576,03-01-05-02-01-01-01,1,angry,8,768
576,03-01-05-02-01-01-01,1,angry,12,768
577,03-01-05-02-01-01-02,2,angry,1,768
577,03-01-05-02-01-01-02,2,angry,4,768
577,03-01-05-02-01-01-02,2,angry,8,768
577,03-01-05-02-01-01-02,2,angry,12,768
578,03-01-05-02-01-01-03,3,angry,1,768
578,03-01-05-02-01-01-03,3,angry,4,768
578,03-01-05-02-01-01-03,3,angry,8,768
578,03-01-05-02-01-01-03,3,angry,12,768
579,03-01-05-02-01-01-04,4,angry,1,768
579,03-01-05-02-01-01-04,4,angry,4,768
579,03-01-05-02-01-01-04,4,angry,8,768
579,03-01-05-02-01-01-04,4,angry,12,768
580,03-01-05-02-01-01-05,5,angry,1,768
580,03-01-05-02-01-01-05,5,angry,4,768
580,03-01-05-02-01-01-05,5,angry,8,768
580,03-01-05-02-01-01-05,5,angry,12,768
581,03-01-05-02-01-01-06,6,angry,1,768
581,03-01-05-02-01-01-06,6,angry,4,768
581,03-01-05-02-01-01-06,6,angry,8,768
581,03-01-05-02-01-01-06,6,angry,12,768
582,03-01-05-02-01-01-07,7,angry,1,768
582,03-01-05-02-01-01-07,7,angry,4,768
582,03-01-05-02-01-01-07,7,angry,8,768
582,03-01-05-02-01-01-07,7,angry,12,768
583,03-01-05-02-01-01-08,8,angry,1,768
583,03-01-05-02-01-01-08,8,angry,4,768
583,03-01-05-02-01-01-08,8,angry,8,768
583,03-01-05-02-01-01-08,8,angry,12,768
584,03-01-05-02-01-01-09,9,angry,1,768
584,03-01-05-02-01-01-09,9,angry,4,768
584,03-01-05-02-01-01-09,9,angry,8,768
584,03-01-05-02-01-01-09,9,angry,12,768
585,03-01-05-02-01-01-10,10,angry,1,768
585,03-01-05-02-01-01-10,10,angry,4,768
585,03-01-05-02-01-01-10,10,angry,8,768
585,03-01-05-02-01-01-10,10,angry,12,768
586,03-01-05-02-01-01-11,11,angry,1,768
586,03-01-05-02-01-01-11,11,angry,4,768
586,03-01-05-02-01-01-11,11,angry,8,768
586,03-01-05-02-01-01-11,11,angry,12,768
587,03-01-05-02-01-01-12,12,angry,1,768
587,03-01-05-02-01-01-12,12,angry,4,768
587,03-01-05-02-01-01-12,12,angry,8,768
587,03-01-05-02-01-01-12,12,angry,12,768
588,03-01-05-02-01-01-13,13,angry,1,768
588,03-01-05-02-01-01-13,13,angry,4,768
588,03-01-05-02-01-01-13,13,angry,8,768
588,03-01-05-02-01-01-13,13,angry,12,768
589,03-01-05-02-01-01-14,14,angry,1,768
589,03-01-05-02-01-01-14,14,angry,4,768
589,03-01-05-02-01-01-14,14,angry,8,768
589,03-01-05-02-01-01-14,14,angry,12,768
590,03-01-05-02-01-01-15,15,angry,1,768
590,03-01-05-02-01-01-15,15,angry,4,768
590,03-01-05-02-01-01-15,15,angry,8,768
590,03-01-05-02-01-01-15,15,angry,12,768
591,03-01-05-02-01-01-16,16,angry,1,768
591,03-01-05-02-01-01-16,16,angry,4,768
591,03-01-05-02-01-01-16,16,angry,8,768
591,03-01-05-02-01-01-16,16,angry,12,768
592,03-01-05-02-01-01-17,17,angry,1,768
592,03-01-05-02-01-01-17,17,angry,4,768
592,03-01-05-02-01-01-17,17,angry,8,768
592,03-01-05-02-01-01-17,17,angry,12,768
593,03-01-05-02-01-01-18,18,angry,1,768
593,03-01-05-02-01-01-18,18,angry,4,768
593,03-01-05-02-01-01-18,18,angry,8,768
593,03-01-05-02-01-01-18,18,angry,12,768
594,03-01-05-02-01-01-19,19,angry,1,768
594,03-01-05-02-01-01-19,19,angry,4,768
594,03-01-05-02-01-01-19,19,angry,8,768
594,03-01-05-02-01-01-19,19,angry,12,768
595,03-01-05-02-01-01-20,20,angry,1,768
595,03-01-05-02-01-01-20,20,angry,4,768
595,03-01-05-02-01-01-20,20,angry,8,768
595,03-01-05-02-01-01-20,20,angry,12,768
596,03-01-05-02-01-01-21,21,angry,1,768
596,03-01-05-02-01-01-21,21,angry,4,768
596,03-01-05-02-01-01-21,21,angry,8,768
596,03-01-05-02-01-01-21,21,angry,12,768
597,03-01-05-02-01-01-22,22,angry,1,768
597,03-01-05-02-01-01-22,22,angry,4,768
597,03-01-05-02-01-01-22,22,angry,8,768
597,03-01-05-02-01-01-22,22,angry,12,768
598,03-01-05-02-01-01-23,23,angry,1,768
598,03-01-05-02-01-01-23,23,angry,4,768
598,03-01-05-02-01-01-23,23,angry,8,768
598,03-01-05-02-01-01-23,23,angry,12,768
599,03-01-05-02-01-01-24,24,angry,1,768
599,03-01-05-02-01-01-24,24,angry,4,768
599,03-01-05-02-01-01-24,24,angry,8,768
599,03-01-05-02-01-01-24,24,angry,12,768
600,03-01-05-02-01-02-01,1,angry,1,768
600,03-01-05-02-01-02-01,1,angry,4,768
600,03-01-05-02-01-02-01,1,angry,8,768
600,03-01-05-02-01-02-01,1,angry,12,768
601,03-01-05-02-01-02-02,2,angry,1,768
601,03-01-05-02-01-02-02,2,angry,4,768
601,03-01-05-02-01-02-02,2,angry,8,768
601,03-01-05-02-01-02-02,2,angry,12,768
602,03-01-05-02-01-02-03,3,angry,1,768
602,03-01-05-02-01-02-03,3,angry,4,768
602,03-01-05-02-01-02-03,3,angry,8,768
602,03-01-05-02-01-02-03,3,angry,12,768
603,03-01-05-02-01-02-04,4,angry,1,768
603,03-01-05-02-01-02-04,4,angry,4,768
603,03-01-05-02-01-02-04,4,angry,8,768
603,03-01-05-02-01-02-04,4,angry,12,768
604,03-01-05-02-01-02-05,5,angry,1,768
604,03-01-05-02-01-02-05,5,angry,4,768
604,03-01-05-02-01-02-05,5,angry,8,768
604,03-01-05-02-01-02-05,5,angry,12,768
605,03-01-05-02-01-02-06,6,angry,1,768
605,03-01-05-02-01-02-06,6,angry,4,768
605,03-01-05-02-01-02-06,6,angry,8,768
605,03-01-05-02-01-02-06,6,angry,12,768
606,03-01-05-02-01-02-07,7,angry,1,768
606,03-01-05-02-01-02-07,7,angry,4,768
606,03-01-05-02-01-02-07,7,angry,8,768
606,03-01-05-02-01-02-07,7,angry,12,768
607,03-01-05-02-01-02-08,8,angry,1,768
607,03-01-05-02-01-02-08,8,angry,4,768
607,03-01-05-02-01-02-08,8,angry,8,768
607,03-01-05-02-01-02-08,8,angry,12,768
608,03-01-05-02-01-02-09,9,angry,1,768
608,03-01-05-02-01-02-09,9,angry,4,768
608,03-01-05-02-01-02-09,9,angry,8,768
608,03-01-05-02-01-02-09,9,angry,12,768
609,03-01-05-02-01-02-10,10,angry,1,768
609,03-01-05-02-01-02-10,10,angry,4,768
609,03-01-05-02-01-02-10,10,angry,8,768
609,03-01-05-02-01-02-10,10,angry,12,768
610,03-01-05-02-01-02-11,11,angry,1,768
610,03-01-05-02-01-02-11,11,angry,4,768
610,03-01-05-02-01-02-11,11,angry,8,768
610,03-01-05-02-01-02-11,11,angry,12,768
611,03-01-05-02-01-02-12,12,angry,1,768
611,03-01-05-02-01-02-12,12,angry,4,768
611,03-01-05-02-01-02-12,12,angry,8,768
611,03-01-05-02-01-02-12,12,angry,12,768
612,03-01-05-02-01-02-13,13,angry,1,768
612,03-01-05-02-01-02-13,13,angry,4,768
612,03-01-05-02-01-02-13,13,angry,8,768
612,03-01-05-02-01-02-13,13,angry,12,768
613,03-01-05-02-01-02-14,14,angry,1,768
613,03-01-05-02-01-02-14,14,angry,4,768
613,03-01-05-02-01-02-14,14,angry,8,768
613,03-01-05-02-01-02-14,14,angry,12,768
614,03-01-05-02-01-02-15,15,angry,1,768
614,03-01-05-02-01-02-15,15,angry,4,768
614,03-01-05-02-01-02-15,15,angry,8,768
614,03-01-05-02-01-02-15,15,angry,12,768
615,03-01-05-02-01-02-16,16,angry,1,768
615,03-01-05-02-01-02-16,16,angry,4,768
615,03-01-05-02-01-02-16,16,angry,8,768
615,03-01-05-02-01-02-16,16,angry,12,768
616,03-01-05-02-01-02-17,17,angry,1,768
616,03-01-05-02-01-02-17,17,angry,4,768
616,03-01-05-02-01-02-17,17,angry,8,768
616,03-01-05-02-01-02-17,17,angry,12,768
617,03-01-05-02-01-02-18,18,angry,1,768
617,03-01-05-02-01-02-18,18,angry,4,768
617,03-01-05-02-01-02-18,18,angry,8,768
617,03-01-05-02-01-02-18,18,angry,12,768
618,03-01-05-02-01-02-19,19,angry,1,768
618,03-01-05-02-01-02-19,19,angry,4,768
618,03-01-05-02-01-02-19,19,angry,8,768
618,03-01-05-02-01-02-19,19,angry,12,768
619,03-01-05-02-01-02-20,20,angry,1,768
619,03-01-05-02-01-02-20,20,angry,4,768
619,03-01-05-02-01-02-20,20,angry,8,768
619,03-01-05-02-01-02-20,20,angry,12,768
620,03-01-05-02-01-02-21,21,angry,1,768
620,03-01-05-02-01-02-21,21,angry,4,768
620,03-01-05-02-01-02-21,21,angry,8,768
620,03-01-05-02-01-02-21,21,angry,12,768
621,03-01-05-02-01-02-22,22,angry,1,768
621,03-01-05-02-01-02-22,22,angry,4,768
621,03-01-05-02-01-02-22,22,angry,8,768
621,03-01-05-02-01-02-22,22,angry,12,768
622,03-01-05-02-01-02-23,23,angry,1,768
622,03-01-05-02-01-02-23,23,angry,4,768
622,03-01-05-02-01-02-23,23,angry,8,768
622,03-01-05-02-01-02-23,23,angry,12,768
623,03-01-05-02-01-02-24,24,angry,1,768
623,03-01-05-02-01-02-24,24,angry,4,768
623,03-01-05-02-01-02-24,24,angry,8,768
623,03-01-05-02-01-02-24,24,angry,12,768
624,03-01-05-02-02-01-01,1,angry,1,768
624,03-01-05-02-02-01-01,1,angry,4,768
624,03-01-05-02-02-01-01,1,angry,8,768
624,03-01-05-02-02-01-01,1,angry,12,768
625,03-01-05-02-02-01-02,2,angry,1,768
625,03-01-05-02-02-01-02,2,angry,4,768
625,03-01-05-02-02-01-02,2,angry,8,768
625,03-01-05-02-02-01-02,2,angry,12,768
626,03-01-05-02-02-01-03,3,angry,1,768
626,03-01-05-02-02-01-03,3,angry,4,768
626,03-01-05-02-02-01-03,3,angry,8,768
626,03-01-05-02-02-01-03,3,angry,12,768
627,03-01-05-02-02-01-04,4,angry,1,768
627,03-01-05-02-02-01-04,4,angry,4,768
627,03-01-05-02-02-01-04,4,angry,8,768
627,03-01-05-02-02-01-04,4,angry,12,768
628,03-01-05-02-02-01-05,5,angry,1,768
628,03-01-05-02-02-01-05,5,angry,4,768
628,03-01-05-02-02-01-05,5,angry,8,768
628,03-01-05-02-02-01-05,5,angry,12,768
629,03-01-05-02-02-01-06,6,angry,1,768
629,03-01-05-02-02-01-06,6,angry,4,768
629,03-01-05-02-02-01-06,6,angry,8,768
629,03-01-05-02-02-01-06,6,angry,12,768
630,03-01-05-02-02-01-07,7,angry,1,768
630,03-01-05-02-02-01-07,7,angry,4,768
630,03-01-05-02-02-01-07,7,angry,8,768
630,03-01-05-02-02-01-07,7,angry,12,768
631,03-01-05-02-02-01-08,8,angry,1,768
631,03-01-05-02-02-01-08,8,angry,4,768
631,03-01-05-02-02-01-08,8,angry,8,768
631,03-01-05-02-02-01-08,8,angry,12,768
632,03-01-05-02-02-01-09,9,angry,1,768
632,03-01-05-02-02-01-09,9,angry,4,768
632,03-01-05-02-02-01-09,9,angry,8,768
632,03-01-05-02-02-01-09,9,angry,12,768
633,03-01-05-02-02-01-10,10,angry,1,768
633,03-01-05-02-02-01-10,10,angry,4,768
633,03-01-05-02-02-01-10,10,angry,8,768
633,03-01-05-02-02-01-10,10,angry,12,768
634,03-01-05-02-02-01-11,11,angry,1,768
634,03-01-05-02-02-01-11,11,angry,4,768
634,03-01-05-02-02-01-11,11,angry,8,768
634,03-01-05-02-02-01-11,11,angry,12,768
635,03-01-05-02-02-01-12,12,angry,1,768
635,03-01-05-02-02-01-12,12,angry,4,768
635,03-01-05-02-02-01-12,12,angry,8,768
635,03-01-05-02-02-01-12,12,angry,12,768
636,03-01-05-02-02-01-13,13,angry,1,768
636,03-01-05-02-02-01-13,13,angry,4,768
636,03-01-05-02-02-01-13,13,angry,8,768
636,03-01-05-02-02-01-13,13,angry,12,768
637,03-01-05-02-02-01-14,14,angry,1,768
637,03-01-05-02-02-01-14,14,angry,4,768
637,03-01-05-02-02-01-14,14,angry,8,768
637,03-01-05-02-02-01-14,14,angry,12,768
638,03-01-05-02-02-01-15,15,angry,1,768
638,03-01-05-02-02-01-15,15,angry,4,768
638,03-01-05-02-02-01-15,15,angry,8,768
638,03-01-05-02-02-01-15,15,angry,12,768
639,03-01-05-02-02-01-16,16,angry,1,768
639,03-01-05-02-02-01-16,16,angry,4,768
639,03-01-05-02-02-01-16,16,angry,8,768
639,03-01-05-02-02-01-16,16,angry,12,768
640,03-01-05-02-02-01-17,17,angry,1,768
640,03-01-05-02-02-01-17,17,angry,4,768
640,03-01-05-02-02-01-17,17,angry,8,768
640,03-01-05-02-02-01-17,17,angry,12,768
641,03-01-05-02-02-01-18,18,angry,1,768
641,03-01-05-02-02-01-18,18,angry,4,768
641,03-01-05-02-02-01-18,18,angry,8,768
641,03-01-05-02-02-01-18,18,angry,12,768
642,03-01-05-02-02-01-19,19,angry,1,768
642,03-01-05-02-02-01-19,19,angry,4,768
642,03-01-05-02-02-01-19,19,angry,8,768
642,03-01-05-02-02-01-19,19,angry,12,768
643,03-01-05-02-02-01-20,20,angry,1,768
643,03-01-05-02-02-01-20,20,angry,4,768
643,03-01-05-02-02-01-20,20,angry,8,768
643,03-01-05-02-02-01-20,20,angry,12,768
644,03-01-05-02-02-01-21,21,angry,1,768
644,03-01-05-02-02-01-21,21,angry,4,768
644,03-01-05-02-02-01-21,21,angry,8,768
644,03-01-05-02-02-01-21,21,angry,12,768
645,03-01-05-02-02-01-22,22,angry,1,768
645,03-01-05-02-02-01-22,22,angry,4,768
645,03-01-05-02-02-01-22,22,angry,8,768
645,03-01-05-02-02-01-22,22,angry,12,768
646,03-01-05-02-02-01-23,23,angry,1,768
646,03-01-05-02-02-01-23,23,angry,4,768
646,03-01-05-02-02-01-23,23,angry,8,768
646,03-01-05-02-02-01-23,23,angry,12,768
647,03-01-05-02-02-01-24,24,angry,1,768
647,03-01-05-02-02-01-24,24,angry,4,768
647,03-01-05-02-02-01-24,24,angry,8,768
647,03-01-05-02-02-01-24,24,angry,12,768
648,03-01-05-02-02-02-01,1,angry,1,768
648,03-01-05-02-02-02-01,1,angry,4,768
648,03-01-05-02-02-02-01,1,angry,8,768
648,03-01-05-02-02-02-01,1,angry,12,768
649,03-01-05-02-02-02-02,2,angry,1,768
649,03-01-05-02-02-02-02,2,angry,4,768
649,03-01-05-02-02-02-02,2,angry,8,768
649,03-01-05-02-02-02-02,2,angry,12,768
650,03-01-05-02-02-02-03,3,angry,1,768
650,03-01-05-02-02-02-03,3,angry,4,768
650,03-01-05-02-02-02-03,3,angry,8,768
650,03-01-05-02-02-02-03,3,angry,12,768
651,03-01-05-02-02-02-04,4,angry,1,768
651,03-01-05-02-02-02-04,4,angry,4,768
651,03-01-05-02-02-02-04,4,angry,8,768
651,03-01-05-02-02-02-04,4,angry,12,768
652,03-01-05-02-02-02-05,5,angry,1,768
652,03-01-05-02-02-02-05,5,angry,4,768
652,03-01-05-02-02-02-05,5,angry,8,768
652,03-01-05-02-02-02-05,5,angry,12,768
653,03-01-05-02-02-02-06,6,angry,1,768
653,03-01-05-02-02-02-06,6,angry,4,768
653,03-01-05-02-02-02-06,6,angry,8,768
653,03-01-05-02-02-02-06,6,angry,12,768
654,03-01-05-02-02-02-07,7,angry,1,768
654,03-01-05-02-02-02-07,7,angry,4,768
654,03-01-05-02-02-02-07,7,angry,8,768
654,03-01-05-02-02-02-07,7,angry,12,768
655,03-01-05-02-02-02-08,8,angry,1,768
655,03-01-05-02-02-02-08,8,angry,4,768
655,03-01-05-02-02-02-08,8,angry,8,768
655,03-01-05-02-02-02-08,8,angry,12,768
656,03-01-05-02-02-02-09,9,angry,1,768
656,03-01-05-02-02-02-09,9,angry,4,768
656,03-01-05-02-02-02-09,9,angry,8,768
656,03-01-05-02-02-02-09,9,angry,12,768
657,03-01-05-02-02-02-10,10,angry,1,768
657,03-01-05-02-02-02-10,10,angry,4,768
657,03-01-05-02-02-02-10,10,angry,8,768
657,03-01-05-02-02-02-10,10,angry,12,768
658,03-01-05-02-02-02-11,11,angry,1,768
658,03-01-05-02-02-02-11,11,angry,4,768
658,03-01-05-02-02-02-11,11,angry,8,768
658,03-01-05-02-02-02-11,11,angry,12,768
659,03-01-05-02-02-02-12,12,angry,1,768
659,03-01-05-02-02-02-12,12,angry,4,768
659,03-01-05-02-02-02-12,12,angry,8,768
659,03-01-05-02-02-02-12,12,angry,12,768
660,03-01-05-02-02-02-13,13,angry,1,768
660,03-01-05-02-02-02-13,13,angry,4,768
660,03-01-05-02-02-02-13,13,angry,8,768
660,03-01-05-02-02-02-13,13,angry,12,768
661,03-01-05-02-02-02-14,14,angry,1,768
661,03-01-05-02-02-02-14,14,angry,4,768
661,03-01-05-02-02-02-14,14,angry,8,768
661,03-01-05-02-02-02-14,14,angry,12,768
662,03-01-05-02-02-02-15,15,angry,1,768
662,03-01-05-02-02-02-15,15,angry,4,768
662,03-01-05-02-02-02-15,15,angry,8,768
662,03-01-05-02-02-02-15,15,angry,12,768
663,03-01-05-02-02-02-16,16,angry,1,768
663,03-01-05-02-02-02-16,16,angry,4,768
663,03-01-05-02-02-02-16,16,angry,8,768
663,03-01-05-02-02-02-16,16,angry,12,768
664,03-01-05-02-02-02-17,17,angry,1,768
664,03-01-05-02-02-02-17,17,angry,4,768
664,03-01-05-02-02-02-17,17,angry,8,768
664,03-01-05-02-02-02-17,17,angry,12,768
665,03-01-05-02-02-02-18,18,angry,1,768
665,03-01-05-02-02-02-18,18,angry,4,768
665,03-01-05-02-02-02-18,18,angry,8,768
665,03-01-05-02-02-02-18,18,angry,12,768
666,03-01-05-02-02-02-19,19,angry,1,768
666,03-01-05-02-02-02-19,19,angry,4,768
666,03-01-05-02-02-02-19,19,angry,8,768
666,03-01-05-02-02-02-19,19,angry,12,768
667,03-01-05-02-02-02-20,20,angry,1,768
667,03-01-05-02-02-02-20,20,angry,4,768
667,03-01-05-02-02-02-20,20,angry,8,768
667,03-01-05-02-02-02-20,20,angry,12,768
668,03-01-05-02-02-02-21,21,angry,1,768
668,03-01-05-02-02-02-21,21,angry,4,768
668,03-01-05-02-02-02-21,21,angry,8,768
668,03-01-05-02-02-02-21,21,angry,12,768
669,03-01-05-02-02-02-22,22,angry,1,768
669,03-01-05-02-02-02-22,22,angry,4,768
669,03-01-05-02-02-02-22,22,angry,8,768
669,03-01-05-02-02-02-22,22,angry,12,768
670,03-01-05-02-02-02-23,23,angry,1,768
670,03-01-05-02-02-02-23,23,angry,4,768
670,03-01-05-02-02-02-23,23,angry,8,768
670,03-01-05-02-02-02-23,23,angry,12,768
671,03-01-05-02-02-02-24,24,angry,1,768
671,03-01-05-02-02-02-24,24,angry,4,768
671,03-01-05-02-02-02-24,24,angry,8,768
671,03-01-05-02-02-02-24,24,angry,12,768
