RecordingID,ActorID,Emotion,MFCC01Mean,MFCC02Mean,MFCC03Mean,MFCC04Mean,MFCC05Mean,MFCC06Mean,MFCC07Mean,MFCC08Mean,MFCC09Mean,MFCC10Mean,MFCC11Mean,MFCC12Mean,MFCC13Mean,MFCC01Std,MFCC02Std,MFCC03Std,MFCC04Std,MFCC05Std,MFCC06Std,MFCC07Std,MFCC08Std,MFCC09Std,MFCC10Std,MFCC11Std,MFCC12Std,MFCC13Std,F0MedianHz,F0RangeHz,RMSMean,RMSStd,DurationSeconds,CentroidMeanHz,CentroidStdHz
03-01-01-01-01-01-01,1,neutral,-48.8879341124874,1.58219007794014,0.238573929450738,0.523549614711039,0.268210452465578,0.111612792958999,0.105149596382215,-0.190964569206674,0.00984848930701648,-0.0634906456003864,0.0646917205394524,-0.0503765924210614,0.00556668558583584,10.0624830990174,1.77616015398164,0.57085962539024,0.796097423788065,0.553905524617466,0.317178588542443,0.341895059550051,0.448814558966355,0.288310897446727,0.335918117591613,0.269151969527977,0.246206448513223,0.196044616407738,113.075616821496,50.4034486570134,0.00208062370264854,0.00344503017374827,3.3033125,2535.13918372006,1315.43364811046
03-01-01-01-01-01-02,2,neutral,-52.9725572564857,1.66841200723908,0.105149338287113,0.406374317297255,-0.000703961751214421,0.120970762218087,-0.127462553818841,0.0672690974485279,0.0155745055659543,0.0380111907066885,-0.0288072783023997,0.108210909848182,-0.0167357574791775,21.3454012825719,1.62366659829816,0.771208550372305,0.639406316241915,0.430501959400394,0.384407880410013,0.43635082420436,0.351895667713663,0.315851359010122,0.256787616036656,0.240341793691772,0.227633909529728,0.250099262988216,225.352112676056,199.134199134199,0.00325180043522827,0.00559824453474328,3.637,1879.8398269537,1289.33840031257
03-01-01-01-01-01-03,3,neutral,-50.96469903047,1.8311613637317,0.145926705874693,0.528843336899858,0.299802779591159,-0.0741222385882963,-0.0489732683179071,0.0686353860399001,-0.116939879150465,0.0849997690962437,-0.0727001904172582,0.0762293476796422,-0.0370300073099603,19.695273567498,1.55439582025415,0.638048592688458,0.795733225795564,0.515142577368536,0.390688263134315,0.337854877393233,0.278977057120606,0.318788903876596,0.342291826840461,0.258019075391758,0.218275164871056,0.231976390812728,168.421052631579,91.0038866243246,0.00365839170227857,0.00615220639914266,3.4368125,1862.74900821013,1209.37453503943
03-01-01-01-01-01-04,4,neutral,-55.9790737429864,1.41942928125379,0.197509303848376,0.392317860117771,0.0609961940843073,0.189607788969098,-0.13048677227812,-0.0158179968890631,0.0528059215657638,0.0269666476297231,-0.10670119069631,0.0916722081207447,-0.0282290103945084,22.7865160510396,1.65728714084871,0.64879917270323,0.573100408886592,0.387544374377908,0.36675581395322,0.337483785649158,0.298748218006257,0.277837644853675,0.242195792055359,0.256992472244128,0.229597409933817,0.264220630222307,240.615106286748,203.671970624235,0.0022662949463218,0.0036559492536658,3.3033125,1898.19766000462,1430.08059190684
03-01-01-01-01-01-05,5,neutral,-46.9799951451325,1.8595428848806,0.157341736481499,0.513676741310168,0.26110239361786,0.166359975121528,-0.033844152232731,-0.0258880751446614,0.078463075510604,0.0661040788188975,-0.0225481206432715,-0.0648619839880659,0.0262353621363935,5.7923258747081,1.89890501575688,0.644394912276099,0.873108475508262,0.484149454993505,0.376256115552336,0.350492843964639,0.330070406803079,0.268639145469478,0.303761375619988,0.251079568142678,0.246484886379837,0.212346826635939,133.333333333333,45.7380457380457,0.00135271870827492,0.00235680163118425,3.603625,1986.91568505072,1027.2994409505
03-01-01-01-01-01-06,6,neutral,-47.8565220966393,1.48340554297544,-0.152052629440483,0.642429472084464,0.0268912096593337,0.0920215184293188,-0.0849631587654903,0.0430564852131364,0.110011043507987,0.117752110006895,0.0975280159239792,0.0813660136939334,0.0411408013004456,10.2537085418882,1.74006201012268,0.845228167747018,0.757533220851642,0.45399752470606,0.30636961833249,0.421103515014138,0.29254000104117,0.256325862762515,0.289300875765114,0.266619172091201,0.223360869902315,0.272731572997525,231.884057971014,125.874125874126,0.00146866117584252,0.00232675852864883,3.3366875,2434.43028457158,1108.44278326369
03-01-01-01-01-01-07,7,neutral,-44.5682347002379,1.94137925940416,0.307998430825921,0.720649146259159,0.298412050129369,0.0434259352479281,-0.103630659030909,0.103507979282583,-0.0366978511027426,-0.12255140923352,0.125397966213992,-0.049882843979702,0.0323814009692558,5.94494703359362,1.86455183845809,0.59241255772406,0.842360547830789,0.653180276998076,0.370906907633628,0.414230029468119,0.235269919002969,0.322093584972685,0.261679297019728,0.319986288208642,0.282629524713606,0.241597201297048,111.111111111111,79.4956726145956,0.00249247036456347,0.00347201945961406,3.9039375,2107.98850587435,1249.80779425867
03-01-01-01-01-01-08,8,neutral,-45.7016499275241,1.87850222619028,0.49261364658223,0.614661674540231,0.21984146285648,0.333799157994723,-0.066209429083289,0.094362227609647,0.0752173060468969,0.0502268605353673,-0.08437322605662,0.0823466715823955,-0.0097996434085162,6.07739231259093,1.38637556588907,0.878000509147542,0.675705103676623,0.420196523010532,0.318358200282944,0.414773227858415,0.330127937317595,0.357820224641356,0.306474296273559,0.247619574772768,0.247523282096852,0.238183747454992,195.121951219512,89.6434634974533,0.00227181917728394,0.00332249195806838,3.5035,1712.21849175111,777.708512984656
03-01-01-01-01-01-09,9,neutral,-46.4958826852642,2.19692724904576,0.370251462328868,0.7670529546159,0.282896377530044,0.135045262836256,0.00371270173644709,0.123503190916847,-0.00584672094273856,-0.0655429309213542,0.107323637962128,-0.00490970661740101,0.0278278448440429,4.40268318884738,1.34530239196014,0.49829703524177,0.572836338226697,0.475432308028435,0.30717190047631,0.299170624436083,0.23767932288144,0.245323650163636,0.283357939975004,0.230577653549959,0.266327432246311,0.214575335352187,87.9120879120879,384.083496412264,0.00127105727344829,0.00134572962319113,3.2699375,1208.12876310901,844.101448101617
03-01-01-01-01-01-10,10,neutral,-43.0501785046188,2.25558167559574,0.275789852891814,0.603625674491428,0.244077555969294,0.186231890312675,-0.0775538385308696,0.0841897225148914,0.0948752606729146,-0.0965287803424627,0.0563780566694893,0.0120756209484202,-0.0394781249161805,6.80307108602724,1.58199365318013,0.626532257121258,0.634769150657626,0.44927328650222,0.335484717540022,0.377885526671917,0.304996586003771,0.329274932461194,0.274564825267805,0.299150776090185,0.222316970565907,0.259646942144988,230.227743271222,131.347842688049,0.00907943090284175,0.0128368107390204,3.536875,1849.04013672984,821.808725184798
03-01-01-01-01-01-11,11,neutral,-47.1407466923141,1.67549950801846,0.592031704388459,0.515117146845561,0.220984155569176,0.214463856378489,0.144433910085114,0.0110327957260844,0.0098596474687972,0.0891584195911603,0.0183995440779841,-0.0629076884462263,0.0374603746204486,5.73755025261632,1.79289077333686,0.58563320804053,0.618311543780326,0.450420325314103,0.312604427251075,0.286220922047595,0.271399320633654,0.276170284734619,0.25686577653545,0.258245818963341,0.264267933653286,0.217105577480918,113.475177304965,63.9230174413609,0.00167193961654024,0.00251491836219045,3.1365,1789.3493298001,956.175805366477
03-01-01-01-01-01-12,12,neutral,-48.4156232328648,1.96367195852134,0.268015823939897,0.617545006119091,0.144522710188631,0.34575240637446,0.0525113671709043,0.0271671751770599,0.0385688906504329,0.0759244270737563,-0.00392853214179348,-0.0361966546200403,0.230822890981054,13.8084957016428,1.65518063126312,0.542446726801109,0.744556698733414,0.474395260268597,0.32827363443728,0.382231001199831,0.315026237504942,0.260562088382358,0.259050174609199,0.243136688941166,0.253393558989903,0.274350960033953,205.128205128205,109.803921568627,0.00244849938601747,0.00344906685655778,3.637,1979.01581820931,1130.3027642858
03-01-01-01-01-01-13,13,neutral,-48.2799940510907,1.7688994973623,0.145454522307304,0.466032806958204,0.234486375204313,0.120812938911532,0.0427149222398304,-0.0952182694368487,0.0844363843042599,-0.0482032058112069,0.024733076811,0.0839045862520062,0.00395942439180286,8.02514252078217,1.87894287992345,0.513789609586785,0.736543855827727,0.511221728295454,0.309668536915123,0.288083050831347,0.386676967072892,0.244745540025295,0.317365643339409,0.298493409341972,0.266252006563276,0.247508019484579,105.263157894737,53.7657350117346,0.00173889274794787,0.00307821323390808,3.169875,2197.17161968802,1119.11270566346
03-01-01-01-01-01-14,14,neutral,-58.3739096324818,1.3742871756138,0.500964505494909,0.348798713414009,-0.0192752146706595,0.115598486180769,-0.0471762115247636,0.0049196749678407,0.0605551227289874,0.0621988254962753,-0.0235394175049867,0.0661302853114992,-0.010768574888468,22.8477303316396,1.57509406646526,0.666708872804413,0.655344406262567,0.389630932258886,0.332182418979432,0.309832186191156,0.281170066001491,0.259262375452567,0.23818089924167,0.220066294927546,0.196533398223765,0.195234756866788,193.946517778431,159.863945578231,0.00103205816976694,0.00172887489912125,3.470125,1847.78611670943,1471.98274647507
03-01-01-01-01-01-15,15,neutral,-44.835138727181,2.10623389427589,-0.0215455522266719,0.716076869671982,0.14079508100124,0.228652026992565,0.0731315481496225,0.0296198984258199,-0.11499530429933,-0.028549309671773,-0.00416382602752829,-0.0183857324349813,-0.0547272577083002,6.70029369858143,1.70316836713932,0.707353567045843,0.673235526006738,0.563666997429282,0.336886188263584,0.418035578583036,0.325092592968911,0.289057671234822,0.265433872492359,0.235613673825074,0.282878981040199,0.19813077744823,136.752136752137,80.0157925906429,0.0039483701634856,0.00658244033683082,3.3700625,1904.27524579961,874.571224024484
03-01-01-01-01-01-16,16,neutral,-53.8651258064142,1.91211889228007,0.407092578152525,0.505772815733182,0.0918406715899706,0.0599420188069919,-0.0293012463300853,0.0541190152144828,0.0256890250267801,-0.0414539266627897,0.047365395297271,-0.0182605196914746,0.0512148160315075,21.3518043822031,1.99754408679893,0.766495550215438,0.78867337896493,0.515394603063828,0.347634143428478,0.411232876375566,0.241148012245569,0.282117398705375,0.241811177942165,0.198681775635392,0.204829818499761,0.174383603607572,179.775280898876,95.2380952380952,0.00261565632278057,0.00399268199093468,3.7370625,1780.10089863265,1451.9661535609
03-01-01-01-01-01-17,17,neutral,-45.0130211921782,2.18750358528458,0.282185303246435,0.70484365263858,0.32457059681564,0.497459079257964,-0.0563544840781591,-0.0646435231915741,0.139884883806479,-0.142327957202065,0.0466123027254792,0.00978999180209512,0.0778519204299452,6.28533238811069,1.68482943929094,0.613625614538541,0.666825958440006,0.603976855619507,0.444427173487537,0.355173496513661,0.393288051746777,0.328192063916507,0.38309794626513,0.319614236444968,0.247601008373981,0.211603285575851,104.575163398693,56.5094544664204,0.00373727811446802,0.00565763096863183,3.8371875,1518.36175072499,758.239703906554
03-01-01-01-01-01-18,18,neutral,-53.3955278062732,1.79121980127703,0.445069355124784,0.500318258925859,0.124688619298122,0.220120268942347,-0.124858905020473,-0.0474185869989254,0.0822486481527172,0.0667183184392833,-0.136664469271472,0.0879684240308425,0.0947011686390031,17.1261280872776,2.11312879447534,0.627324345927115,0.67062918668791,0.400723990005295,0.366461627827558,0.386163767680336,0.294725004634192,0.267374239262343,0.256087472275302,0.252039021516162,0.176474937970451,0.222305288970243,173.913043478261,35.8649789029536,0.00167935865709736,0.00228383123686471,3.4701875,2157.7796175231,1622.87033951565
03-01-01-01-01-01-19,19,neutral,-46.6469855077088,2.06321068054649,0.448778189309341,0.461654324213344,0.224167377322736,0.306084042409877,0.0404516304686355,-0.158850769150257,0.0603467056808342,-0.11436388896279,-0.00630439809700896,0.116482941170429,-0.149560621288924,6.35572689562308,1.80889623763753,0.5883215221572,0.677936325266874,0.495723027023281,0.374981899819545,0.284572884416247,0.410925390472852,0.303689781098678,0.326849990803358,0.256910697236586,0.309253263174271,0.292943847833858,121.212121212121,34.7490347490347,0.00211341900980566,0.00305465004882711,3.3700625,1739.26790250003,955.507144698715
03-01-01-01-01-01-20,20,neutral,-58.7459914628236,1.28076811541647,0.261304189348081,0.38424928848706,0.0344974305092142,0.107804016432644,-0.103043254192705,0.0167885358281501,0.0734087848722041,0.0729061496093609,-0.0396774289353939,0.122289900351393,0.0252665313313164,24.2600376894179,1.50937421570183,0.614485429866064,0.694836824073855,0.361661670420267,0.33049039665573,0.32630339701774,0.287302096058894,0.310288869628096,0.270814155576017,0.190714277684284,0.214799896336052,0.191689337694014,222.222222222222,108.061002178649,0.00140443642834736,0.00221284687357194,3.470125,1800.24720242699,1413.03723726243
03-01-01-01-01-01-21,21,neutral,-44.8162193755001,2.3348739865468,0.253346852801953,0.745732469138444,0.104522909005731,0.251575950828066,0.0751503443023406,-0.141792764442149,0.0806387781355309,-0.066033473170553,-0.109532165651345,0.0369723129771788,0.058964569052239,7.18026457621414,1.61028326480983,0.738888273140387,0.787293271395082,0.628113488433057,0.33007644132455,0.470764249746885,0.38600745383523,0.350804778039099,0.306344589279323,0.257546826197643,0.259319862337694,0.217771641483888,100,38.9784946236559,0.00523440120536968,0.00864851277374821,3.8371875,1904.03723171959,925.140222052452
03-01-01-01-01-01-22,22,neutral,-46.4507912848254,2.00509436881358,0.212200458469148,0.418819247954599,0.234734698134561,0.210681044698197,0.0837082075161097,-0.120060366796418,0.0591058762731994,-0.049357208945695,-0.0314591176410876,0.0893398945236542,0.166744951304058,7.85509418042375,1.69724335202875,0.619159766603947,0.716045834547477,0.506842865518535,0.351151486480341,0.437658429605873,0.325463679175736,0.335032701713018,0.236655318218749,0.280657363164143,0.260899964138308,0.236915028504662,179.775280898876,68.6187518485655,0.00208651782704373,0.00281219182471295,3.637,2222.13034260601,1118.4102804255
03-01-01-01-01-01-23,23,neutral,-46.7829007517432,2.00650034742119,0.0229556615783614,0.669563480814074,0.254468613479864,0.0895848199935573,0.128734196225643,-0.182533484911476,0.0115378886855313,-0.0175594659319579,-0.0317613542434308,0.0275850720386388,-0.0421933383370499,11.6578073579007,1.61519542784995,0.625108395456738,0.81086343536873,0.510001675387052,0.330740986842408,0.417432884156439,0.421927902600151,0.298256719978656,0.284206272009966,0.266332340295913,0.298390560926862,0.239522456323696,140.350877192982,78.7878787878788,0.00433628799759582,0.00681647151162992,3.8038125,2099.8805881327,1155.49848318669
03-01-01-01-01-01-24,24,neutral,-55.8661608041899,1.81707366339048,0.236731388549068,0.323033035867124,0.0780314326704204,0.109672258400783,-0.10292391671903,0.0775900103379452,-0.0454282500304526,0.0150496036577271,0.0364997389349422,-0.0119686605768687,0.103111591239832,22.6362496100657,1.78803794674365,0.750116267848099,0.721641488456186,0.409556252617141,0.254767601568538,0.435581687023743,0.308673240532998,0.296914189545231,0.214025549296502,0.277343374324435,0.192331078421892,0.233885442918628,222.222222222222,71.8188914910226,0.00232136686541487,0.00359552250979212,3.70375,1768.30700151022,1417.70878648548
03-01-01-01-01-02-01,1,neutral,-48.0730085195938,1.55555675645776,0.164340124860355,0.631686193251917,0.257338376566129,0.243984624416239,0.112714021044976,-0.210554361080794,0.025106347152206,-0.0434093087448403,0.0520671014883272,-0.0593442909237415,0.0232238422825325,9.61919501772369,1.67920247105658,0.50954074129674,0.755183026992087,0.552516770087595,0.294413078468596,0.359028461801146,0.43316330894404,0.262178804215412,0.318099388435166,0.281692903329784,0.272774697716881,0.2125368813295,117.647058823529,63.0417651694247,0.00219914143945963,0.00368603578055331,3.3366875,2387.09070039546,1181.26933482273
03-01-01-01-01-02-02,2,neutral,-50.4755632851114,1.52441567047691,0.15082237518789,0.403507552640718,0.0123849355813894,0.150432945096459,-0.0857723381434437,0.0942904997783349,0.0151883384161134,0.0519545693066191,-0.0517417808736341,0.0663921565562259,-0.00872190332427837,18.062105870917,1.685925403756,0.802965098537377,0.689068473380519,0.441633250556588,0.376733361657961,0.40819688269369,0.321644050525499,0.307164921605743,0.268713868086561,0.237427437302066,0.262281008675502,0.297536944736794,223.787167449139,219.78021978022,0.00324797665784036,0.00524518875387201,3.603625,2175.28189004087,1349.7032257725
03-01-01-01-01-02-03,3,neutral,-44.0581516927306,1.95360645965778,0.238970788173244,0.659662757192185,0.361027844450581,0.00966923456505873,-0.0541480768702897,0.0944869697602746,-0.092243565853406,0.0398930675900135,-0.0449032105983457,0.0971680536771414,-0.104204896975429,6.07568947601739,1.48972816746027,0.590474529557438,0.817607169886814,0.519516162394212,0.402571450757203,0.35114932095072,0.308472397063111,0.320171393281471,0.338109658985609,0.299015660285276,0.23814995796991,0.301916711164274,175.824175824176,359.477124183006,0.00341887091662944,0.00539890522485144,3.5035,1821.29906766831,820.365655425154
03-01-01-01-01-02-04,4,neutral,-54.8219958603125,1.5700960667628,0.257303108044909,0.386188867661418,0.05175882688057,0.186722381900314,-0.122827159948569,-0.0644516237066093,0.0655774380735548,0.0136868938827134,-0.0774117494002272,0.131051657894769,0.0177082907340735,22.1276938479189,1.60690682320354,0.715759388372604,0.540967066473597,0.386405534660248,0.417273093583306,0.394023434086832,0.348292687125713,0.306869726881386,0.229955934610244,0.231117395036899,0.24326467277204,0.210690145090984,233.589087809037,172.004479283315,0.00253405297490223,0.00396121286089723,3.3700625,1886.02661564286,1350.72137163973
03-01-01-01-01-02-05,5,neutral,-47.0800975211844,1.67106365917431,0.0556182700570807,0.560649499352201,0.252199006796158,0.220814740534779,-0.131580279529508,-0.0690482137417794,0.0756690718194639,0.11428777816328,-0.00203994216696794,-0.0805573662971999,0.0661115161532083,5.77236884581713,1.76747414248033,0.667496995358653,0.928348681756134,0.556015846533185,0.350447253789274,0.348104683649036,0.335217124496203,0.29605951200399,0.299599945616315,0.275118755246711,0.262499883925708,0.224903816531091,109.58904109589,52.8417818740399,0.00112615721868956,0.00192410765552137,3.637,2037.30558811804,1020.00194467681
03-01-01-01-01-02-06,6,neutral,-46.3101857775731,1.58121384941524,-0.122744861796581,0.766992042054994,-0.0332564306368182,0.0180424184809482,-0.162112775641064,0.117538003476234,0.0865211696718194,0.129014421392051,0.0687640776504989,0.106409535902981,0.0894142262165035,9.95317803518433,1.79570311875249,0.821070219561907,0.791997110319679,0.504478867514552,0.321690869068227,0.443965629359624,0.324139874663504,0.273791248569783,0.289967629515699,0.276022375529612,0.269862761319565,0.253052499670581,238.805970149254,116.52101539742,0.00185227232739247,0.00263608435345619,3.603625,2265.52335509588,1045.5294376707
03-01-01-01-01-02-07,7,neutral,-44.2214044249499,2.00065958587149,0.32980515203465,0.696409375917187,0.257295182061683,-0.00625372886310556,-0.171612048364406,0.0918128691006427,-0.0599725572464681,-0.126143857115828,0.146190267297037,-0.0906820187201995,0.0227713529654825,5.56552475833522,1.8549149136065,0.613798497794011,0.761802363408633,0.684245679497922,0.350545261685526,0.427087720931956,0.250807678644805,0.332050677496484,0.290165478238973,0.325833862882837,0.293621577095129,0.263362242181308,117.647058823529,79.3869562820442,0.00266938104423301,0.00370699398214107,3.8038125,1990.90065914148,1152.67648798707
03-01-01-01-01-02-08,8,neutral,-45.4123376176905,2.02787089815116,0.477090061439805,0.656391991440268,0.160151149822914,0.362650848567433,-0.0126196020153585,0.0829965140936639,0.0642329040700555,0.0515605585563131,-0.0279825326111631,0.0982471909459,0.0294121927145498,5.91888551011905,1.44436956709186,0.883883268326255,0.738545596770907,0.511621694237061,0.33505683677073,0.36448955484307,0.308086816327364,0.383089377162884,0.2769477715282,0.268914122136993,0.220976443225282,0.225750445919715,192.771084337349,88.3838383838384,0.00240428858899537,0.00341076613168508,3.637,1651.57363256584,870.42585341271
03-01-01-01-01-02-09,9,neutral,-48.4903224985243,1.84285507825231,0.317766646827585,0.603896729796707,0.229883129460238,0.153431838214258,-0.0636170682955668,0.181039250535918,-0.0456591656101343,-0.0945337171064337,0.124792804666511,-0.0487496234266221,0.0967462416338037,7.31462432265946,1.69438342468997,0.608061993764771,0.599405756701804,0.544021361611002,0.33279189986724,0.307962780124069,0.253517159010946,0.28093694108384,0.305791992743969,0.263175908117071,0.286913892040669,0.222591273351406,88.8888888888889,38.3578064129457,0.000887691485224493,0.0012480082223328,3.20325,2033.40031465321,1134.46483903923
03-01-01-01-01-02-10,10,neutral,-41.4984109357994,2.01307999908724,0.331261864913536,0.622756032189818,0.0192287465702835,0.0840158494015985,-0.231951673869265,-0.0364064645562163,0.0523734261226588,-0.0672698657302021,0.0500360929363542,0.00451773559834929,-0.164768999211162,5.34269398300908,1.94732113346066,0.735361452678027,0.613300994343909,0.541968377351198,0.359235883870972,0.377393300390124,0.363884057180264,0.324461662197055,0.253827323836845,0.254984877916329,0.245918055686286,0.307929926527222,200,127.298444130127,0.00732974820372866,0.010275889142981,3.8371875,2160.33177104162,1177.82195040171
03-01-01-01-01-02-11,11,neutral,-46.6159598237244,1.83275825816289,0.558944132139727,0.493995498784296,0.229942751283549,0.285766628235097,0.159592683178897,-0.00945878424719324,0.0254133575717311,0.100062442127133,-0.0339490813835829,-0.0514037834390185,0.0205148383186342,6.83891247596982,1.79880726566367,0.512257745888238,0.617927614424132,0.452192415290322,0.335577794615689,0.255085357605679,0.34347417187349,0.251365487366543,0.270495642137451,0.269127317572304,0.270065145299795,0.21783641728462,128,47.1744471744472,0.00238607021848114,0.0034798887252906,3.103125,1762.02161821879,933.102637623871
03-01-01-01-01-02-12,12,neutral,-46.3010337433685,1.85241196424172,0.232854171758622,0.646229040663444,0.20309393229265,0.328196639816784,0.00881060187430671,0.0493231246435145,0.129834841717167,0.0600910737895798,-0.0109738439040403,-0.0556480526312619,0.208978415049386,7.82633292605294,1.64650551628254,0.537390821279059,0.731100883969462,0.484512563953901,0.312530514409459,0.387700767980665,0.297152195630691,0.302746011814824,0.264921404995427,0.22521634090653,0.246299967620298,0.275580120840624,197.530864197531,99.0297758447641,0.00236482732111455,0.00323734251516963,3.536875,2226.40118360142,1110.98686153839
03-01-01-01-01-02-13,13,neutral,-47.7888238934076,1.8412121292273,0.235939599424231,0.40664889062773,0.263572984158957,0.0969887724251552,-0.00636645552564539,-0.099343102477628,0.0940379083328216,-0.0866031848235476,0.0151052801926409,0.0883124878583856,0.027206189959336,6.82508301346061,1.8938874426579,0.488204125391681,0.713171480793527,0.517379059177476,0.350833646524742,0.302697380630762,0.36407884583493,0.258456907989723,0.291078672882325,0.313161179555347,0.281669512152551,0.212439855933444,125.492125984252,49.228015215932,0.00183220853787747,0.00312930073036922,3.2031875,2221.44674498146,1120.16001629808
03-01-01-01-01-02-14,14,neutral,-54.2486763322928,1.36595480972096,0.478922992068437,0.335620559043398,0.0589660843317372,0.106574561553804,-0.0661316462470101,0.0810508253011888,0.088242814806487,0.0507205365564318,-0.0351441121973374,0.0628631477819328,0.0214568852782639,18.8593836139455,1.61624461626181,0.720974987483351,0.656340618824653,0.361264390043928,0.3453149777497,0.285927280037803,0.292349026257875,0.249147689573476,0.259861441424005,0.240197384647121,0.211835569067735,0.197513160273153,205.128205128205,133.030990173847,0.000961960436288355,0.00159280194309011,3.3366875,2180.91048294102,1427.48061442457
03-01-01-01-01-02-15,15,neutral,-45.3956836673149,2.05522549372015,0.104066748002217,0.686703144333258,0.0626507984690065,0.151580459974588,0.13008418956133,0.0345279152552099,-0.0472758472589819,0.00647134353389458,-0.0347297844172811,-0.00404490798478129,-0.00836700050070293,6.70761132823671,1.62762219210188,0.758849172709467,0.70302683043067,0.624506526238623,0.256887873343574,0.426655260274409,0.308509671163988,0.274518845583954,0.256688016887333,0.239516861625324,0.259203090257265,0.195981990944774,140.350877192982,49.6551724137931,0.00320711577447451,0.00560395198906124,3.4368125,1762.71224058282,819.316035984271
03-01-01-01-01-02-16,16,neutral,-52.7672173876341,1.87345732555105,0.356207272201802,0.506607873873394,0.0385112743672701,0.0201575213734522,-0.0331402924653088,0.0644492960199244,0.0544128131194159,-0.0586989216767879,0.0644336260600431,0.0118406309054459,0.0442623830970036,20.3957685361619,1.91335339164484,0.849908446510715,0.78384772457027,0.557870276161626,0.367422802570106,0.405177649118173,0.252374703807861,0.28493613577512,0.239834688392623,0.215664309445484,0.194331276616894,0.192178770113778,186.046511627907,95.6352515985544,0.00278465647179127,0.00435219643529371,3.737125,1881.01531310862,1447.28576199991
03-01-01-01-01-02-17,17,neutral,-45.5096428824055,2.03272819495932,0.227675068916401,0.647598870595908,0.216826909541233,0.440258294720922,0.0803462253575542,-0.0623451244577509,0.140046771212299,-0.101074923456895,0.0468256892959682,0.0672017038719039,0.0783748686066428,6.54002870554873,1.59510610028489,0.585353083068216,0.635347231963482,0.588742035815017,0.373677074424761,0.29828525017436,0.37395630155872,0.306651689748049,0.346832251721159,0.301869416101508,0.235700723045246,0.215231580464493,108.108108108108,39.7458558257297,0.00358899403075004,0.00594490102194604,3.5035,1632.73925497562,780.354760350519
03-01-01-01-01-02-18,18,neutral,-54.6911015071933,1.87898688806923,0.420842957943794,0.440516488602927,0.106216200667595,0.222265335440061,-0.114058798597928,0.00372849816065714,0.0641063416133071,0.0865600253826994,-0.122845418478004,0.0616489611659718,0.134253087617003,19.118293160431,2.06331475440823,0.698926111613265,0.659016850712644,0.411994764624336,0.334559204389124,0.44125666713051,0.263022961518637,0.26246868512429,0.236810848738454,0.275522728027514,0.18904258568273,0.239739950181945,173.913043478261,51.2677626079688,0.00192925359050375,0.00264745308646144,3.536875,1952.41916696458,1526.97801073694
03-01-01-01-01-02-19,19,neutral,-46.2748910877078,2.04650341778824,0.485130410657064,0.554892305091629,0.308295545634089,0.324464315070878,-0.0159405158969462,-0.222201804099795,0.0267795755629763,-0.0930297298666349,-0.0154094406713986,0.0579453449687262,-0.103877332124148,6.14787972256292,1.79608916528417,0.602448187237251,0.688261597916478,0.485598989218655,0.380576537673294,0.377195635544979,0.405989436975008,0.310221933676169,0.310993276844877,0.251040423972557,0.293897874413928,0.28572004128566,122.607163828538,91.5705992968686,0.00206044244929973,0.00285529739474119,3.2365625,1782.10058401284,975.192187160136
03-01-01-01-01-02-20,20,neutral,-55.1531304444464,1.2888778910631,0.236595332494767,0.482562473545374,-0.043660611199494,0.133762481321235,-0.126321509960726,0.0629247520714061,0.0263962908287675,0.0602491340419338,-0.0494468208032916,0.126316597379534,0.0435428082924033,22.256563027445,1.56402704272218,0.593679503591366,0.711502895814306,0.464171480136131,0.337226762391316,0.357062753026342,0.319472550216193,0.279855909675097,0.292911808998872,0.249611473992346,0.23359754232013,0.213862316751604,253.968253968254,184.560780834073,0.0019927919850022,0.00289344554758149,3.57025,2020.85720354865,1455.0858782167
03-01-01-01-01-02-21,21,neutral,-44.6181368382577,2.41738247159057,0.412384510532197,0.720329709581145,0.094834003548963,0.311323546079764,0.00801891135766381,-0.177496611141516,0.0550831201914343,-0.057444201038436,-0.107294850686457,0.045118124929976,0.0548493147917917,6.58129342443119,1.6868322200177,0.678235663179741,0.727781331005539,0.651182548198089,0.337216962189655,0.447821539984814,0.351228753841221,0.307367224394569,0.329990341088665,0.282960714285347,0.254290009491917,0.208188568637782,98.4624706506097,30.3018346813967,0.00494505280200073,0.00826534901908474,3.970625,1763.59329638234,933.126113289519
03-01-01-01-01-02-22,22,neutral,-46.3075907437679,1.79362423837936,0.113073553475406,0.529147149500917,0.265422379605153,0.0999978423146024,-0.0094900880677294,-0.121331009063032,0.0989715934310437,-0.0146959761143764,-0.0669073370296415,0.0195287358956462,0.120717320519571,8.11748101695509,1.70259649017684,0.706288285801309,0.757711073917366,0.42818946841325,0.322666720111033,0.506491316563268,0.33002481359202,0.286066867756346,0.277029140322523,0.282915453257489,0.269513513068667,0.291588232112894,188.235294117647,88.3838383838384,0.00227138571147095,0.00360566035060841,3.4368125,2312.87376679213,1085.87587626294
03-01-01-01-01-02-23,23,neutral,-45.43446404884,2.07430098769425,-0.0662883274710848,0.701234225500082,0.197055656126764,0.133235915211897,0.201259373904028,-0.178606369653707,0.00498699938153191,0.0127340450949277,-0.0102008924940957,0.067492715253839,-0.0440338215373781,8.75474758115783,1.56464354033456,0.740601298138383,0.836211770048158,0.480144283837846,0.32880208478076,0.370273382656361,0.442560817717721,0.27711028882993,0.29208721855007,0.281592412634216,0.247066673513999,0.220356519081789,156.862745098039,54.8989706443004,0.00501813545173733,0.00783093232447794,3.7370625,1989.64855765377,954.269288988803
03-01-01-01-01-02-24,24,neutral,-53.5129498475695,1.61162207291944,0.151971624929999,0.417109089374783,0.0210593351982772,0.104296525057397,-0.151328907088988,0.0620632804145682,-0.0428710045837016,-0.0194725626414952,0.0744788166565693,-0.0158915006755183,0.084684203285087,20.5109218750559,1.64696900306372,0.786220017709663,0.72110223503675,0.454023128628075,0.278959021995163,0.395752532685472,0.290005034587783,0.297810571675076,0.218226737123749,0.304097495706983,0.19953571761894,0.239540770831486,222.222222222222,76.1904761904762,0.00213501562790125,0.00336113205278019,3.637,2052.82874129968,1403.34304033402
03-01-01-01-02-01-01,1,neutral,-48.5986034439598,1.64368637639024,0.260465485124531,0.544978292448075,0.24461461472915,0.236689234826547,0.0987233122587399,-0.190968239477108,0.00667794179752554,-0.052892342355227,0.0653776410379264,0.0118961504503251,-0.00478108075215447,10.692188088595,1.81684119388598,0.678120695892678,0.657920233026235,0.561363637248698,0.332784692852021,0.379792813663021,0.472207421168569,0.278167310919353,0.32166258333107,0.246645179450911,0.271050867479023,0.213869390607496,116.788321167883,42.2287390029326,0.00267077939513655,0.00435736438794581,3.2699375,2402.97041034511,1243.15125527818
03-01-01-01-02-01-02,2,neutral,-47.7689968652599,1.72120488676369,0.155950664454407,0.366935043872588,0.0795983870408185,0.197510525314837,-0.100446498187407,0.0667055254013942,0.0235693992322395,0.0334665435041172,-0.0530715429521223,0.112969172553508,0.0175521997942983,14.4647793621306,1.66841993227923,0.927388199890741,0.717009515658748,0.52625426974415,0.379851418607909,0.405237782459696,0.315152166837428,0.326191260209384,0.258674695639494,0.262637021302972,0.232105773440707,0.228003688765099,233.589087809037,161.779575328615,0.00502551633801721,0.00809666315378352,3.7704375,2333.06367059797,1361.20979131738
03-01-01-01-02-01-03,3,neutral,-48.0318452260829,1.60875565800411,0.195501937972752,0.541704372423934,0.349557466377303,-0.0813176002753733,-0.00820008523138012,-0.00815523719749588,-0.089623691169226,0.0757850606908885,-0.126042264514943,0.100971271190199,-0.0619588287739382,15.8064313049753,1.72262151623382,0.771063365600265,0.753952233316221,0.443708698954825,0.387829412052406,0.360473676021852,0.317965794797695,0.35165610811883,0.330384928741765,0.297637917422386,0.261783864374073,0.220368651969,148.148148148148,67.9527785775986,0.00390512477160999,0.00585079196722456,3.5035,2231.04304012497,1333.61267948614
03-01-01-01-02-01-04,4,neutral,-59.6105872210944,1.60968009530328,0.224919662018821,0.309721022994027,0.190990362913137,0.184070707087175,-0.0958111873815016,-0.0177135206516373,0.0626284209977656,0.00394100581295365,-0.0863378363899976,0.0944371081185846,-0.0182622433983741,25.388068384407,1.68651882854359,0.763130906195807,0.597816328141816,0.456734593843021,0.407253871344331,0.345879860727839,0.284494619707318,0.260046882580316,0.187363869468227,0.227969861276406,0.227550897174281,0.157398488688709,210.526315789474,183.512544802867,0.00244044806095945,0.00377921397887148,3.2699375,1590.013008349,1414.3262879702
03-01-01-01-02-01-05,5,neutral,-46.2839899156229,1.7846707309247,0.127680141979269,0.622260463426312,0.211325490607323,0.318331739134352,-0.102498747363359,-0.197557846529513,0.0868606972249212,0.084416360492125,0.0279811351884828,-0.0792645767836297,0.0270790468276745,6.45456864564928,1.88340790224994,0.688112926515695,0.785537930068734,0.692737545954047,0.402125301003128,0.368885700751645,0.401347314956758,0.269071735887856,0.366122281598174,0.254991050218199,0.261367024461161,0.211094033932106,122.137404580153,42.2282120395328,0.00199471312076561,0.00314584617549846,3.103125,2122.36992169245,1104.29936513773
03-01-01-01-02-01-06,6,neutral,-48.1805523024829,1.61092196548658,0.0340925543672439,0.626792670463322,0.0785008476801993,0.0477260165838678,-0.149331834980647,0.0590095710667396,0.103814538525406,0.0613636365123066,0.12979656154954,0.0748653387911135,0.0733086736091535,13.2866752312742,1.57803692361786,0.87908836740654,0.744762612378759,0.57459231810176,0.386307227573229,0.419454215526995,0.255492528911827,0.264442820650822,0.302467730301198,0.27516288810918,0.28425330097864,0.265028422147322,219.178082191781,114.035087719298,0.0020186919139005,0.00314372062222799,3.4034375,2296.41417225366,1246.68400604763
03-01-01-01-02-01-07,7,neutral,-44.6138047518463,1.9592698756092,0.279974348353795,0.65014041885678,0.391017973915038,0.00764458954056979,-0.176779632055406,0.040041532462407,-0.034266053312377,-0.13272350254372,0.132304704274095,-0.0279242992916698,-0.0142828105529282,6.22482716280018,1.77280606624222,0.660381505460718,0.769426155912881,0.671505864223817,0.398438117294707,0.444394883656382,0.265458883135274,0.336661266278566,0.291775326976736,0.301323955894617,0.296350269310965,0.267907878582986,131.707317073171,104.413858566682,0.00295733473908499,0.00406153845244402,4.1375,2208.44597760315,1249.78508031403
03-01-01-01-02-01-08,8,neutral,-45.4724965994151,1.98897348954944,0.581298642419109,0.621318868462702,0.25468391408596,0.337315129910958,-0.0159064996220593,0.0508754247379265,0.0490351064361052,0.0147086104335077,0.0103639521659398,0.087716910886346,-0.0177165525218356,6.13903204650297,1.55952522002324,0.839602826979017,0.824020384712231,0.491916005985233,0.315910482819707,0.377998440998205,0.300916952914762,0.359787229686044,0.304003607124786,0.229854475742091,0.235249421271476,0.219996656246872,207.792207792208,74.0031897926635,0.00280186864695127,0.00380424004244502,3.536875,1758.8142404403,1009.70879506186
03-01-01-01-02-01-09,9,neutral,-50.2879868409046,1.58882710133732,0.374139092626415,0.551227952863988,0.312080580231551,0.215848365155818,-0.0789321327445269,0.0813170894471113,0.00958950497044044,-0.0835140200923959,0.0733556710054469,-0.0464461520322792,0.0103414376839314,12.4387815174952,1.888674435859,0.578888571191268,0.652851411405688,0.411098367393331,0.380442271561369,0.318174447365044,0.240789158702182,0.308504277968457,0.315020436531956,0.25674799833418,0.235114552447168,0.216127509572796,90.9090909090909,65.3977158885995,0.000962751437385965,0.00136548661189486,3.3366875,2121.39503571915,1298.85056400275
03-01-01-01-02-01-10,10,neutral,-41.8349512948543,2.3264328018746,0.153029978305058,0.737961276430311,0.2353707151498,0.152201284144337,-0.356118101329238,0.0452749060997804,0.125087776017862,-0.0646726351264903,0.0402734578454833,-0.00671915359078566,0.0656647965050161,6.18236095814486,1.59227972306557,0.915846193909922,0.612824720628842,0.490811285419469,0.373187484531347,0.581089078390377,0.32907933858757,0.342434365620742,0.341843547170352,0.280944234972403,0.253042563470285,0.259004719801931,235.294117647059,111.801242236025,0.0109912102418647,0.0146801703550195,3.7370625,1867.54158017917,1035.64474368757
03-01-01-01-02-01-11,11,neutral,-46.7702020669786,1.64237225191297,0.639129941060327,0.561843476944369,0.279486754425922,0.275495399499331,0.126062654526054,0.00401670090261429,0.0935893827738101,0.086569671363229,0.0164195116664969,-0.0235913093679875,-0.0379372139561107,6.20659423377346,1.82690880703654,0.624807300903644,0.705789990359903,0.398988336946687,0.334878988656813,0.314043378057465,0.310192785374645,0.234190078755332,0.284747651164797,0.223620721750971,0.232143514590279,0.208461346300537,115.107913669065,56.0314230277791,0.00209567871836287,0.00294825285045543,3.20325,1852.04618019601,1082.08845374724
03-01-01-01-02-01-12,12,neutral,-45.5273245749348,1.96320274159185,0.205153357033447,0.689016302632189,0.287933587781448,0.272185691538349,-0.10582277672232,0.0248492916994421,0.109215220847462,0.0956968014266079,0.0446521834358687,-0.0454030924373846,0.27645141061266,8.76960738043006,1.54935459751234,0.634259029085221,0.74823354400914,0.550259102536493,0.37791603478938,0.487922112704605,0.299382105495674,0.293585034723282,0.300852488223607,0.243307685742723,0.265737337811381,0.260190491311047,188.235294117647,101.201771030993,0.00322109560958359,0.0043554430622427,3.603625,2168.29052119722,1171.4658147264
03-01-01-01-02-01-13,13,neutral,-47.6359252416265,1.71033869907763,0.166703622965453,0.399598561607334,0.33529564759044,0.138117364180468,-0.0661341854721824,-0.16676093767017,0.07006579540445,-0.0825346894595235,0.00673401601356401,0.0814550872764795,-0.0236315233972662,6.94389540103304,1.79519036617574,0.526107684955671,0.701236824881044,0.464171539049596,0.293181792143413,0.318483271345726,0.430827508546314,0.26084194805854,0.294579733966926,0.287549608744863,0.270509162597979,0.255862331382293,132.782369146006,53.8406781854656,0.00185823755553693,0.00317964251313001,3.06975,2254.3177528343,1070.61333382293
03-01-01-01-02-01-14,14,neutral,-54.3132078031382,1.36421506692238,0.409333588792437,0.32272863791059,0.148654767129174,0.121540891909183,-0.083713702147666,0.101985750643826,0.0845128605917416,0.0337277634150481,0.0155859720642574,0.0783254934054877,-0.00533592441511708,19.8046991613274,1.60998817296099,0.744558449869099,0.654939646884553,0.405417064263637,0.412443024041513,0.357155840006158,0.259465873071679,0.290042738562511,0.232954467338896,0.207857981560284,0.216305505100758,0.181752106059062,235.294117647059,144.175824175824,0.00142462967650328,0.00215051575176412,3.4701875,2195.9577592356,1489.306535225
03-01-01-01-02-01-15,15,neutral,-44.9918406930311,2.20645207199139,0.111987845605538,0.665095965972983,0.215795782017302,0.177648041772012,0.119528960944981,0.0379174591130253,-0.0824446652307784,-0.0189799363987423,-0.0127445502164861,0.00398679083995122,0.0491503594420078,6.97794514437029,1.69381584156225,0.850040488851061,0.620926531910666,0.531720198516894,0.328335765404132,0.365857834821325,0.355383839015607,0.246640749976347,0.319105293745475,0.246626536679129,0.262034539088651,0.191651976324166,118.518518518519,71.9280719280719,0.00393656821913117,0.00619247715392057,3.43675,1624.98929433158,873.257532938226
03-01-01-01-02-01-16,16,neutral,-47.9749349352444,1.99939743299151,0.469319180107929,0.558901854141002,0.101573913725202,-0.0903130718131987,-0.0955324085752485,0.0644547764720184,0.0944105459250747,-0.0423300496613528,0.121467619088527,-0.0278627442882008,0.111461883998303,14.8961984598567,1.7733001493014,0.92015474641914,0.79896539884767,0.548909716993882,0.423343020869981,0.40579093612501,0.307690732401129,0.33596895629797,0.254828448326797,0.281474106482111,0.233840566217805,0.214205260317541,205.128205128205,151.669496321449,0.00433271137507392,0.0061970247145496,3.603625,2215.29807413477,1433.8945528611
03-01-01-01-02-01-17,17,neutral,-44.808223369786,2.11985475575951,0.256790694931606,0.595039835262837,0.230434177196221,0.537070540422211,0.020778022469115,-0.0825899609484143,0.138703223961685,-0.185508651922608,0.0662079872233014,0.0294249624618784,0.0247654352478433,6.76341972437369,1.72382562603854,0.655041772513592,0.653944702728188,0.578683262880628,0.41096097919094,0.284955360703241,0.380683131048787,0.26167617212649,0.390299708258432,0.29991102736449,0.255305559634264,0.212389516849206,110.350076103501,40.8028335301062,0.00449168814555286,0.00672743738573441,3.5035,1660.87911477828,884.525800171611
03-01-01-01-02-01-18,18,neutral,-53.9404516940055,1.76534042017362,0.585224341357458,0.328456338796418,0.052054392199451,0.327078250797087,-0.0906537145553545,-0.0124512089130042,0.0445470236410919,0.0737765170104301,-0.0652358556572029,0.0228186921218096,0.137021135913274,17.240495334219,2.00013899189364,0.739539090217311,0.575361484876157,0.489119643844325,0.422999359972076,0.321668825649179,0.267395044211814,0.28782127969639,0.263010352844518,0.214068777495577,0.151555690558025,0.21194858539368,188.235294117647,58.1453634085213,0.00173654676654946,0.00233886971552777,3.470125,2204.7219221976,1646.1363521815
03-01-01-01-02-01-19,19,neutral,-46.4142306055096,1.74944278905448,0.480135000114076,0.56837945442333,0.321530136369205,0.347919644058199,0.00996579789876872,-0.220652800976955,0.120343084088205,-0.0631440015477506,-0.00631549288722046,0.0684101485457987,-0.165523636679882,6.20658102264866,1.91992551418177,0.592655352966773,0.675685319551418,0.470283194422288,0.41010920912919,0.333710609535498,0.408866447952902,0.263878285219417,0.327081034033628,0.25637503875553,0.282102273222479,0.334417649826484,117.647058823529,49.1551459293395,0.00204070311478157,0.00267559768968561,3.3366875,1922.06750854991,1027.56919805959
03-01-01-01-02-01-20,20,neutral,-59.0239223130383,1.34597160857186,0.323766036775432,0.390724171990989,0.0603060200377121,0.109995272667737,-0.0897786435064305,0.0698625090997495,0.0631615878242877,0.059080538348729,-0.0404798545374945,0.143991405776318,0.028709624005893,24.7284364909415,1.64279128539848,0.598935694950326,0.685185796138376,0.458374630580348,0.285579770299773,0.320606986612647,0.321054129419088,0.279063832887183,0.247870480543038,0.208026855277396,0.210401769077891,0.182466141657272,250,248.677248677249,0.00175680758255995,0.00270009495831124,3.4368125,1731.90696939436,1465.32248403373
03-01-01-01-02-01-21,21,neutral,-44.9649144164539,2.20683137199091,0.261456288874754,0.678755155662316,0.174832529997356,0.318840133533539,0.0233506054065283,-0.200281210612836,0.0508507814069175,0.0144654733660104,-0.10143860037048,9.59915410937721e-05,0.0122220538888821,7.74508895512121,1.81010658939731,0.74105732490608,0.651698573331611,0.586698179418804,0.351803268718493,0.462445755626706,0.413482296482332,0.309833633187223,0.275752459536003,0.296047949380159,0.236610078839039,0.225984189591864,95.2380952380952,31.0051950193782,0.006041301405827,0.00906249745075931,3.603625,2045.00555537998,1118.33015381501
03-01-01-01-02-01-22,22,neutral,-46.1628998106851,2.07879013187696,0.263314624670933,0.416442265379507,0.320151418216274,0.15326609406586,-0.0814303999183602,-0.113845336535057,0.167674072246988,-0.00775026039765201,-0.099648539107064,0.0509258045968407,0.132778411790971,7.5311933526245,1.71643183961112,0.772745285658871,0.687252653162624,0.511128591361411,0.324932300632249,0.468829302243206,0.332788521294825,0.320890735194751,0.267002210689002,0.283243871729076,0.237500082966727,0.223425729599983,193.946517778431,90.8140403286035,0.00256033812578302,0.0035354403955641,3.603625,2283.80854527054,1212.29554062601
03-01-01-01-02-01-23,23,neutral,-45.8126633381138,1.89151582942936,-0.0412889685143058,0.670069476753712,0.186125482077929,0.139835869389536,0.177649260385758,-0.1757744407317,0.00949331668353097,0.0161426886084331,-0.0349308474353783,0.0425410533767405,-0.0129614682337283,8.74999639251791,1.70854619285907,0.820905591113844,0.853893434757709,0.483875105156053,0.342345203179507,0.376937429675936,0.421579985848685,0.271234825204494,0.332359351812637,0.254903639406389,0.28455783777165,0.223073825829941,160,53.781512605042,0.00558728419652316,0.0083506630278504,3.670375,2312.89597047714,1164.36086977539
03-01-01-01-02-01-24,24,neutral,-55.3405635865892,1.68134295345435,0.251439734114057,0.326040583270977,0.107324980381992,0.107663674948041,-0.1380803069397,0.117554953256822,-0.0916901600511518,0.0892596395946553,0.0393255750024721,0.0135685941671069,0.126872268670773,22.8004164290594,1.79936550351108,0.849000664154844,0.708654837915836,0.425891533331286,0.275712333216576,0.430932620485503,0.303182377214746,0.274309007098323,0.210843617350268,0.271586679705128,0.212343006416966,0.252426725788378,235.294117647059,101.174345076784,0.00275250471418761,0.00399437001126841,3.637,1803.38423579706,1447.71597267881
03-01-01-01-02-02-01,1,neutral,-47.4838205540183,1.77673895473527,0.200933948718031,0.528277699381956,0.283678296832894,0.283025236879398,0.0311286205526137,-0.250653148272708,-0.0377123890872837,-0.0129006903278846,0.0470983693447532,-0.0232829814197714,-0.0200534581131814,8.66947881482922,1.62724544863823,0.703342043375979,0.669709648485141,0.527641746250156,0.334616812492386,0.4131074943721,0.42286805067447,0.24747915871154,0.25967584684077,0.245215251334135,0.249783674344309,0.208740555086313,116.788321167883,47.9672950261186,0.00247280276361686,0.00423195185390859,3.169875,2300.40350570253,1121.21771910612
03-01-01-01-02-02-02,2,neutral,-49.8345029729512,1.62104671886177,0.193121623305847,0.378080948649255,0.057393776492035,0.166398159764864,-0.0858241981527606,0.0799995837518049,0.007146870478926,0.09909062509622,-0.0370591021384596,0.093714962005183,-0.00768902051238186,17.8584922632137,1.64737031392347,0.879225645260732,0.71956062949535,0.468166431001802,0.371114599352798,0.398936644929478,0.285006421504025,0.312566856176368,0.263296499544567,0.307742424348077,0.225559123105621,0.235654833877877,231.884057971014,167.320261437908,0.00454023899972551,0.00719858572374105,3.603625,2245.33438080728,1429.9391917038
03-01-01-01-02-02-03,3,neutral,-44.3609501683219,1.75197951317567,0.232585253132513,0.611629692777413,0.489410480605014,-0.0864270434315688,-0.110943432067752,-0.0114391030029818,-0.129249275780398,-0.00263154367603697,-0.0698306263716482,0.0841886649887744,-0.114782806220919,7.73976650525492,1.54370691983105,0.680610397187428,0.646997305569854,0.450937339652054,0.393790793850628,0.341263472092025,0.304851876480049,0.356960634816645,0.421501097613318,0.254768013519214,0.235311942085103,0.285469145448363,155.339805825243,370.588235294118,0.00418127537690561,0.00700714591739079,3.4701875,2372.32306122151,1134.43346430295
03-01-01-01-02-02-04,4,neutral,-59.3370977825944,1.56946555001847,0.27626434248683,0.29316216664896,0.146262697476986,0.176900659231261,-0.083499224048139,-0.022894193220316,0.0643104798500198,0.0223143869446826,-0.08468570102442,0.121497217081936,0.0139970188133133,24.9857807335214,1.63234147071008,0.724399231857834,0.547687698030113,0.443411777349328,0.340555317563504,0.321411423028004,0.269958963101819,0.252008999370465,0.187735181924978,0.217551925597016,0.245561857913738,0.162437331341241,202.53164556962,170.212765957447,0.00203853811445385,0.00316569060193641,3.2365625,1684.13363855543,1485.96503326472
03-01-01-01-02-02-05,5,neutral,-46.9282684909443,1.76136038077444,0.277018298500884,0.554058554490102,0.132242362964509,0.247145040316562,-0.134639169180244,-0.0845197117724859,0.00956622031100594,0.0252323162165014,0.0632958009555749,-0.0654281657951475,0.0185021240256909,6.2940700491561,1.97965011864685,0.68456700772236,0.718296869458991,0.566364182760121,0.368390638514621,0.42046745767113,0.36879911814799,0.25785443306395,0.277648138077763,0.279170513532308,0.23763361793699,0.199753597024804,106.666666666667,45.5648926237162,0.00162255548343642,0.00244635620443765,3.603625,2114.00365224739,1157.54225652443
03-01-01-01-02-02-06,6,neutral,-47.1788973112344,1.65757259432715,-0.0233854529088235,0.687442091657271,0.0737435149191379,0.0561636394140671,-0.148933699150668,0.0992238279926241,0.101323449732405,0.0446138924972701,0.0740637659505288,0.0781022873659943,0.0662142595446931,10.7691810313317,1.6016099146774,0.905338824214663,0.790554144196979,0.54694560898284,0.349352998707218,0.384196671603055,0.283902086657665,0.27271186526104,0.31717211304275,0.285886312027638,0.262243037166967,0.23076008135092,225.352112676056,97.2733971997052,0.00201074403655696,0.00286440996115565,3.4368125,2373.63663840416,1200.68480822661
03-01-01-01-02-02-07,7,neutral,-44.3322903243216,2.0098845244874,0.466923877223295,0.599496325021915,0.308587516266088,-0.0316217860010828,-0.137323567497423,0.119314903283829,-0.130393009062672,-0.0746142799220538,0.126049831951976,-0.0710136484463209,0.0445413570678459,5.47688573421184,1.9071724586064,0.640196776199699,0.688413940495549,0.626349457740443,0.399016627165069,0.385110334983986,0.243242251244123,0.322049528879985,0.264303804163567,0.33228075617643,0.256695571456524,0.263955305718818,108.108108108108,62.0490620490621,0.00235824129582841,0.0031489466842785,3.7370625,2156.46591240307,1341.14633003748
03-01-01-01-02-02-08,8,neutral,-45.404683983929,1.98035091381007,0.517183820003114,0.576596699510946,0.227605912775101,0.364434304182927,-0.0234669391983364,0.0164292516072032,0.077571826527773,0.0154662321558773,-8.43889703438867e-05,0.0834973444147312,0.0113749654243954,6.06677812068613,1.53398830363864,0.885688456721366,0.755142750919593,0.457726027278091,0.326951780012972,0.331316816538828,0.323724340262087,0.376961282735427,0.27572724515019,0.243863949036015,0.246205218517473,0.250970577802528,190.47619047619,73.4682163868561,0.0026432197385472,0.00372139299250532,3.5035,1674.08920118585,970.300876184015
03-01-01-01-02-02-09,9,neutral,-51.7529714599528,1.69938583319279,0.341157010351417,0.619857130528211,0.235062482891893,0.225233555235295,-0.0677940289051686,0.0907424977774905,-0.0259451002457154,-0.0704585334282891,0.0321933909120504,-0.0252638634585814,0.0203700622578225,15.0845062344488,1.83577957234989,0.563254929800175,0.638352996128702,0.424935086725948,0.391290651243315,0.316144135745169,0.280363177092734,0.30313016028628,0.323692982904719,0.225796406378701,0.256486780323484,0.224766452792818,85.5639441775337,31.9003115264798,0.00104124692583035,0.00148792260935892,3.236625,1944.06066841411,1281.47230826386
03-01-01-01-02-02-10,10,neutral,-43.236224816182,2.00209033613001,0.527595893789175,0.605261191216187,0.268743600969745,0.291274891549793,-0.07858164361849,0.0691002211462914,0.0820960262494204,-0.0455042071652184,-0.0193605400383247,-0.0135295038330559,-0.0294905618820328,6.20755344244026,1.76494147068149,0.665374224612994,0.508510535013784,0.505540379508333,0.347577217204562,0.378804206500898,0.321789302059613,0.301117683124393,0.28543432356027,0.279096707288019,0.220184275871896,0.295396500148893,210.526315789474,93.8740293356341,0.0074774037880372,0.0104384726519174,3.670375,2006.1616497029,1096.63773959809
03-01-01-01-02-02-11,11,neutral,-46.1287754430817,1.77266171662327,0.718757294448246,0.599283398467716,0.309059256990966,0.223370862612025,0.105283123926655,-0.0540347029383935,0.107133920704681,0.145709537088212,0.0170706873325582,-0.0379753162053156,-0.0234940415594295,5.9238893532666,1.77565206849301,0.585060503426289,0.614363295595254,0.402762106406499,0.34904568595789,0.367278344894215,0.303325939726124,0.221692666059465,0.274594306887099,0.218197340558325,0.236572045853833,0.217257176888449,112.676056338028,57.3823940381928,0.00217797982234752,0.00284163476511166,3.169875,1625.78028203448,1056.79312171746
03-01-01-01-02-02-12,12,neutral,-45.8204564807327,1.8672585089971,0.341769188907939,0.540060194283785,0.253999075415996,0.276118276285326,-0.0899111044559854,0.149160337148013,0.103805377718151,0.0806944547806676,0.0344523180075706,-0.00448364934043756,0.239194789049747,7.62827706415921,1.61420564968189,0.603399994983965,0.684890092163036,0.573291995661819,0.348746580775216,0.510055498497453,0.305378422100221,0.321021951293396,0.286306472939823,0.23653477747586,0.258120033473306,0.254269500284464,187.140902872777,90,0.00288088164430675,0.00369164720629999,3.637,2313.68670018897,1250.08339309861
03-01-01-01-02-02-13,13,neutral,-47.1812924515204,1.54090339332438,0.09311366921618,0.420942329417822,0.26344642888692,0.15163987594029,-0.0132234105323466,-0.177815411340024,0.136758072740489,-0.101222236569836,0.0380325451372011,0.087720746455915,-0.0250837989192141,7.39052971308329,1.66728103006103,0.565821351805806,0.753187761655488,0.448478567899167,0.340415515071003,0.313253395787408,0.476075886065578,0.265499930823761,0.299380910975262,0.317493317804202,0.289327304612692,0.248309365200425,137.931034482759,54.421768707483,0.00226971045859052,0.00379035525551861,3.1365,2342.26867442975,1041.34608305978
03-01-01-01-02-02-14,14,neutral,-54.2328864945111,1.45031727104309,0.435498623421914,0.226452929875945,0.0833206052997797,0.127958080852328,-0.07605747453521,0.104807655689711,0.0581368189175112,0.0492741142019408,0.000579796835797598,0.107477143403157,-0.00689674029744069,19.9586488980036,1.74988039773219,0.65479683355652,0.633892979549563,0.399038043614631,0.390646919908968,0.339883099584309,0.261644597191267,0.26757113343108,0.273147800254438,0.227066308936924,0.226120884479362,0.22753518909565,246.153846153846,168.384879725086,0.00152656286575033,0.00224740520435731,3.57025,2153.16615290263,1531.82705269668
03-01-01-01-02-02-15,15,neutral,-44.8796854837999,2.15836893939762,0.172718324298256,0.716979705197801,0.154958587043915,0.262958926141001,0.015164484416462,0.00604592071744455,-0.0479076955992821,-0.0291690693464246,0.0062752568973037,-0.0629059271242474,0.0169025784606698,6.79532718281517,1.715731944393,0.758068974343042,0.663531678973573,0.556371145644316,0.27972779320785,0.409569765179312,0.346192837237225,0.290007239713503,0.275216411185081,0.272708577771258,0.263753328287358,0.186449277439406,133.333333333333,66.6666666666667,0.00400121931179167,0.00646108298015161,3.4034375,1685.76096917587,929.653466415013
03-01-01-01-02-02-16,16,neutral,-53.2747312564338,1.73684601441531,0.489281987659882,0.533522294731948,0.113151740744216,-0.0276526134371573,-0.0377594073455346,0.100476361806997,-0.00578195350723312,0.0278406651839974,0.0584558680278669,0.012042051718926,0.0767159306112495,21.3442595005695,2.05749269730324,0.861184084424101,0.83389651616737,0.518662313947028,0.355592881474752,0.374704750383437,0.234323104093193,0.24902222442346,0.266662327607464,0.229476753745419,0.185441319773079,0.191323264376539,207.792207792208,118.150937823069,0.00396589267667822,0.00598498273325463,3.57025,1992.52553939096,1671.31920081408
03-01-01-01-02-02-17,17,neutral,-44.6264138395422,2.1129602632461,0.126123297322424,0.635823518122952,0.207412386211138,0.65475808219816,-0.0906418777029597,-0.18879030813104,0.142286219568157,-0.123836189452225,0.107040210156879,0.0819834224787369,-0.0141674337338802,6.24278785517887,1.79564614196857,0.798300417126976,0.627812659062897,0.583209650663307,0.386563682793269,0.377414788957845,0.381382705835567,0.263199239876805,0.385504824649745,0.321577665390679,0.285310248909037,0.211250211785165,108.108108108108,27.2515785975407,0.00437826771370995,0.00676013138637042,3.470125,1614.91828482347,842.451062163494
03-01-01-01-02-02-18,18,neutral,-52.7751094040038,1.95523480587533,0.396980428286111,0.326886271458348,0.10600023723786,0.220202810893626,-0.158598932268474,-0.0805312788128188,0.0774210056504707,0.0193338623019624,-0.0459247891025221,0.0873562454908187,0.116992018851678,16.3473093996838,2.12365800596589,0.69767889208406,0.5978081072151,0.493537023685059,0.362437360957612,0.399911645718909,0.271577773948242,0.260709565210664,0.224856138063704,0.205218941117172,0.18211962025598,0.20383030332011,175.824175824176,46.5874679711158,0.00184578580117606,0.00248816862077702,3.4701875,2188.56952377911,1565.21743657064
03-01-01-01-02-02-19,19,neutral,-46.4100577333985,1.76286823157072,0.523053072886156,0.556833484807825,0.333388785853917,0.345558975843071,-0.0671751115807721,-0.211746781578717,0.0764299446839343,-0.119001659161317,-0.0830050750162347,0.0621110174258208,-0.209769425056711,6.37322726502131,1.77808660402581,0.608269512918727,0.638937658363863,0.432626485783416,0.393720722788332,0.304008522898776,0.402271835920926,0.288339490343841,0.327646864604773,0.24178037782073,0.316444541684195,0.312481279694272,115.524971327286,66.0377358490566,0.00236337917215887,0.00344281866110776,3.3033125,1906.63363354134,1026.68041126347
03-01-01-01-02-02-20,20,neutral,-56.0344238485145,1.25470126633168,0.310355622725468,0.414400444521392,0.0251540323114283,0.0839836382649304,-0.114512447154658,0.0695391947221835,0.0392749456075399,0.0641258139909958,-0.0443336811413938,0.158264861321209,0.019615180591722,22.5868841239573,1.62157073892326,0.574323256636396,0.744226847466424,0.482491905550927,0.376356782950226,0.344648557878144,0.308896441515343,0.26605221599514,0.285359834281695,0.220621452288569,0.225880300873729,0.199333141949929,253.968253968254,149.787234042553,0.00194962304401591,0.00291792371386613,3.536875,2050.25481779762,1563.87083053895
03-01-01-01-02-02-21,21,neutral,-45.1184597651046,2.22826840966888,0.226507514681099,0.658576311203945,0.256701250079418,0.302620075546852,-0.0300155614344732,-0.180855820195522,0.0756490308724561,-0.0334305199176295,-0.05385529385519,0.0278510961863004,0.0772503852878163,7.26491684740125,1.74450997272643,0.76459108316356,0.703105097433373,0.565620369878923,0.338702521732193,0.471505430196507,0.411652215155839,0.299878263668813,0.295355834720505,0.27259145860264,0.245589662871053,0.204849064423092,95.8083832335329,39.2358501760076,0.00486243917414413,0.00764773473240628,3.670375,2007.11024526485,1085.51467279302
03-01-01-01-02-02-22,22,neutral,-45.903969266392,1.79533566557999,0.225942480399487,0.430281998904655,0.316439643667168,0.265434015198585,-0.0617410207522923,-0.141710100384211,0.144143778578261,-0.0178969599814941,-0.0577280754682846,0.0392349771686624,0.0865975270571996,6.65176841039023,1.81214112922431,0.869395913936075,0.685268176824671,0.485799681280838,0.36785656656419,0.502288575646016,0.372123353960101,0.302215416618749,0.253234631198768,0.251078864611644,0.229414244313799,0.234073891153905,197.530864197531,72.0288115246098,0.00237476419002941,0.00336490615718947,3.536875,2354.52019407488,1228.98273937222
03-01-01-01-02-02-23,23,neutral,-47.0216733778582,2.10289228280584,-0.0394462996345915,0.652369840171933,0.217768305694972,0.110709858564229,0.140792249821972,-0.174355328547437,0.054404596199715,-0.00675594737129504,-0.0216986745734937,0.0602478635552045,0.00826861022192257,12.8468037866902,1.69956455161678,0.853147240644737,0.874209898539642,0.510038146158754,0.308528264250547,0.410083362673776,0.457894301430757,0.265547053962205,0.312212252951253,0.257729975414593,0.274669164971195,0.197928680175532,160,76.5473936011163,0.00551034265426529,0.00829682305229425,3.8371875,2081.27175539238,1299.86016540799
03-01-01-01-02-02-24,24,neutral,-52.4651108234991,1.67342633623433,0.356185688824078,0.350197636582431,0.157918034195719,0.0252087459244682,-0.150535571049675,0.0777415838255271,-0.0807548594900669,-0.0332356523950263,0.0471366123011165,-0.0548874963009083,0.110632704128426,19.6666925432949,1.71430465577285,0.851687914494114,0.633441132375265,0.488328394699984,0.333301327107915,0.433178210118385,0.289267602007972,0.328330926785961,0.224186782838391,0.340697444430331,0.195877259711212,0.277774819383894,228.571428571429,92.4664602683179,0.00325397200367986,0.00510891445225456,3.603625,2119.89461169153,1493.68326449245
03-01-03-01-01-01-01,1,happy,-45.9486883937399,1.90697362532551,0.211529749408976,0.613078326163621,0.238796530724591,0.153673306389446,0.0360125851852772,-0.224961745273896,0.0758936891209041,-0.0793705738353527,0.0126676260741696,-0.0514661235097864,-0.0437975788170495,7.94536550908191,1.61981705925015,0.617458798849271,0.842343207617686,0.540646969062913,0.300445583399382,0.382067702221316,0.433936485199053,0.327482027876084,0.334552313267677,0.253402547658488,0.24124746287702,0.243446540977722,149.532710280374,54.8340548340548,0.00399634944447753,0.00598887796765438,3.4701875,2279.27854277706,1089.08400691515
03-01-03-01-01-01-02,2,happy,-43.5450053776536,1.5317541355994,-0.150753577194273,0.596671101619894,0.0914102983594558,0.216015886859838,-0.237623972737589,0.0880433646484345,-0.0114119498039511,0.0620691432612537,-0.0710912512849552,0.0403911636912593,-0.00220352378426525,7.29479189876525,1.42412049316394,0.706102349889479,0.696868020565308,0.513506873407163,0.449135936578008,0.437129027790693,0.405610022987837,0.341374117677451,0.330325052392754,0.254845947056776,0.245439359195821,0.316277428641846,242.424242424242,216.330858960764,0.00620208649966593,0.0109426517307891,3.603625,2444.39172284016,952.289149418662
03-01-03-01-01-01-03,3,happy,-41.6536611813346,2.06626114489724,-0.077032912428519,0.414242118178996,0.399742184509245,0.0139768078787074,-0.0714771372027528,-0.214224255340411,-0.0388990825810432,0.126900418178416,-0.11329868273781,0.0788511379272911,-0.113430728606866,6.17966711804961,1.30365809890337,0.744231459398687,0.888508234415181,0.538441777973218,0.397488464987581,0.365861420014546,0.34152987684938,0.350558752110707,0.320291931925727,0.308559427808107,0.28496763629821,0.249244796413794,171.127888355067,75.8653390232338,0.00730832052559128,0.0106180043940208,3.7704375,2087.42053859462,992.664945852609
03-01-03-01-01-01-04,4,happy,-56.9582037148493,1.52373985484096,0.0518880484824676,0.423440391131094,-0.00805783292520927,0.175288109961265,-0.149002548412723,0.0114174113699688,0.0859587165187056,-0.0450163469436056,-0.125018589555638,0.0655908837202237,-0.0462562845937336,25.4144977388662,1.61019682765706,0.669752538387246,0.634585953939887,0.470580066427704,0.462366741018019,0.380733378661449,0.312195610452532,0.284175858998138,0.32770686739734,0.32398164268473,0.293270089382006,0.274958310130575,219.178082191781,309.024309024309,0.00415151450077175,0.00635207974140325,3.5035,1649.74188191862,1325.36163062124
03-01-03-01-01-01-05,5,happy,-45.6945675497111,1.83840214836213,0.233150463120206,0.541831004317125,0.240171681615293,0.203963226569242,0.170559598131721,-0.237027424893652,-0.0160128363636554,0.131324022970862,-0.0810282029455152,0.0484537996463907,0.0138094327475255,6.36332330684723,1.70282039441362,0.738906497163044,0.901030480390944,0.702962269066853,0.409606823243014,0.431535758857393,0.45658215055937,0.289499275379486,0.289558431303103,0.287630088819106,0.318430872032796,0.217004141444991,141.592920353982,346.79802955665,0.00220798684013778,0.00325947731744782,4.004,2006.48763812358,996.885794530144
03-01-03-01-01-01-06,6,happy,-43.6054595971003,1.72513762063715,-0.466855846784556,1.17842169540656,-0.122745187548906,-0.129648067022919,-0.296540426917561,0.17349437801285,0.108453666609061,-0.124745016279189,0.102190485359559,0.00369404591882933,0.165392745584124,9.48963359171524,1.54765427000364,0.813680521622501,0.728304023293986,0.595274021790707,0.439273951277522,0.448383643009038,0.326142792187506,0.337380311172266,0.336321226751056,0.355850247083982,0.316129543379117,0.330311470578711,231.884057971014,246.84804246848,0.00348333223393883,0.00515419370357212,3.536875,2132.9917948705,855.980773703497
03-01-03-01-01-01-07,7,happy,-44.189065411644,1.70554488259479,-0.0269691798640625,0.712031501986389,0.216951323463896,0.0955053469929497,-0.224231434483664,0.0156308289281838,0.0141652721124285,-0.121835707169935,0.177671812634617,-0.0745990218547566,-0.0504739686111845,5.15832013149061,1.78713695803005,0.664449348399288,0.826314846505351,0.71958309549977,0.306076080326666,0.434523449229676,0.266672824435703,0.319591866863554,0.293150338647291,0.309643230446417,0.270263130485834,0.256443432344924,120.75643654591,50.2656502656503,0.00186320904569241,0.00262378401762601,3.5035,2058.20300145163,1029.01207543805
03-01-03-01-01-01-08,8,happy,-44.5065281727508,1.83517721316539,0.0765840227799672,0.693514482804344,0.224678873301299,0.238529299941117,-0.0326777348958787,0.139085286702491,0.038124205149741,0.0457210999434887,-0.00234342925632083,0.0904455952658998,0.0555509214970305,6.49737027064754,1.50708302620561,0.875176901123508,0.664000128734208,0.448298360841446,0.352100484225205,0.418580652635647,0.358340405578251,0.324585050087406,0.274581496406828,0.287885440909849,0.219989132923629,0.241243265196026,213.333333333333,126.083530338849,0.00338273791962035,0.00506572482183404,3.5035,1849.7426157495,885.096464417305
03-01-03-01-01-01-09,9,happy,-45.9649963215242,2.38289509884936,0.260189699431747,0.859789606226433,0.520388277891291,0.230614787411938,0.0351327264970424,-0.107858895581591,-0.00142966495834657,-0.0632958643982843,0.0401169478012349,0.0982275030198226,-0.044781486117867,5.26872872790131,1.81042300028009,0.70897201552551,0.581758114414647,0.436357621093211,0.351413576357986,0.308151530939187,0.429625866235547,0.272819881758787,0.269749342265579,0.269671020372059,0.255650112505858,0.266571244827959,96.6776195691858,37.0310216014293,0.00159104633999587,0.00221557425497558,3.3366875,1802.39790948357,1064.09515514209
03-01-03-01-01-01-10,10,happy,-42.426976169742,2.05761864851739,0.124073071803019,0.664705101909997,0.255750799590578,0.260768199885609,-0.128300364018316,0.0148194440738207,0.133683037887741,-0.0556336829090928,0.0569221768821387,-0.0111576084148877,0.0807578158468018,7.65694854855442,1.5861165770889,0.741000074843041,0.708332572108138,0.505858032642145,0.377597803234221,0.459004280754518,0.285517375765988,0.272071052248808,0.303590854379355,0.287943197557501,0.226445945448706,0.221926362654824,240.615106286748,173.913043478261,0.0147525844594021,0.0221652985400183,3.5035,1958.01220949606,869.75205785983
03-01-03-01-01-01-11,11,happy,-45.7830728025027,1.83803108913814,0.399148548635684,0.469433485156686,0.302486566822195,0.171411002975488,0.0214305585648194,-0.0330818850615579,-0.0888983389255335,0.114489701858255,-0.0354856591781127,-0.00503556683589289,-0.0330658251689076,6.16163091708226,1.76475132504569,0.483173168333977,0.655875628256607,0.463082839630089,0.316936193672694,0.275390361301419,0.343348936613349,0.282458925004978,0.281220844382784,0.246714830461973,0.272266264469422,0.229086871080029,164.948453608247,68.2346859653657,0.00321142369049765,0.0051768183569488,3.103125,1687.83996394589,806.977052499323
03-01-03-01-01-01-12,12,happy,-45.8158607014689,1.79788409225071,-0.198932670263164,0.643836464905773,0.020308352550215,0.321543583917723,-0.159390720143891,0.0327704325849288,0.0176211763645607,0.154829655492144,0.0505319765540813,-0.0241846121581843,0.234560496494091,14.3967250407609,1.41464885780225,0.592550438577349,0.895187690984888,0.528285622812575,0.367433428493294,0.539360646662312,0.385452187691056,0.331357541856717,0.238838005435134,0.262026952959372,0.285706955149541,0.304946795529054,216.216216216216,170.467289719626,0.00584008388776322,0.00811685347634433,3.70375,2075.99757047989,1010.7987639817
03-01-03-01-01-01-13,13,happy,-46.2786318250555,1.78536115405815,0.0543786115501911,0.54818571587959,0.244174206143121,0.137287566495609,0.00153876254223503,-0.166342435293281,0.134424795602804,-0.104740794760659,0.084289498957234,0.101700874289154,-0.0389935826130664,7.61559020070648,1.56429067608296,0.563724330408476,0.756135681144983,0.566687396788759,0.344261224445852,0.34764882930384,0.450824268464545,0.272699025986571,0.317650720153629,0.371676922163437,0.273249470481958,0.245357487685182,132.034632034632,50.0766479305059,0.00329324875267011,0.0053878113157437,3.2365625,2123.60512164497,899.893465137252
03-01-03-01-01-01-14,14,happy,-43.2595035906052,1.12990311337346,0.192646831584656,0.645164887718782,-0.179961716784052,0.134614596271755,-0.233437739783128,0.123252619669821,-0.210606916018928,-0.00809334882835275,-0.0690818513488786,-0.103766724843535,-0.112731872369387,8.83476247015771,1.24497047375838,0.668746421956671,0.846021384515526,0.719425589325736,0.407779582989161,0.511928063955298,0.379302819326667,0.347178073409823,0.32565238467626,0.374201800414757,0.386741356104766,0.429058548293745,355.555555555556,249.322493224932,0.00940032761764928,0.0142261924505512,3.70375,2544.81879166156,1013.37638343258
03-01-03-01-01-01-15,15,happy,-44.9970759629852,2.05915206941117,-0.1776158956525,0.828447462231657,0.109246542533081,0.0957318662245495,0.0840041396187084,-0.0883359793076228,0.00282842301087811,0.0307416383764276,-0.058985331076853,0.0526626655129075,0.0315802430861282,8.42273636946368,1.6153897157672,0.754939332187925,0.745462100617784,0.649171754836122,0.314236173953962,0.390674484735647,0.411394979867366,0.278492648095873,0.332022252728207,0.233539561700239,0.253082374162439,0.218587627981286,128,71.3489409141583,0.00471064394137474,0.00807998992220376,3.4034375,1858.64782161666,776.851930055847
03-01-03-01-01-01-16,16,happy,-53.3707878853903,1.52168886540709,0.0710229379279659,0.535562374143302,0.0653037583842772,0.0781530425931382,-0.121256941132856,0.116029908540616,0.0718986521203797,-0.1245397105554,0.0859881657501444,0.0279025229230598,0.112147409176837,23.1620092402365,1.61560791698664,0.862950183023237,0.862801459055167,0.611324664179292,0.369327595175999,0.434492601665313,0.293155738776082,0.303469923665864,0.288285466675201,0.253035797827375,0.261257458258453,0.206117572878321,202.53164556962,126.329358685143,0.0062469924198882,0.00997213277518731,3.70375,1932.12885824996,1456.07996778279
03-01-03-01-01-01-17,17,happy,-44.2407535017617,2.03706048966593,0.137481378972626,0.569775308958186,0.417741503880843,0.442939589761307,-0.117179245225267,-0.110756054293374,0.168625845699773,-0.0851200161783694,0.0595173594658944,0.0481206759998302,0.0247652401073003,6.42572883074065,1.39836988765928,0.632423503305527,0.576815118512734,0.56485791428382,0.342231088955257,0.365165526597594,0.356680101388393,0.31860411983739,0.3603863747703,0.271812562902206,0.230071063277085,0.225041170077187,172.043010752688,109.319821894672,0.00531202308376809,0.0085440501865473,3.470125,1663.33514054687,696.644893440452
03-01-03-01-01-01-18,18,happy,-49.780838327375,1.68428413034113,0.0164955398244761,0.463822046737779,0.161843246394813,0.290758808954635,-0.100899600999532,0.0308381341472804,0.0318032178057961,0.0697936761946539,-0.0491561751637116,0.060459805965566,0.160670769940512,16.2758923980404,1.63194595102327,0.809977557024598,0.730586172737912,0.373223071106855,0.427525739481585,0.420437391330902,0.319860962920298,0.242188886873581,0.269672492137341,0.238091679742192,0.205038578840729,0.221684689328871,235.294117647059,158.383838383838,0.00540266679519551,0.00808757696002131,3.4034375,2220.23131279737,1312.83739281549
03-01-03-01-01-01-19,19,happy,-44.9940700586423,2.14454504266089,0.40253937853267,0.373746202840923,0.416557301343283,0.178227761730061,-0.00665427251163737,-0.189355747854295,0.0623779836322939,0.0810631667232599,-0.0810688028422341,0.010128485562478,-0.0141442448430143,6.37668091624998,1.85139138306969,0.775746861354925,0.702923104956539,0.713370668643924,0.395814403517708,0.385568208457218,0.430038155310531,0.286293731785758,0.31844702974161,0.28439068486951,0.271645093603564,0.224099837627192,153.846153846154,58.3747927031509,0.00295429193412972,0.00348672432189074,3.637,1740.08502704029,1087.63553499944
03-01-03-01-01-01-20,20,happy,-55.6243987620531,1.47973225626987,0.0707502655255526,0.549930083269461,-0.0551003459538397,0.229554236355423,-0.214165262495097,0.0503872986680296,-0.0918497613563499,0.000718989196971659,-0.0479280057093029,0.0463762226392066,0.0870096786464902,25.2584814295946,1.40750484326322,0.536109926422048,0.771210666980548,0.638809957096294,0.40940702812615,0.406228466185865,0.277812782936728,0.332451668140904,0.407512731325311,0.320734400864391,0.315536443786051,0.291033071008179,285.805422647528,274.322169059011,0.00764144853808117,0.0128456807174566,3.536875,1665.15545820218,1220.79172106944
03-01-03-01-01-01-21,21,happy,-44.387027254953,2.15527249686539,0.0941348274834816,0.787300245740097,0.150017284353457,0.217963474627775,-0.0254982917757494,-0.126997587216998,0.159099827635247,-0.0797568111451268,-0.0471279242398826,0.0590083173113102,0.0387888238539001,7.74802612536316,1.68197016144995,0.750619203928087,0.797053798712081,0.677663591811481,0.345114871522462,0.481332194543639,0.375311351698849,0.331942300326574,0.385303747640106,0.290568212418841,0.266233051508744,0.221936564842153,108.108108108108,61.0557557769769,0.00675349342893063,0.0104530206828602,3.8371875,2062.22149955395,1062.87294506271
03-01-03-01-01-01-22,22,happy,-44.465334542245,2.03806133160251,0.0274069772646589,0.565407985170034,0.324596067452908,0.173104005764073,-0.0571692652381529,-0.0564380769723157,0.159593534784709,-0.0327426190291397,0.0286542881965303,0.0158837365214589,0.143621781674476,6.78238640852714,1.74978593866529,0.825434057089789,0.674824652041496,0.589608535388178,0.396726234127208,0.493833903624559,0.344077261794444,0.295097054301414,0.347691658905396,0.290025521945864,0.233988269433971,0.222740079217421,197.530864197531,123.839009287926,0.00349030858376914,0.00506747140289605,3.536875,2169.47009505358,1071.54936287314
03-01-03-01-01-01-23,23,happy,-51.4436915245497,1.66949695590673,-0.0416763999421311,0.531132630141162,0.220137626149485,0.142681052526727,0.0654568386980984,-0.136439844398515,0.0584101663429385,0.0214378360328552,0.0366114396620891,-0.0259386746548437,-0.061105291835694,18.2726089028613,1.6291610421607,0.538015535428878,0.84538824932636,0.43547731053687,0.284655039707922,0.343492365893413,0.386753056611758,0.255983202829603,0.356091440805251,0.300844163249081,0.230661788236746,0.256091591597987,219.178082191781,122.448979591837,0.00521576973577482,0.00815850610009598,3.3366875,2129.92253320637,1314.83716677132
03-01-03-01-01-01-24,24,happy,-53.437080506312,1.65162749331995,0.114588332015962,0.378032698285394,0.0188522915027364,0.10187161741007,-0.0142280220586544,0.0961141345220659,-0.0574826113028676,0.0389807566839052,0.0615258016227856,-0.0772409266937236,0.132331428028354,21.5855981511594,1.60509640780065,0.723599995973187,0.726975528335599,0.511750167036828,0.278143677058295,0.41167923260426,0.332356960174607,0.271127421132176,0.260451915081515,0.270980759696899,0.240950551201376,0.290675362634619,228.571428571429,129.817444219067,0.00305943197310624,0.00502611369822661,3.603625,1984.56216779714,1368.0800279929
03-01-03-01-01-02-01,1,happy,-46.90873582531,1.82197886600023,0.114628816200274,0.635754606980903,0.277218206971045,0.138060734685669,0.043744094043406,-0.303065570428636,0.078052189639891,-0.149035821772589,0.0539766870676387,-0.0319697329120301,-0.0430793942291702,10.9674466265365,1.57748618177738,0.570667873029064,0.871737748737325,0.538275063811077,0.340080593077133,0.370741662600953,0.447425822784743,0.306579032824036,0.355429851363645,0.298177041876834,0.259377941799054,0.237754146378321,141.592920353982,71.7607973421927,0.00455106026188015,0.00699590617554193,3.470125,2156.25434755588,1188.29276990781
03-01-03-01-01-02-02,2,happy,-47.0079836114069,1.50760371976715,0.0260496820597787,0.61597160060922,-0.0020286951059627,0.203512512910789,-0.197282152050527,0.130319443588561,-0.046357599320587,0.037833229701429,-0.09182076400772,0.0346643679107018,0.0419471645129358,14.8423422267575,1.45918732851355,0.693868973538247,0.754854391742855,0.494110234582864,0.393694342369059,0.460441693681505,0.359690160187981,0.334457777825257,0.314309650780714,0.233891871050499,0.240009400885538,0.307147111196998,242.424242424242,226.086956521739,0.0055804752639296,0.00936757002600801,3.7036875,2334.07501041841,1194.03850072677
03-01-03-01-01-02-03,3,happy,-40.8156591891865,2.07245614366743,0.00468917580717869,0.268998802315051,0.393748202458157,0.0588183672460227,0.0132056757659882,-0.126227974649764,-0.0517120616314848,0.176808277533274,-0.123358655164928,0.161497333083462,-0.0191653086312245,6.25331941881716,1.20750368173242,0.740737449971007,0.788833697567241,0.588688410472426,0.352155462337679,0.352644507690494,0.354831338552288,0.350473344908487,0.288691654650002,0.288499447459659,0.295240067043398,0.242893484301165,235.294117647059,98.1380065717415,0.0100646430377559,0.0140550349731967,3.603625,2070.90297217764,911.49082637667
03-01-03-01-01-02-04,4,happy,-49.4836664784044,1.39344599600258,-0.117786175011963,0.548897010105636,-0.0383207008699109,0.217022819770088,-0.209359674266756,-0.00642925333254661,0.0950580314798992,-0.0650125790141855,-0.143118791456918,0.033689812414171,-0.10282000364065,18.3391977453802,1.33653309659312,0.774605170125327,0.697986231531099,0.573079718398512,0.519184748368601,0.365513050774602,0.323124376102926,0.300278776785687,0.245318845011166,0.280431960830594,0.31245333142362,0.3612342243215,307.692307692308,252.014652014652,0.00616682346383551,0.00967121715516323,3.536875,2263.89662640785,1200.35916635562
03-01-03-01-01-02-05,5,happy,-46.2024820615074,1.69319750001091,0.0790703910126928,0.599309873976586,0.187612159530655,0.135576786015447,0.114819380877166,-0.10926344645716,0.042860750687627,0.107652304084601,-0.0368445737742124,0.0321743266340833,-0.0242974197600365,7.33156064610466,1.81088257943536,0.576233877523984,0.827717939619513,0.63540284901863,0.350838598875427,0.306484558925202,0.404899608370917,0.297029627162745,0.329545383658399,0.254845192818413,0.270404797965051,0.249181746272594,126.984126984127,84.2572062084257,0.00281421823242123,0.00456454455297296,3.2365625,2108.17099344086,1088.15291560884
03-01-03-01-01-02-06,6,happy,-43.7515835935697,1.41391954360769,-0.739262220993024,0.980544706528778,-0.152681855770495,0.0221174675997438,-0.366402809559964,0.0677293889985577,0.235864603239999,-0.126924501137421,0.169946109772674,-0.0348790555826403,0.192691420577279,12.252762212505,1.51146226537275,0.900090421559886,0.811413510546729,0.576763473836182,0.423372040228281,0.538209163685893,0.405429417560799,0.382254855756277,0.330998305132837,0.435724462939063,0.363275160177873,0.334209005863633,250,204.878048780488,0.00518995005686042,0.00708894465036202,3.603625,2408.85817435893,1016.00470092885
03-01-03-01-01-02-07,7,happy,-44.2263073336045,2.09074637721709,-0.0363579550977239,0.734183014894559,0.150283476205239,-0.04446212534471,-0.288275696254116,0.068392328630469,-0.038839057822464,-0.131649353444712,0.138967791200505,-0.0340269071187948,0.11299426057635,6.51701035580811,1.45265915862439,0.603356424329892,0.868989631889016,0.693726804612818,0.301235924376258,0.440432980036384,0.292817729046036,0.314688183066317,0.304185283063028,0.301025326661083,0.310387742807615,0.233854874505729,158.415841584158,95.1191962427918,0.00327834020727908,0.00462865198485236,3.470125,1988.07862770114,927.852742605057
03-01-03-01-01-02-08,8,happy,-44.5680395612,1.70173194026674,0.186213518971388,0.813449452751593,0.189311277062016,0.261440897222508,-0.01357417360548,0.0948758078899643,0.0767138766939679,0.0204917247058815,-0.00925290174308281,0.0424086887643809,0.0701552680471825,6.62513037150472,1.45470940629844,0.884904758247689,0.721889418948149,0.418508586866488,0.367375560370147,0.382312832836701,0.320624127574492,0.325351320519593,0.289753660265071,0.259509974898037,0.229990318862807,0.225065509775459,200,153.725490196078,0.00353233773316341,0.00514174007734178,3.43675,1801.26330524051,772.52979267827
03-01-03-01-01-02-09,9,happy,-45.5485766584046,1.97868880486147,-0.0126251717274182,0.776204864050615,0.354524728595455,0.076965625372546,-0.075099758445764,-0.0146787324182475,0.121569361215298,-0.0292001486465164,-0.065656130616795,0.0396475239292518,-0.00698786225352803,6.61078508970951,1.80548488943765,0.703477637456145,0.750543266429145,0.608515755565167,0.379618710101892,0.298422876096439,0.346108547178793,0.275657610021531,0.267148705101942,0.291891508798601,0.282417648576984,0.24234260554137,126.984126984127,50.3077334760503,0.00260729166700456,0.00382734867196175,3.536875,2001.17101226881,979.97956400721
03-01-03-01-01-02-10,10,happy,-41.774907977514,2.1442398581865,-0.0297491336402418,0.700164058541244,0.23790881111422,0.191171762143828,-0.314391171937736,-0.0553869118767018,0.191475453496226,-0.146392546734975,0.0798733089385106,-0.0647973971145692,0.0674776824652987,7.08702973171515,1.54004768176984,0.750238423313059,0.68197733284204,0.611263724522633,0.371438043098183,0.57678803676127,0.370876415373657,0.297695655880939,0.287575072599186,0.283385245353869,0.214636275618796,0.252164600799336,301.88679245283,133.333333333333,0.0167404025602648,0.0244545875935264,3.470125,1889.97060485287,879.919890535741
03-01-03-01-01-02-11,11,happy,-45.8239004266912,1.90393266375099,0.462859758812354,0.42053770614421,0.346378294104891,0.147965380744069,0.0913814696690556,-0.0709423132210277,0.0172613094525913,0.112035988840168,-0.000486422098969385,-0.0498576986907819,0.0113377995627517,6.75532122276718,1.72968926405231,0.508932052090965,0.637087895878644,0.49699534343313,0.323991570520613,0.288399395222233,0.350957549145052,0.225198079517788,0.268759438337247,0.264897976873273,0.230237512381029,0.195499608556156,134.453781512605,90.8863920099875,0.00338229929677073,0.00495715872141312,3.20325,1759.98861966399,938.81801442188
03-01-03-01-01-02-12,12,happy,-43.3423970080815,1.94753051634306,-0.196199338034592,0.616568231071249,0.0486059187422484,0.343495700375441,-0.0758897008641885,-0.00490037360269234,0.0128670682219942,0.142351400742412,0.117056135426106,-0.0459539846193268,0.216492745770497,7.33108596338134,1.32957797333483,0.66239865466374,0.866643363950464,0.564129968866047,0.412981907559909,0.565484620738016,0.390194544049409,0.3559405747196,0.250939466092915,0.254556534000011,0.270399532642415,0.306529629509312,223.787167449139,156.748911465893,0.00610199293156408,0.00859762900784712,3.7370625,2103.87415088782,857.79542298724
03-01-03-01-01-02-13,13,happy,-46.1805014874727,1.8100236897982,0.0661141425807544,0.504985066237971,0.295763253588747,0.103337936915395,0.0198734603206758,-0.214168380004126,0.114418937752295,-0.0925278848556312,0.0499974340867754,0.155694744776651,-0.0593885889528264,7.43141131118438,1.6920950065454,0.492870325052613,0.762735738409556,0.542617864742602,0.360545683082967,0.292518595003631,0.445106208818965,0.305180671998102,0.305453646415673,0.324596405247081,0.299234234904545,0.256553796407182,123.076923076923,82.4262567511425,0.0031558235286817,0.0048453056071437,3.20325,2125.20816561641,956.978390904054
03-01-03-01-01-02-14,14,happy,-52.8337380535886,1.18581713533269,0.0821225287524308,0.416432627633464,-0.104795307914413,0.0495386695687786,-0.134758425127577,0.121695977275013,-0.0764367257898775,0.0236833967527206,-0.173246583590002,-0.130127188190452,-0.202778498506531,23.4776437359439,1.43357595303661,0.664562066253041,0.801805183585635,0.635493894826967,0.438610519425039,0.450053673225105,0.363370510855798,0.320087523155231,0.290016191214796,0.352998862907321,0.434563891037352,0.504792027931242,390.243902439024,234.920634920635,0.00924839265221999,0.0135807883321627,3.670375,1997.13308354415,1386.31318221185
03-01-03-01-01-02-15,15,happy,-44.1526689990237,2.15256900257419,-0.0705889042074098,0.737759447344339,0.0981039709223079,0.180974928594517,0.0878807438203542,0.0150504465149456,-0.0414072958827736,0.0229005181212381,0.0301183991668291,-0.0276652026215667,0.0025578510446088,7.01872478194345,1.54616284825219,0.763625820454042,0.662929016376797,0.65387057362095,0.268722586355744,0.37817265401624,0.431393824957281,0.25743062470527,0.263553081792642,0.254943488368104,0.264801057702525,0.193748352270029,142.857142857143,35.9161955437313,0.00570623984349395,0.00950112005589762,3.3366875,1629.58237793242,863.436033196501
03-01-03-01-01-02-16,16,happy,-44.2350904636095,1.47724129655329,0.110025785248947,0.655168898754529,0.0893530105179719,-0.0491815908217523,-0.133470304956194,0.179677309408522,0.0661745480439293,-0.154113642635484,0.0886247581357892,0.0498219710187663,0.099469584460872,7.80368640864698,1.64401101782416,0.820070233324797,0.76785167657574,0.588667724266005,0.460041076188387,0.430831658154268,0.281854855756383,0.272217821470954,0.269948700457127,0.252144583731323,0.241925419033992,0.253180090717688,246.153846153846,193.979933110368,0.0072201230712008,0.0116639581142827,3.670375,2456.54397441907,1145.25070802457
03-01-03-01-01-02-17,17,happy,-43.051848260857,1.60898023787491,0.0400410234010868,0.637697181404152,0.362795103834596,0.384989069190991,-0.193148323682419,-0.13025964009361,0.224506705200945,-0.103904860003922,0.0479832535154878,0.00354139237887999,0.0701673685334419,5.92615045176119,1.61853384000309,0.796664641940308,0.530876219485413,0.620640197794033,0.293926420254509,0.482948294819674,0.385608996913079,0.309250765175215,0.31451287648059,0.355465629215879,0.237331232218703,0.242883585956642,170.212765957447,110.560625814863,0.00703064780350453,0.0110220910524788,3.536875,1896.38574517327,822.36044927763
03-01-03-01-01-02-18,18,happy,-47.8592109735826,1.3946393887304,-0.0378639395381996,0.573022959950129,0.0804760489046518,0.150081390574784,-0.283775034227049,-0.030765872429439,0.125838284066981,0.0529711133676337,-0.0987554720444662,0.105323532023673,0.128492897669582,13.5364049739519,1.63121784548948,0.815375109626679,0.755278189046889,0.400962533615188,0.426615158139046,0.412209217327596,0.356974710723044,0.303979313887827,0.285165016769688,0.266938997382815,0.230983248120024,0.226014238740385,271.186440677966,106.764841233318,0.00459555840841842,0.00679143912611545,3.3700625,2469.23745958873,1272.37906890017
03-01-03-01-01-02-19,19,happy,-44.0020357292447,1.6550524569563,0.48948387198787,0.413423690723613,0.411888083110039,0.281161401074632,0.0656916041675848,-0.0485812198931761,0.100222482747977,0.0735326287180402,-0.108790742391384,0.0659222843617564,-0.0332755600802232,6.35764763765954,1.61193674779278,0.740178401595691,0.73283978367536,0.707188473016525,0.344458722606946,0.433698437461379,0.396765610532174,0.309287187750345,0.275533988087966,0.297767806242799,0.269267679251546,0.287055519200019,183.932346723044,257.875457875458,0.00392548883622545,0.0050316048851362,3.70375,1712.33310441868,919.667716324442
03-01-03-01-01-02-20,20,happy,-55.3929863813151,1.41804793536995,0.0726938237161905,0.42096541753693,-0.0600589830972292,0.139502121205563,-0.190788628901573,0.0318776411677617,-0.119929071779338,0.105459124296307,-0.135746496246419,0.151780900496539,0.0179630647799725,24.8079147801703,1.35768645173865,0.646246814017588,0.734337467183069,0.586269069050545,0.370965098042576,0.396878054164397,0.293545038285032,0.32853753863198,0.326128862483544,0.287760791239491,0.256925150427883,0.306976922488353,285.714285714286,249.009620826259,0.00459780713802621,0.00674685165045378,3.7036875,1671.20650110732,1198.47424885239
03-01-03-01-01-02-21,21,happy,-43.6780137772966,2.12902692051892,-0.0411110541282524,0.913165761822123,0.124431173684721,0.17969428884304,0.0154502539408215,-0.196696694007317,0.172204903350577,-0.0769077272794444,-0.0651190751507814,0.0790200597553504,0.0395010617388441,7.53905387404411,1.62414857635366,0.897153160086729,0.832512164603002,0.641648527584741,0.329102314656828,0.468530606550838,0.389752791730189,0.321447741707902,0.364622191461404,0.285663695165054,0.27112810384889,0.232396233710924,118.518518518519,73.7464964185612,0.00748383635924633,0.0119243547512596,3.8038125,2002.83518855732,985.194823584396
03-01-03-01-01-02-22,22,happy,-45.6496194775512,1.79915270034781,-0.184921547130748,0.513417595284436,0.22540993606612,0.0921634404012466,-0.0900024883690884,-0.0597211400904026,0.151250382799787,-0.0388942623338005,-0.0200310052338401,0.021082757995583,0.175910398025546,8.24978180554041,1.62724065102832,0.844849522190106,0.69107221132261,0.48721189595266,0.293695803918507,0.500427640873032,0.342218030102365,0.316830349669081,0.312975244923049,0.366571797622699,0.238458569582648,0.275664998982832,216.216216216216,127.643784786642,0.0034969428947217,0.00520893520497518,3.4368125,2358.82520088202,1058.52204126128
03-01-03-01-01-02-23,23,happy,-45.4521074938431,1.66226204988719,0.017900396170204,0.506292110447733,0.243382303712612,0.154814952083526,0.100450290775044,-0.0881114905309681,0.0798106547431189,-0.017806666018872,0.0446462105388628,-0.00265457529547289,-0.0346404956538104,8.85504700282604,1.57455030897871,0.619579921662709,0.762305185464691,0.44333083624841,0.301529841355647,0.345848957977158,0.42709010078341,0.285434081893236,0.362306130566979,0.334413182725771,0.246924131581229,0.26289385484014,217.697149203999,152.354082172456,0.00812564522795218,0.0132591995671188,3.2699375,2418.96395548591,1080.29574588633
03-01-03-01-01-02-24,24,happy,-51.2744961214413,1.69957692326552,-0.0397340620358003,0.485554891373565,0.00524718030867268,0.126321301301204,-0.0969936764089811,0.112009759218423,-0.0443459685591391,0.00943501932276801,0.0920807922560182,-0.0658642411304412,0.110223029601863,19.9390010033191,1.50602535090403,0.765192805385594,0.812786535614376,0.464447222104914,0.28677929676282,0.422882906614972,0.370160929194857,0.269059092660218,0.263730335898763,0.284080950978507,0.205891814437626,0.266409397483056,231.884057971014,144.175824175824,0.00322559809758594,0.00456362223286546,3.9039375,2034.72483039668,1280.21896039756
03-01-03-01-02-01-01,1,happy,-47.2574602893088,1.76583709227887,0.266757433054068,0.515456212131221,0.27201727075364,0.204127332430279,0.0308256382418353,-0.341817849936807,0.0591091059572113,-0.0821200315549132,-0.0198625309781454,-0.0425181996513056,-0.0255285395435534,10.1792135633196,1.82603981522982,0.707748441769164,0.700403002215097,0.649600222106333,0.360887532659362,0.450001712722466,0.519889281831064,0.289237141324212,0.27013213279442,0.287912571107449,0.269454655784356,0.227009395899402,135.593220338983,47.2737040021488,0.00359935221237949,0.00530057497031472,3.536875,2389.77237889873,1268.80575062531
03-01-03-01-02-01-02,2,happy,-50.6766129831019,1.52211965818031,-0.0180759783156117,0.499607981363533,0.0943950573586196,0.205740889771331,-0.261527609451925,0.148305358591687,-0.00681328966353238,0.0873667016067019,-0.0690665151483566,0.0451114682516006,0.0440756560675883,20.6950888869555,1.65247868188916,0.806880899740695,0.740593568664266,0.544287795169172,0.460941591935939,0.512230603526581,0.269069345633462,0.339797230016798,0.290262024265929,0.297101109833866,0.220717452786714,0.20363385697272,242.424242424242,173.913043478261,0.00630844321394587,0.0103556265986039,3.7704375,2103.13269401169,1433.78080754421
03-01-03-01-02-01-03,3,happy,-48.9550861745397,1.63855012859128,0.0976028039514965,0.461921964799654,0.416125364767984,-0.0246826436911788,-0.0310847461216036,-0.0479694227851878,-0.0774847934424576,0.0673979289275604,-0.108622339217704,0.0831944331353673,-0.0860035593819665,20.9547003486116,1.58414852642213,0.75971004697188,0.698803747254994,0.56867727848939,0.468721568632954,0.372430140163,0.344486772263783,0.389428342244727,0.311087590994606,0.315130522561958,0.268069084041338,0.226723851591999,186.046511627907,145.388459791004,0.00934271946764392,0.0134291937478163,3.5035,1986.25510370628,1400.59969337581
03-01-03-01-02-01-04,4,happy,-51.4605752154587,1.51678731568022,0.139427150951876,0.490372320934016,0.0109445160550578,0.238796766567846,-0.0339770050284165,0.0269365168409737,0.0603350296018615,0.0240212453894871,-0.0285405149494798,0.094975572856002,0.0494906334759799,20.8290572826119,1.49144168204944,0.788963673932221,0.755524829388419,0.552308653111664,0.459662632888514,0.3317058951305,0.276221049986867,0.299191977993698,0.209126109555324,0.206073768260631,0.211310434335008,0.193144828752918,246.387112058754,129.52380952381,0.00502947073411308,0.00690636866264036,3.5035,2143.14997529812,1425.50791163775
03-01-03-01-02-01-05,5,happy,-46.6439208713488,1.5493477982985,0.308911537138729,0.545438095208471,0.182823708627051,0.166853175536729,0.0210596636108119,-0.051422603876583,0.0372435591049262,0.0913339975149794,-0.0108663517626014,-0.0171230511074054,-0.0340947709854919,6.86688760929576,1.87356026689208,0.615193017938274,0.686959912216355,0.675588074655111,0.369276974855774,0.286127926645247,0.351693857344664,0.257133756321708,0.296017019822235,0.262122557956016,0.201291911592935,0.237292342800635,121.212121212121,26.9151138716356,0.00221587006348607,0.00336703253509294,3.3700625,2231.38817674577,1140.86620830958
03-01-03-01-02-01-06,6,happy,-44.0016939468507,1.54090525175047,-0.296366443606678,0.799290109214427,-0.0511503038616983,0.0508522480965982,-0.288954108660366,0.158225550979753,0.126806076977376,-0.044642509118824,0.20309414131428,-0.0245287407308737,0.150923937973619,6.5954446595283,1.40113624709347,0.859323993330609,0.80377786118176,0.650318813112815,0.366349105664217,0.535468110281793,0.308494840076605,0.313314738847068,0.345068511182276,0.34535343631135,0.336254172987952,0.297538048671783,262.295081967213,155.555555555556,0.0034059951166172,0.00497181903219219,3.470125,2514.29364922588,980.431115395759
03-01-03-01-02-01-07,7,happy,-42.9869529619502,1.81240745423871,-0.0125986558935045,0.698635290451214,0.294731664625262,0.0417454635795158,-0.285456829549585,0.076304597450816,-0.00941119820308794,-0.17752628763394,0.242763734582378,-0.0363545232820933,0.0495011819716075,5.55743760025238,1.7513350266969,0.659379015860674,0.726789566333442,0.714125939352063,0.384371992619026,0.449310156192196,0.287737534387734,0.331819882248527,0.284922991340192,0.291625489543929,0.247935939270384,0.354054258186872,183.908045977011,85.0012354830739,0.00394266009405757,0.00555619616343657,3.4034375,2103.61396176477,1037.75741469793
03-01-03-01-02-01-08,8,happy,-45.0621567472802,1.77510787405586,0.324187266540036,0.77717920954308,0.237292613466069,0.275082653977095,-0.0237297637949629,0.162087321837399,0.0990223839538524,0.0825126427970383,-0.00774868057078408,0.0571513863979285,0.123309348007125,6.69419357420885,1.43824534477025,0.839057440689829,0.730253977158167,0.511917959693272,0.338130232548922,0.46714675616377,0.298620214972764,0.383953765853882,0.302531613029643,0.253038422123723,0.200490156345521,0.22071165279456,207.792207792208,75.7575757575758,0.00358039368182308,0.0054776029345377,3.470125,1831.81951966449,940.082399715351
03-01-03-01-02-01-09,9,happy,-52.6282555703767,1.71531004371481,0.117198414686484,0.644365104361947,0.407240796627827,0.119768222983442,-0.0938974555524134,0.0383152808882352,0.0611495397834426,-0.0837611584265348,0.0434810118190281,-0.0556189368462517,0.0215401472123515,19.0877018129036,2.01783136957215,0.725510182832927,0.684183911360311,0.486631590228003,0.355682446520589,0.325771257992827,0.314194307335642,0.267278633009234,0.303859993985513,0.260566425555657,0.264274228323614,0.235540642701975,110.344827586207,31.6144578313253,0.00194135622642446,0.0027293463933735,3.3033125,1841.81212846168,1301.99802093958
03-01-03-01-02-01-10,10,happy,-41.5573078708047,1.62765648376894,-0.0952881800151407,0.773160274263374,0.100635569678243,0.136150502629545,-0.390412354768337,0.0707023484264371,0.0967740849118447,-0.241597846469653,0.03789476087977,-0.262147678274336,0.0487363559389316,6.84743676295077,1.38803362314161,0.960145926352868,0.641912749090278,0.503017782451605,0.33856763942946,0.547396541803493,0.297569132513484,0.304131999141147,0.304749491641435,0.360510722258434,0.324530847089703,0.434409824187656,313.725490196078,151.437932289771,0.0150756914145889,0.0224020719479843,3.3033125,2225.45587073769,1030.33933892543
03-01-03-01-02-01-11,11,happy,-45.7526896415497,1.74325989317707,0.545487356192022,0.451205268912003,0.409706266228589,0.150178083049381,0.103163170923135,-0.104667592932168,-0.00944724144446468,0.0294851880282999,0.0299279558278581,-0.0513008622712318,0.0314544803646394,6.69488259577589,1.80294853904101,0.562315713471344,0.611550207252812,0.457999918280128,0.281857753338189,0.333813326401797,0.36964341373482,0.273643214075409,0.262979740389032,0.240661684383301,0.252596222842803,0.20631166496477,129.032258064516,57.4358974358974,0.00355018788834984,0.0051801120807464,3.169875,1824.41397184067,1106.75435623997
03-01-03-01-02-01-12,12,happy,-46.6049266472099,1.59896120152906,0.0450119014578265,0.641166181189407,0.0927781289765326,0.261968511404057,-0.167724848108378,0.0772163241844863,-0.0473835664333076,0.169691539574643,0.0232818814317992,-0.0232158303368977,0.211692544755114,15.742104758268,1.39177709502995,0.622966737002347,0.772064823348861,0.579747521290839,0.396446228683551,0.454246001404459,0.346601516384472,0.350428589059209,0.285716755016878,0.235211581574508,0.26674658459246,0.292406981627445,225.352112676056,150.943396226415,0.00534114842464064,0.00792546186875788,3.5035,2256.66447583309,1219.81746673307
03-01-03-01-02-01-13,13,happy,-46.4640915288899,1.66931733742626,0.241013825252962,0.426779292467055,0.340196304865553,0.14804065554224,-0.00889273789252383,-0.167070343716084,0.11794795237324,-0.103923678935217,0.0905829648854201,0.039901353937748,0.00419542034644326,7.64332202763255,1.57097108410202,0.534593192161171,0.581454461355756,0.509192512864265,0.394880013623386,0.360745242322497,0.447436761506898,0.268037675818926,0.308856259994288,0.340656823812539,0.284176890960171,0.223176733487362,141.592920353982,75.0645085620455,0.00312800345906287,0.00503992716865005,3.1365,2211.65363706664,1022.93241399948
03-01-03-01-02-01-14,14,happy,-51.1063567014924,1.04447724992737,0.225890375793772,0.545792728074604,0.0616023380191062,-0.0591133880211921,-0.20568844443426,0.141515584392136,-0.109462291047419,0.00327522748205554,0.0283080967936639,0.0931425764146005,-0.0095534894032198,20.4782759416501,1.4687197598034,0.663672530981016,0.779085225934878,0.576012829945871,0.317516536845662,0.483092506144987,0.353611854002458,0.320448400771547,0.293466740534494,0.225383946767239,0.277108454881487,0.278896194105731,313.725490196078,187.712256869404,0.00574522960406114,0.00948393362057028,3.4034375,2352.4902865698,1505.3889189138
03-01-03-01-02-01-15,15,happy,-44.119898119967,2.2165433451137,-0.0992539101102432,0.870671842918115,0.283411222537946,0.17218472045092,0.0586426425017055,0.0021943136792712,-0.0342302877710338,0.0439032856355779,-0.00341972684985231,0.0371437584453012,0.0569491648732566,6.96792006196249,1.53741150213442,0.994590125166176,0.706768101798205,0.533017784254515,0.364444783849202,0.415074945869907,0.353263510606489,0.328517627118787,0.280489207413792,0.242412770846007,0.248787489062788,0.203489761800023,122.137404580153,120.311394196745,0.00467065012471925,0.00717412853717346,3.3366875,1655.31517525666,815.465345121344
03-01-03-01-02-01-16,16,happy,-44.3099743122465,1.97182909665052,0.529219424497103,0.725577738265827,0.220615078332743,0.064886894334763,-0.046285158072439,0.103668845358643,0.0810304902925981,-0.0895828343964215,0.05466991259385,0.0488449176343142,0.0568810807018323,7.2047843029073,1.56571544254088,0.851339571296406,0.758024277504366,0.557802779327781,0.365173866306486,0.441145901750229,0.334981772756089,0.314167940720351,0.246337537831564,0.255717849343527,0.234804736533829,0.202866388920507,195.121951219512,118.518518518519,0.00629788739280991,0.00971887632317155,3.7370625,2321.58187995324,1242.96036402602
03-01-03-01-02-01-17,17,happy,-43.4979770219399,1.63508835482869,0.196611185013208,0.668058180709586,0.300865457636241,0.415769552901251,-0.0562551038868932,-0.130495508005454,0.151940650868122,-0.125786724688298,0.12926437412204,0.0354816297015732,0.0235796953449517,7.31001738813924,1.7684218904947,0.737317752960806,0.573333001391015,0.538998726853879,0.339011657056287,0.34290949475697,0.406120258757011,0.293931363784177,0.393692744740207,0.301129772745217,0.229178594879254,0.215433357065042,170.212765957447,144.131413936236,0.00895284331261404,0.0144964679767124,3.4701875,2064.59046030426,1024.88857415849
03-01-03-01-02-01-18,18,happy,-52.5699552280534,1.69844613176245,0.14991509313572,0.526398162044398,0.206828031223212,0.307243323829414,-0.151722717958564,0.0358978677943581,0.0254165482753794,0.0435124508295989,-0.0575552935450261,0.0961166614754741,0.17994090078048,19.3196923133733,1.67633923362314,0.768862784639623,0.769670967922647,0.444912562186501,0.436979172709376,0.455745964370874,0.305428001968737,0.296621083092938,0.279479156026601,0.250455249933859,0.220750583834303,0.245587274523795,202.53164556962,158.159597411934,0.00362424035998436,0.00478716187847379,3.43675,2066.5643456984,1524.28026662569
03-01-03-01-02-01-19,19,happy,-45.7612320247244,1.95005151896444,0.575609557262716,0.363073150992552,0.520835639209715,0.326115878355586,0.0397944943777536,-0.0767722963741787,0.0889215312323062,0.0334835719138513,0.0218708962488451,0.106590138779888,-0.0386168964902014,6.03765940108545,1.80291496952351,0.629813652949824,0.624604958016882,0.488155360444536,0.369769488693872,0.358084052351668,0.390431077866653,0.267751885801868,0.304220674980538,0.257210069696416,0.276852223435857,0.273618074197758,181.818181818182,132.678668848882,0.0022177948141154,0.002883594540414,3.2699375,1723.57091464785,1137.18318207278
03-01-03-01-02-01-20,20,happy,-45.6489897101867,1.57957854582448,0.31152934041548,0.631673372578231,0.163625173365121,0.275694790323561,-0.130845211868201,0.111778497975462,-0.0529213821555382,-0.00820759780115369,-0.0440782925154335,0.202980613817952,0.0514666744657942,10.0610503962366,1.52372373839634,0.77206067003891,0.77893795583247,0.556429685814642,0.339292229326495,0.391055792641405,0.292794273005636,0.373757356268836,0.481139931234844,0.260319895889658,0.264227944608476,0.249613418204965,228.571428571429,111.351685740798,0.0043214410671375,0.00662052829591098,3.470125,2362.70094767109,1205.08656081661
03-01-03-01-02-01-21,21,happy,-42.9500352412945,2.00937461525114,-0.0320436230442502,0.929070310836201,0.158826651389236,0.212622280303362,-0.0937581897545462,-0.155465296260231,0.142818971811392,-0.162250474378747,-0.100434603611239,0.0563222738980799,0.10557177479804,7.81757937650194,1.78636845496567,0.888199836646616,0.833790766170598,0.638460201069158,0.365582903204408,0.502865394909168,0.46899580575291,0.349081416715324,0.336508373883887,0.278275482041945,0.281431817635713,0.203044789211406,107.38255033557,398.089171974522,0.00954941534803452,0.0142770097450656,3.70375,2140.77856573424,1123.26695215898
03-01-03-01-02-01-22,22,happy,-45.6283315535902,1.88818492961058,0.163965832654281,0.451364300546325,0.28231754451257,0.112138667107345,-0.0640438175030197,-0.0918955270619925,0.21151458253673,-0.0407710911602108,0.0186637421026647,-0.0018336491678047,0.165621233663578,8.35661921764325,1.66991720250732,0.845937731986301,0.68162790494756,0.551501441439009,0.304833871815429,0.408403809291278,0.359319566117808,0.311433875921305,0.285254561558981,0.318887067305691,0.234621126539635,0.226718964986413,219.178082191781,94.7992100065833,0.00382631025584163,0.00546267603552939,3.5035,2399.80060513983,1154.97439806889
03-01-03-01-02-01-23,23,happy,-52.5762811427992,1.5724610059563,0.00332081068570649,0.527618616546666,0.223632666704153,0.129542502660938,0.045721606861093,-0.200908013543896,0.0830882428453317,-0.000335296257805292,0.0490473259895994,-0.0409950163606135,-0.0246458322012583,21.1274177996257,1.70072257276212,0.762350094974676,0.75291911188868,0.521886614132714,0.279940208988887,0.322848871655023,0.417558956991397,0.229357633476307,0.329585395483979,0.262223634964449,0.224200382185251,0.225778466077903,197.530864197531,59.4871794871795,0.00642068783467839,0.00974723331268529,3.2365625,2005.30509994523,1380.76487829823
03-01-03-01-02-01-24,24,happy,-52.8635881764224,1.74756690468385,0.0372477579509526,0.327379393032689,0.0918231006462073,0.0792385612350875,-0.0739306795338353,0.0657099330701606,-0.0905875752486451,0.060287650730249,0.0262336176175261,-0.0442470779260679,0.117672061896391,20.3988057693004,1.76849635371931,0.837858323696649,0.645007815036487,0.415484463601143,0.302258334952122,0.391882610620846,0.283339430462663,0.287341854863688,0.245110413993796,0.243575346865039,0.234222700276886,0.2408132026333,235.294117647059,125.490196078431,0.00311776772392417,0.004693411712036,3.5035,2057.91250093709,1404.87425156468
03-01-03-01-02-02-01,1,happy,-45.8284300035732,1.67577136684634,0.373601835935533,0.578747458847128,0.242909975128437,0.270370814177268,0.0754720624467411,-0.258883989171149,0.00308272432828829,-0.0787504582218237,0.0434233323330366,-0.0292864623313271,0.000823772593104134,7.88522349820317,1.85085143888145,0.626336114053757,0.771157070536945,0.637237054669599,0.345132011568889,0.431357813535705,0.52265742233513,0.306269485060265,0.317289328530533,0.284754599796715,0.279141104585496,0.203074625826419,132.24043715847,49.6551724137931,0.00361264395801142,0.00478962366626387,3.70375,2400.22217139157,1240.5975317543
03-01-03-01-02-02-02,2,happy,-43.9117628788371,1.76056524561422,0.0949111545225125,0.588375003802876,0.132304484435166,0.165163050422099,-0.260898258918793,0.150879836023726,0.0142162296467021,0.056814553701706,-0.0694169775056409,0.107658094213132,0.0260657173713155,7.46793261657495,1.38075189307224,0.800547981763123,0.713197341148902,0.534559958729604,0.445149759668521,0.490138664674462,0.330057528397511,0.342747710518238,0.326732390080158,0.317790565197922,0.235633895638368,0.220838353824564,238.805970149254,196.268847431638,0.00609788641937232,0.0102718723568827,3.737125,2447.95449469486,1149.23408784711
03-01-03-01-02-02-03,3,happy,-54.0323021417935,1.63483976368828,0.181616504506571,0.252734673564031,0.447004856533901,-0.0459257108533137,-0.0466597738083613,-0.0768361606876282,-0.0642732289341385,0.137826848195539,-0.0994962800292611,0.0730861538255363,-0.0554544137789004,25.1873666267538,1.60924350719804,0.835843008155805,0.729795062687793,0.585990485952944,0.428675594705917,0.332483903816341,0.342513660338267,0.420699114293671,0.271624556459127,0.300334078244361,0.263134163814048,0.208446780007206,192.771084337349,127.186009538951,0.00628274688086835,0.00938678183341861,3.5035,1649.02090057733,1459.24504387528
03-01-03-01-02-02-04,4,happy,-49.4205159829979,1.58276944439906,0.0412719308230882,0.489785958193873,-0.00316003896266467,0.162305889134922,-0.164005182014179,0.0292528576121999,0.0567148223521821,-0.0296487773654967,-0.0413433303839324,0.0947943411276583,-0.0285745968211692,17.867166900975,1.46394937905089,0.789547533708866,0.746999236835282,0.507267386118614,0.475741138477358,0.391825902959773,0.289573364786409,0.272734948794738,0.251544724434264,0.244572157417141,0.271854573517664,0.236557854387471,258.064516129032,273.234811165846,0.00661470844476705,0.00946646669757654,3.4368125,2278.20056676562,1336.39175533861
03-01-03-01-02-02-05,5,happy,-44.3375640826817,2.10375159680079,0.241455626586863,0.528596259688944,0.122816894978061,0.13100491398385,-0.0402985673526535,-0.199809158278966,0.0724038318187053,0.0982909961451491,-0.0204289065117647,0.00374061589203563,0.0145722999143007,7.17973610681798,1.8674636828587,0.796169134074002,0.725192056753424,0.767472629134357,0.403016506078968,0.390937443108034,0.427800611034315,0.296686205258332,0.301702893226665,0.288490284330849,0.304477161202228,0.253270810633816,168.421052631579,106.102292768959,0.00447709386199207,0.00609875069359785,3.7704375,1947.30525718281,1206.94952936364
03-01-03-01-02-02-06,6,happy,-43.9530625125524,1.52745706185243,-0.372916136153946,0.934457864325224,-0.0949633235032281,0.0268649052710958,-0.301295514195079,0.0836926196372838,0.219031597920593,-0.110238767448793,0.152436342410853,0.00386847124728856,0.117228553588333,6.63131486224073,1.51072437205421,0.920275268810803,0.858559240006528,0.604474983092328,0.380510784648525,0.562722885800705,0.263256636408845,0.300654021904023,0.38350880251283,0.303150992309149,0.311601696824603,0.333485997212317,266.666666666667,161.582158636651,0.00411678737591708,0.00734812058929408,3.4368125,2447.65752190764,982.332381697179
03-01-03-01-02-02-07,7,happy,-42.9869529619502,1.81240745423871,-0.0125986558935045,0.698635290451214,0.294731664625262,0.0417454635795158,-0.285456829549585,0.076304597450816,-0.00941119820308794,-0.17752628763394,0.242763734582378,-0.0363545232820933,0.0495011819716075,5.55743760025238,1.7513350266969,0.659379015860674,0.726789566333442,0.714125939352063,0.384371992619026,0.449310156192196,0.287737534387734,0.331819882248527,0.284922991340192,0.291625489543929,0.247935939270384,0.354054258186872,183.908045977011,85.0012354830739,0.00394266009405757,0.00555619616343657,3.4034375,2103.61396176477,1037.75741469793
03-01-03-01-02-02-08,8,happy,-44.504917500014,1.77034382787303,0.131736251088645,0.79254882484114,0.281008224509286,0.205142980409371,-0.0742194039753797,0.105541088922988,0.0419141461738212,0.0452959783598389,-0.0458956800606402,0.0463188970771615,0.0832663606280534,6.87577570101221,1.29250332380334,0.818483005628521,0.732612619774954,0.494229528745241,0.309676926591827,0.463602064513587,0.320143756320904,0.427566267924017,0.309935407775428,0.270919187830792,0.22015054595776,0.249768483615048,213.333333333333,137.062937062937,0.00441518203560946,0.0071089731873384,3.4368125,1895.0002525536,894.68889496556
03-01-03-01-02-02-09,9,happy,-44.890212988265,1.9131658389643,-0.0619908446200313,0.753526840242381,0.372134841250157,0.21694780017396,-0.23267631412902,-0.129563581151547,0.149257068003201,-0.155857086576699,-0.0308553110407368,0.0635752799945713,-0.0621742946562375,6.45828654957487,1.832376968275,0.87904671139826,0.744341944625898,0.529556996018903,0.3986416176102,0.377853862468167,0.441436399640749,0.229410114471509,0.32134612107024,0.298972016793792,0.301764156583019,0.251397588890503,118.518518518519,30.5484841471882,0.003149397244064,0.00448588202775571,3.4701875,2184.10374896597,1067.97308027488
03-01-03-01-02-02-10,10,happy,-40.8348458328471,1.83869826532756,0.0917928461644111,0.769826042891245,-0.0296661128714493,0.266582363005156,-0.34601653499045,0.0138399215310559,0.120945623718958,-0.160192986260771,0.116877645104826,-0.040913786390032,-0.0402897435437476,6.8695330714708,1.401211920907,0.781389023410019,0.618560472981671,0.566384139893476,0.294160080349609,0.465405398948521,0.350165469367665,0.301924206855887,0.313282979836557,0.377606584214173,0.237621040729788,0.363892221060179,290.909090909091,151.515151515152,0.016760688568301,0.0243035566756345,3.3366875,2167.29093057629,877.488494537142
03-01-03-01-02-02-11,11,happy,-45.6432082976284,1.76691061890728,0.59182675025232,0.516082476641071,0.298453672576323,0.199930152929385,0.172952102718522,-0.00503483211737941,-0.0321307865035234,0.0843594462088132,-0.0131714896011763,-0.092882211214922,0.00850915225313223,6.9043166058931,1.73488620325906,0.6230546277856,0.572544307928667,0.470380514103442,0.367027030549338,0.310924044137588,0.308122770758285,0.275118590826017,0.314386281846475,0.239902993927712,0.275477016557527,0.206095568176766,131.689472971142,75.2001175001836,0.00399078018280809,0.00605958527293587,3.236625,1931.36971021339,1065.04580553927
03-01-03-01-02-02-12,12,happy,-43.901081432931,1.93445793417483,-0.0563240485232443,0.755071427154522,0.0526995628222512,0.265283319870644,-0.214919159445393,0.042485111864767,-0.0234854210860716,0.122754247480715,0.0603225016267906,-0.0723319025250964,0.240716131821823,10.6869364368548,1.32461691556247,0.662884364720861,0.773337310736368,0.632918277098961,0.363979866010877,0.503965488377681,0.368727054919909,0.320279497761574,0.26079769334981,0.241209160133136,0.290297264649483,0.283883134113622,197.530864197531,123.481116584565,0.00666623172381269,0.00925331699160574,3.737125,2193.01313268055,1065.45078477966
03-01-03-01-02-02-13,13,happy,-45.3803022137579,1.55229308465817,0.29320798218928,0.43183000418807,0.455213640155575,0.0893131951668105,-0.012544931880534,-0.149038880054618,0.100185055289518,-0.0530896625596214,0.0375950140051487,0.0979539750060909,-0.0599569680770273,7.82705621087273,1.56722265116079,0.5188758161796,0.621293946236621,0.534837591538813,0.39028313692966,0.306230691622987,0.432599198850645,0.321448182452081,0.252045489851495,0.30207766528734,0.289642218200545,0.233953920985942,190.503189227498,157.711263373002,0.00421189682913601,0.00629183249685283,3.20325,2285.12167393947,998.987408084831
03-01-03-01-02-02-14,14,happy,-56.8034419693469,1.11927653223707,0.190607965213199,0.446424054841325,0.0354178491588929,0.0843722673914456,-0.124886135740741,0.104363316379077,-0.0696864200532314,0.0339535510718122,-0.0168655068273545,0.0514339616139974,-0.0205149872034405,25.6265315373909,1.36282438989833,0.60372212579918,0.718420609993781,0.588792824992142,0.367705022061783,0.438983754150257,0.323957959483801,0.271218519032638,0.267958427493096,0.238041549400615,0.246157276655475,0.301505052108773,340.425531914894,237.144585601936,0.00650399786784892,0.00950724989551556,3.470125,1938.11824644375,1613.4960251834
03-01-03-01-02-02-15,15,happy,-43.7257870746165,2.16721166409639,-0.19908673516336,0.836680236934637,0.193907983088131,0.0672940182942178,0.0424980689747091,-0.0286811354992851,-0.166427376768402,-0.0153335022535483,-0.0289696138742293,-0.0493963248962868,-0.0144115559444651,7.07937168572526,1.48753725093342,0.844251694091952,0.703987129720197,0.590187498577515,0.332681303015006,0.389699404854303,0.363613624883791,0.374413405019351,0.300277470517615,0.287951190650956,0.238114967679734,0.232525005754953,132.231404958678,70.1321827272104,0.00576778556315941,0.00898054741589665,3.4368125,1838.99866604668,810.963136374941
03-01-03-01-02-02-16,16,happy,-53.4786387389649,1.52246508536162,0.201924110041918,0.577441177075184,0.134777550574224,0.063197687719082,-0.0879610486730757,0.0569155855446466,0.165842315719829,-0.0683081599077532,0.0613931464443248,0.048176786585588,0.0201728490757261,23.1806782636845,1.86085192330019,0.896015230458306,0.778061761299843,0.571457786151604,0.387391698024631,0.444251637923267,0.262986674092832,0.298035597057337,0.219387481353229,0.228614260555483,0.191273341672231,0.185443153982734,231.884057971014,87.2783947009546,0.00664777675112443,0.0101060028229529,3.670375,1986.76825932442,1618.25138377864
03-01-03-01-02-02-17,17,happy,-41.7817213053886,1.7016378367734,0.135496865284165,0.506270961693235,0.315951396342058,0.474981364489024,-0.278229319607672,-0.129524331046757,0.0973867808589976,-0.158512703898339,0.0154498848781054,0.0937458064380919,-0.0572114788285538,5.54271722648406,1.7165259386121,0.750748441504772,0.580881149525402,0.508987861510975,0.376874744230749,0.506289409139096,0.374445206935169,0.311549121619994,0.362434204642764,0.320591377012069,0.238170544154579,0.256779164692291,156.101275461641,59.4377510040161,0.00789410619474592,0.0118855531545789,3.536875,2003.09467175279,974.471343435773
03-01-03-01-02-02-18,18,happy,-51.4124944495858,1.59625282922213,0.292473233159864,0.593701486086337,0.0649215324676029,0.214774909150029,-0.101991275752781,0.0689347605805783,0.0972126991606883,0.0828057897148494,-0.0360294702433867,0.104132547756914,0.144921100961341,17.7987103739534,1.59578153680401,0.814896636137101,0.683484092972162,0.505227577756263,0.408227316618168,0.452044837791232,0.37274888563297,0.320486103120937,0.256472197970145,0.233828493977777,0.24563302549357,0.235740192094506,253.968253968254,163.137254901961,0.00424174800679272,0.00557089306094363,3.5035,2258.2119837633,1510.401939993
03-01-03-01-02-02-19,19,happy,-44.6001509036137,1.8033608469993,0.445104083491271,0.374784877071868,0.359295100353835,0.333315874856732,-0.00262939820440956,-0.14591070625447,0.124100992285538,0.000868030495882738,-0.0370430227207999,0.0669425888968481,0.0348539010770678,7.11631498776693,1.72360547104767,0.718015181452275,0.666652813827068,0.585409345129958,0.404512876192543,0.353113591553344,0.438013328295698,0.252719202625494,0.261429436112895,0.255104787126177,0.25768327453691,0.262040218955015,161.616161616162,308.851224105461,0.00352126913296221,0.00427166736319262,3.3033125,1583.68977390159,1012.77456616286
03-01-03-01-02-02-20,20,happy,-56.5353338905574,1.23297641506853,-0.0189153567581108,0.364817527629939,0.0417789920262452,0.122730391535225,-0.241725679581389,-0.0184972986637114,-0.163916890459691,0.0481532825346613,-0.12900502440877,0.0967805109296172,0.00824842715283898,24.1451298576449,1.50886289003314,0.585294563566194,0.620609505063127,0.457315580697161,0.327708018385209,0.405520444241821,0.266780982326702,0.355732755939259,0.323268826326344,0.31751557669756,0.260856883533818,0.354614055581321,283.208020050125,262.636789994789,0.00321643648105307,0.00461524684950949,3.4034375,1937.8313647,1544.91634414963
03-01-03-01-02-02-21,21,happy,-43.6129199600659,2.0624866535503,0.05257414048718,0.719899980839409,0.231932085064037,0.20955544157014,-0.0850411590857829,-0.132739401132381,0.103145832007326,-0.0606405476746101,-0.0538535089808976,0.0526613150594685,0.0855613137610174,7.56507894083098,1.84579908633823,0.880853406089856,0.781439066659918,0.640555104606069,0.319352092677482,0.562185628186709,0.418970495857435,0.32725498095401,0.367713696327656,0.278555083241954,0.263582567324522,0.199183670754032,117.647058823529,79.3869562820442,0.00811688911868035,0.0118534765466547,3.8371875,2143.56173966861,1162.47438228423
03-01-03-01-02-02-22,22,happy,-45.4648011349038,1.95537839883986,0.13632546053877,0.340648778659265,0.312564673672888,0.11048991915683,-0.0935136044138383,-0.0769447859821637,0.159387110035406,-0.102384595468525,-0.0143225759685264,0.0328765184925692,0.106041877522945,7.55168700437012,1.7250169274539,0.867135466495865,0.625145233172598,0.551736210065562,0.327236920222168,0.446937388078168,0.413032924021678,0.331049401263877,0.26645475498955,0.328595090435634,0.28671212255279,0.229095810705699,173.913043478261,104.43554368788,0.00389097245267938,0.00564662533802818,3.5035,2340.8312927851,1213.50851593478
03-01-03-01-02-02-23,23,happy,-54.2582462544748,1.56493311639846,0.0417783502627783,0.524965066610532,0.201631635916286,0.15092425360063,0.0712555792996135,-0.206337513753109,0.0460532472052772,-0.0317803987822224,0.0482891026247025,-0.0547173120622173,-0.0325387839749083,22.7257538401871,1.65871671355995,0.689333163416931,0.770696345846058,0.49928133852399,0.288161051477877,0.328833319867791,0.414261461132948,0.253538016246438,0.297341948472288,0.307126872478259,0.2199841195791,0.197826449547772,182.863113897597,77.1929824561403,0.0061243085374148,0.0093366144718634,3.2699375,1901.79100252638,1421.32452498588
03-01-03-01-02-02-24,24,happy,-49.30367344476,1.50964409671376,0.0946742699191439,0.448555425820295,0.0311808968337237,-0.011870605388506,-0.0584121624168546,0.0503145015360058,-0.124301773622081,0.093528763993239,0.0393603943127452,-0.0322579599114544,0.139567925846741,18.2500024098929,1.75513233968244,0.96705971861399,0.658717109558454,0.517939603598421,0.384286520854406,0.39371401777915,0.369070147449891,0.3116020569532,0.289475021776746,0.242685154415467,0.247389460440477,0.261371824668951,242.424242424242,133.759527907549,0.00511156882275951,0.00822951460318785,3.7370625,2287.2681599947,1458.9347992243
03-01-03-02-01-01-01,1,happy,-45.2256955011809,1.66072267542112,0.153191949250656,0.43337162193587,0.385404001296005,0.120162781768672,0.0189307354296906,-0.192583239028876,-0.0549272370673699,0.00874248445969998,-0.0349623299109711,0.0673973115653283,-0.0410188101663047,9.76207771941511,1.54624739312853,0.643293739137262,0.709391529659111,0.671287234398902,0.388187981790445,0.387601679096641,0.376130324340682,0.324405064751031,0.279226228340134,0.23620104593385,0.276877833367793,0.257398497661338,197.530864197531,103.879240383055,0.00599947755982733,0.0093051777052273,3.670375,2375.59805113753,1090.51902704602
03-01-03-02-01-01-02,2,happy,-48.6324899068659,1.38397404917208,-0.0713596568854627,0.693739507425513,-0.158624046633195,0.205453664110786,-0.202999349156243,0.237657742325708,-0.126047000554662,0.10797447975816,-0.113062397851487,0.0376348409444113,-0.00524580326600901,21.4258634842521,1.31467431964381,0.777838176395783,0.789331923234479,0.5827617961813,0.439209328087674,0.498987046353175,0.379395783804095,0.320577537117631,0.32207096073669,0.315015617996236,0.331887546416766,0.463253346101863,258.131667967734,239.661348095083,0.0152807447481956,0.0278156103573467,3.70375,1999.43577252698,1156.92714118273
03-01-03-02-01-01-03,3,happy,-38.8675936993069,1.89500725411615,0.111232067521179,0.120463174689703,0.38097839290911,-0.034488536180455,0.0408333066640433,-0.0835074903556809,-0.0611961122585756,0.247139055888104,-0.17290975424746,0.200167325254024,-0.0149984730723661,6.6396349508033,1.16867645134829,0.81430072163296,0.821884729624406,0.698530496360452,0.394746838181205,0.377987560150474,0.385745732113757,0.28423869399256,0.366630789189887,0.316831058980927,0.282663019653299,0.30251338832456,266.666666666667,114.871794871795,0.0214440336339099,0.0308379452130617,4.3043125,2161.89211760758,938.163615889364
03-01-03-02-01-01-04,4,happy,-47.7562385668687,1.11709764500318,-0.280870809916533,0.39458729245983,-0.064626476761096,0.190897797498525,-0.307798104966532,-0.13466393950893,0.111856112498519,-0.150877074087105,-0.254099346974589,-0.0266372118508067,0.00332945050032993,20.6500334481009,1.21425049302068,0.796570337509055,0.644125732218443,0.592012964525878,0.498421285024546,0.4216713374512,0.346172223875315,0.400209381727988,0.465305076760184,0.465560110168475,0.370410975381421,0.371933508446123,307.692307692308,274.647887323944,0.0126769491701786,0.0201158987352109,3.8705625,2116.58456846119,1174.78287275443
03-01-03-02-01-01-05,5,happy,-44.6547234294499,1.83577634604595,0.392859806643272,0.337945733380525,0.217759203515787,0.162469661396709,0.108215413148545,-0.163234090066298,-0.00459451195892194,0.128527347140917,-0.11147888872713,0.0219456781535378,0.102796396727007,6.62778053042001,1.76595340545087,0.599803345681726,0.823538308875133,0.663783109844339,0.411153798685557,0.393039948907226,0.367989465534926,0.320212361525242,0.23665428587867,0.295009997529474,0.267758320017682,0.229867297434072,242.424242424242,105.820105820106,0.00345146608697149,0.00469186271835876,4.1375,2071.11765531914,1121.7407846185
03-01-03-02-01-01-06,6,happy,-38.4350315000474,0.709897898082546,-1.08498494701468,0.565600855024116,-0.167865733726368,-0.424246542636782,-0.513640020227851,-0.535623210248824,-0.103670818528566,-0.404364481354451,0.318399530136323,0.287568878850059,0.219649920859337,5.99670546253089,0.74579102132088,0.886737676329399,0.57358190722867,0.733871825869161,0.583585278807877,0.529754617605702,0.589251993739102,0.651091758757882,0.5552502428019,0.591137455374849,0.564986457501983,0.57186532443668,313.725490196078,69.8412698412698,0.0256867484737644,0.0379437768680942,3.5035,2642.39456578932,773.403961711434
03-01-03-02-01-01-07,7,happy,-39.4645904457149,2.12553167467882,-0.218684116831975,0.778160754621793,0.105804486813991,-0.124417907300146,-0.191825880233657,-0.19514324531393,0.0110710743266875,-0.236011462595109,0.17126651534174,-0.0486941738170733,0.0773975054446487,6.23231889225374,1.22796261785072,0.777840370723694,0.882136869544685,0.779140140700448,0.456234035759915,0.53203465385878,0.355272552784728,0.449593903893103,0.333649674849125,0.378851185267131,0.281876382897114,0.301293962752235,210.526315789474,164.064891337619,0.0151805184427939,0.0181217088355957,4.104125,1717.91719512328,831.726436303021
03-01-03-02-01-01-08,8,happy,-42.1067978345832,1.76163225421802,-0.137924027451721,0.815099680243345,0.047844371604381,0.313156975107708,-0.13439368874504,0.187411098549912,0.0839103760142484,-0.073770227721255,-0.112478500982888,0.0406024067446182,0.0607618377614582,7.00814092948547,1.36436970648526,0.935132381165469,0.728548916875687,0.607541503741253,0.395697487216929,0.545860823356839,0.398159319915121,0.369901472999038,0.376215097984668,0.340637326145086,0.258697419751124,0.273004223508286,271.186440677966,250,0.01034534583286,0.0146127684460745,3.7704375,1843.22748593322,789.931272239928
03-01-03-02-01-01-09,9,happy,-40.0992674203609,2.25908685926555,-0.377016912960192,0.76190392312832,0.265725333571402,-0.046541382999518,-0.144033151918475,-0.277439512053902,0.0625258395044146,0.0481144928037714,-0.0558884632657893,0.100737592725297,-0.0819006124840934,6.17406227215958,1.36429889001664,0.753596174262218,0.792258702116565,0.666561934450088,0.4951775461073,0.378602473845147,0.41245632715596,0.294199550780099,0.312167443537299,0.321397112408055,0.306657456021068,0.287806853408658,246.153846153846,265.460030165912,0.018163826045126,0.0274130396282145,3.7704375,1822.58963434434,865.632531149729
03-01-03-02-01-01-10,10,happy,-37.1941646682807,1.4826661681609,-0.505617466312827,0.720567219642331,-0.244477284530312,0.160068316563866,-0.399074455816523,-0.219933824164034,0.0959033553993625,-0.458794449888394,-0.116148341721609,-0.365500827516166,-0.267271308395506,6.66740617936158,1.39495156175884,0.863523374200478,0.709949719848717,0.60133057073124,0.326520852622558,0.52005148730481,0.334091709293426,0.308380154952526,0.426570165114139,0.465788065305566,0.468593883057051,0.486292613710425,390.243902439024,144.05762304922,0.0562949087222077,0.07918078550291,3.8371875,2341.8647921737,996.420663126192
03-01-03-02-01-01-11,11,happy,-41.6727613613559,2.1311927657884,0.326604107845556,0.453140530095053,0.270644580899117,0.261288925849548,0.155887680325419,-0.159321393962758,-0.0384296151068619,0.0485980788455872,0.0708551946759431,-0.0351806845243814,-0.0535921824992003,7.53742598861785,1.53610193592866,0.685353584003554,0.780614856616371,0.614653390942838,0.418386957869535,0.421823764085619,0.391273423803682,0.321331175689748,0.304082414774096,0.298952722229133,0.265108502435178,0.300700996070547,197.530864197531,121.653730397592,0.0148679941625971,0.0219014743363946,4.037375,1684.73199506454,930.174734822745
03-01-03-02-01-01-12,12,happy,-43.6581927771361,1.43141962428232,-0.245734630486467,0.526111668433699,-0.173761117931643,0.132700180444771,-0.072561734177033,0.0615209203745081,0.0226570813807089,0.034815282770248,-0.0472874987228128,-0.142196733495716,0.055518268514195,12.4935078619457,1.41317319345082,0.809333774845707,0.88237159973095,0.611178619467113,0.336835279126309,0.496667724071873,0.458892724663174,0.356856484041426,0.290567363188051,0.374184908304055,0.375166214753908,0.416774285178072,355.555555555556,289.726533628973,0.0206282384507589,0.0351331944997874,4.20425,1981.34969557439,1040.38683207096
03-01-03-02-01-01-13,13,happy,-44.5285941683268,1.6711397663821,-0.0510257958305435,0.620536278458764,0.383552972195941,-0.00625947041225196,-0.0348929435510338,-0.175863184520741,0.174626499401327,-0.11573131664577,-0.0220934128411253,0.0872599684522554,-0.111492549427567,8.22793177418509,1.46508017064545,0.631672999755942,0.6753155421052,0.579802388947978,0.414433514524888,0.411357927644537,0.462901767761455,0.340592864996258,0.329352158203225,0.30755527294666,0.255647788426383,0.322877364451067,130.081300813008,79.3650793650794,0.00496631188746899,0.00732650487879639,3.4368125,2202.98327719929,929.515781671394
03-01-03-02-01-01-14,14,happy,-49.1281863998799,0.787480030343792,-0.451998802221179,0.364085276045552,-0.531064568644883,0.0287729103029054,-0.423989513080672,-0.0135337733526911,-0.350887001631919,-0.285413164891751,-0.262337490556781,-0.233038671789673,-0.0469151606808921,22.7888526824895,1.09860045978465,0.96476300458144,0.711744649069796,0.791266342631165,0.490352386600741,0.589240646982414,0.396654280566728,0.513197101685572,0.474215932600278,0.446028858669627,0.456899078829546,0.483917994839792,380.952380952381,277.777777777778,0.0213847780369538,0.0346881861361459,3.7704375,2291.80423638456,1292.41215773625
03-01-03-02-01-01-15,15,happy,-42.3581596267877,1.61040281647828,0.0983678192735804,0.774850952324912,0.102635471238792,0.237770776315857,0.0593534449802189,-0.0056276394957475,-0.0600947295637287,-0.0448246031406755,0.0130900463900261,-0.036387846589212,-0.00784530536172263,7.25701057853664,1.43592179773442,0.727906925866578,0.67998798990863,0.670843393131675,0.290938957827175,0.354825375202273,0.349623025368234,0.445870103834749,0.300967865372257,0.237767853615935,0.261655099438917,0.201356325754422,203.829925348913,61.028192371476,0.0127289017213788,0.0184262826338757,3.57025,1578.02310969942,1052.06693906738
03-01-03-02-01-01-16,16,happy,-49.9035070980722,1.5688645697366,0.00441531666793888,0.558384387024766,0.097783293204151,0.0610278956019198,-0.215134515019866,0.0816329458570102,0.129951577547639,-0.138927196073164,0.0729552899923651,0.0719393042165692,0.112855602303297,21.1081987180253,1.60116789025449,0.847151319076201,0.791319837427182,0.647204968529571,0.428136171852039,0.430397017954403,0.27989958409129,0.327149010125688,0.278322319004946,0.233293895683994,0.269312446833405,0.256455604894816,271.186440677966,181.159420289855,0.0107355005801112,0.0162796623079181,3.7704375,1996.95993881135,1326.23116225036
03-01-03-02-01-01-17,17,happy,-41.9909242888535,1.99727865975138,0.157313678575422,0.351746029663725,0.267029739664923,0.236596156580686,-0.122827353719683,-0.149198321613568,0.164233672281439,0.0727761835647093,0.0974383397556996,0.05343507466199,-0.0104728987339315,7.40600118616836,1.22130175922298,0.639567020002157,0.61144163990465,0.656877423625105,0.461691971143175,0.483420248252376,0.336614276862342,0.315093021826244,0.270360073129685,0.305643029539913,0.25526109253296,0.281917605919635,242.424242424242,152.70413573701,0.017667633730955,0.0291476147107461,3.7370625,1688.83344083931,709.74197953271
03-01-03-02-01-01-18,18,happy,-43.9795499255777,0.969929596449195,-0.620054767750738,0.22274737501538,-0.134508769635009,0.0243587680713323,-0.216913283086693,-0.279208433905684,-0.126697469283129,-0.42583265491633,-0.442255014586258,-0.294106458521407,-0.015739043871801,13.3351357223684,0.809802528294557,0.903213515813917,0.796421471085603,0.479168048262666,0.381553239134639,0.40434614339384,0.465214365417873,0.400736957432019,0.555285074873368,0.527817707922677,0.565792722672288,0.574217066994933,444.444444444444,233.333333333333,0.0324743108291811,0.0636421191347181,3.7704375,2463.08187471844,916.033073528922
03-01-03-02-01-01-19,19,happy,-42.8547097568837,1.88966411363814,0.390143885509992,0.299068410453395,0.293249027647527,0.239017434285603,-0.0960525780132436,-0.25260993967537,0.0574921073027662,0.1324001829946,-0.156846243044367,0.0459952854976169,0.0779258544401022,6.11226213715966,1.39930589550551,0.871996186996324,0.813219295093257,0.647816370855408,0.394982753758749,0.393011429267521,0.414896609543957,0.285415320102527,0.27959054868931,0.254218177128746,0.224401751862744,0.247630245990401,152.380952380952,207.058823529412,0.005573252293436,0.00777408179147711,3.7704375,1778.70432673828,897.384023421861
03-01-03-02-01-01-20,20,happy,-54.6925939001193,1.05561551218365,-0.28572282401946,0.364005394828773,-0.314000519474846,0.122114586958842,-0.326888863657199,0.0102321659960143,-0.106990858923308,-0.0545678187707146,-0.0913305268556281,-0.152411240761249,-0.0943181401891472,25.5937906783297,1.36259216906445,0.725261479211291,0.709408318625916,0.672340663964216,0.384492627564889,0.515729293451275,0.289202819604679,0.372227791640637,0.439528318642516,0.364659407903902,0.439576824345302,0.331861088344153,363.636363636364,289.473684210526,0.01260889981752,0.019342163422731,3.670375,1946.34645730249,1392.27284558796
03-01-03-02-01-01-21,21,happy,-41.8373605480907,1.93872256275615,-0.220366624292289,0.896237454519616,0.0356429368801393,0.108371239472941,0.00346592331982205,-0.252887486711585,0.18989851943328,-0.175406996234361,-0.0628550705558953,0.0342243290712832,0.00255698218705237,8.62017081748019,1.4802176519189,0.869792328043479,0.89777219237944,0.739495129786833,0.369920364355012,0.537899040506366,0.463871869946142,0.301951102419648,0.384232990061917,0.333934237268384,0.302049612910718,0.23381478871654,197.530864197531,288.111888111888,0.0175710974648642,0.0252922603255525,3.8038125,2191.47768629622,897.251248867048
03-01-03-02-01-01-22,22,happy,-42.7487570452086,1.74534882000381,-0.226654325632746,0.426073790765835,0.152482753589223,-0.0171802457145905,-0.068391655270784,-0.19775401928179,0.167823008505144,0.00701783604162258,-0.0229123130358984,-0.110056068599441,0.060368884172461,9.12351724466824,1.50885092634337,0.853990114315207,0.751413741637157,0.624630578417301,0.365606664869287,0.452339531235563,0.398634720593168,0.327519813958868,0.269297722176103,0.359269749059758,0.310137853113039,0.367408170497404,333.333333333333,223.521767381416,0.0138584569962663,0.0216572147599195,3.737125,2321.85182290612,966.857228240303
03-01-03-02-01-01-23,23,happy,-47.6189920046504,1.45672146218547,-0.00450841813156123,0.328247640743582,0.160154339279375,0.0839100015452651,0.139526763472608,-0.0644863578325069,0.0758459539833388,0.0350618955391651,0.0598887303631271,0.019550029213633,-0.0266925150319681,15.5115832138493,1.41771876525742,0.594939756751369,0.7226267034602,0.508543987716002,0.327622965491456,0.30041731119774,0.384329722549113,0.261414323156642,0.303455487008019,0.322730589336479,0.248447601320673,0.2327206981323,290.909090909091,108.541473943879,0.0162789391239077,0.0281762508247909,3.236625,2379.79239341101,1141.76594104241
03-01-03-02-01-01-24,24,happy,-48.286916475379,1.42192257789076,0.00434731488935859,0.577345734114676,-0.23887709794156,0.158834670933489,-0.157623348286646,0.144626052762065,-0.122735863275863,0.0422103224967303,0.0383149704520705,-0.0620730258277666,0.204325988790506,20.5387640923076,1.30532225825891,0.83971852401689,0.761245429479838,0.61815655472695,0.349564811295083,0.5334696657208,0.395574706412795,0.309930375594381,0.287841762077245,0.293377516700278,0.225346903792754,0.297778707355998,266.666666666667,158.508158508158,0.00964416476813618,0.0146686481133821,4.004,2151.75926972048,1188.63271925572
03-01-03-02-01-02-01,1,happy,-44.9595063132801,1.97891193065956,-0.163569883271257,0.518646647545489,0.34953838707938,0.067892386537268,0.0221274902488,-0.317651246583427,0.0188985869492905,0.0694768342562698,-0.0648541354733351,0.0616681277365016,-0.0755428081545451,12.0829269267765,1.37036184649208,0.610960781104134,0.722247787438122,0.565722117835375,0.344009062538101,0.478538640223922,0.423846552521129,0.343190270792595,0.324279961104705,0.267653300706811,0.396626278560882,0.294092087530889,196.326407708522,106.666666666667,0.00759643039265307,0.0123884864528687,3.637,1953.2730986399,1028.77149864882
03-01-03-02-01-02-02,2,happy,-44.8363159544194,1.43119474182706,-0.166451249788523,0.720072295656412,-0.153601658044211,0.167514982817212,-0.205732296221525,0.186731782744895,-0.130976103830173,0.0695356192287113,-0.133950251154599,0.00199954611591805,-0.00936989928771323,16.0841986223333,1.37614747833754,0.869892483485084,0.762128210819469,0.58011720865877,0.456123207257953,0.482693338456805,0.326484509897835,0.337154621382286,0.335767188833101,0.408303063759661,0.353159388542727,0.453081392108175,265.934065934066,284.541723666211,0.0157066903294578,0.0284345521476354,3.670375,2261.1556294747,1077.23904254313
03-01-03-02-01-02-03,3,happy,-37.3063502669831,1.92063478863396,0.053942744117109,0.147742418840538,0.333613567200256,0.0980713387269142,0.0674379496063331,-0.124922836555277,-0.0829438078454938,0.261939968449764,-0.181822493296531,0.276840547625752,-0.0281775404543679,6.38722967052935,1.14581294277423,0.803210369109829,0.909883139292716,0.722423767208547,0.404775911418985,0.387755075420808,0.389881347406029,0.370264513102786,0.33057297954499,0.330182471626793,0.277890006456245,0.254873610601032,258.064516129032,166.878083157153,0.0331568834928012,0.0464087571761826,4.4044375,2080.87126120759,896.705882608706
03-01-03-02-01-02-04,4,happy,-53.750894893902,1.04995264246287,-0.171906906061659,0.366760514985205,-0.154872333839088,0.174410106025976,-0.244795311424136,0.00626552904261362,0.0212636996155686,-0.108041042837732,-0.28345899685278,-0.0634487865081902,-0.227048332834346,25.9372014181544,1.20831851227565,0.788162038722326,0.555016539284112,0.614714529031661,0.410539792684231,0.451462102092786,0.328357610190864,0.490516057694642,0.326089844876395,0.47799400250488,0.341608346749683,0.553184742206641,410.25641025641,237.704918032787,0.0165349943242626,0.0267895019630844,3.57025,1828.51770946097,1265.59904109132
03-01-03-02-01-02-05,5,happy,-42.9138667763588,1.91678522660536,-0.0524339698970644,0.386161349808495,0.258813945277483,0.0481039911747643,0.164657184461608,-0.293466793331967,0.00856031192320339,0.110075121320073,-0.140352561049744,0.122585780414349,0.0641739977271327,7.82635731353108,1.78120126826202,0.631036024602601,0.866302607596282,0.709425733737659,0.407889054991684,0.395610997824227,0.48781055159446,0.334011212555056,0.280534703636091,0.314377401690838,0.293499948446395,0.280723949376271,246.153846153846,113.651498335183,0.00845480553357424,0.0116938054142684,3.8705625,2000.49421671941,929.32971193653
03-01-03-02-01-02-06,6,happy,-39.933882632934,0.748486612412533,-0.91239741988878,0.487425962061415,-0.18088154593827,-0.172971857258982,-0.374996523720886,-0.349086410218074,-0.140492984222403,-0.621418540065234,-0.196750751867625,0.0466510463584297,0.421429295385735,7.38509518232399,0.840737139742994,1.05020514635849,0.612275335721739,0.63135938969127,0.470888802329121,0.568016068867999,0.515936497996618,0.640513633947808,0.535733851307354,0.448492719153333,0.58353848561927,0.760194609809739,290.909090909091,218.181818181818,0.0227847312833527,0.0342456306837981,3.470125,2703.03553541308,807.832786169088
03-01-03-02-01-02-07,7,happy,-38.3487842806125,1.64589331257632,-0.0303206295659525,0.779252185806796,0.11597990935549,-0.0943345046307401,-0.106934118355353,-0.0574789257281648,0.0783011851797467,-0.120087063087701,0.128265959474216,-0.0578099012071124,0.101234637742716,5.55113662953865,1.68213044393436,0.659754568402572,0.879622736362335,0.763709867866513,0.424999233767498,0.482123446137741,0.3278575728694,0.381193928290729,0.322129208978314,0.359876103450341,0.278224912577808,0.339269507826562,238.805970149254,118.518518518519,0.0171923237866393,0.0227210949938542,4.037375,2100.65400263058,1154.10655535137
03-01-03-02-01-02-08,8,happy,-42.4964428922125,1.52898829831425,-0.052967418086244,0.793487141499588,0.029192739570789,0.299261755426411,0.0159066218292219,0.2117766954346,0.122940086550326,0.0156122282952221,-0.022128837553116,0.102627365735917,0.0846406537833077,7.30039036772173,1.35765072497337,0.826855919499417,0.785611701497329,0.568514732261523,0.427444294812455,0.431627971174176,0.392736413696897,0.39254594068557,0.332573758768558,0.309156225564557,0.248458780476918,0.276507248880638,246.153846153846,290.47619047619,0.00976178830623354,0.0141504083228555,3.9039375,1854.96345435009,834.425552261815
03-01-03-02-01-02-09,9,happy,-39.690179981937,2.7130935163151,-0.351168610649819,0.975521009492941,0.226383898925685,-0.0757400172397215,0.0311038929638753,-0.320858414557203,0.0772814346372824,0.00700552310291801,-0.0763100835232855,0.127357789772378,-0.0776456425474003,5.36487083353163,1.42963226207512,0.756490773699271,0.622921927388278,0.770965362846965,0.526443230379869,0.429691467851359,0.486570735888994,0.318154635139257,0.290622095385145,0.3326473413158,0.303379936612059,0.253883852064557,248.076923076923,298.801973220578,0.0142375892235656,0.0214011006294041,4.170875,1676.52076564355,771.962943463845
03-01-03-02-01-02-10,10,happy,-39.1535045695667,1.5221938620008,-0.330409622676332,0.745344077827857,0.0308208697056562,0.114208132637582,-0.349402448120055,-0.238970745350802,0.130785468379482,-0.441872958960663,-0.248080711679548,-0.380015095346009,-0.246037400976862,8.0494881369571,1.18129248454195,0.848348219679552,0.652406017693543,0.595949456663569,0.420352060259227,0.475290564715097,0.391999556365004,0.379642754539474,0.44902481169639,0.490769173817794,0.622637689176422,0.500217127038625,432.432432432432,103.896103896104,0.0502604086317763,0.0775764818599652,3.5035,2147.11625562469,798.828540820062
03-01-03-02-01-02-11,11,happy,-42.1894178923201,1.91090718058085,0.272377714128781,0.496693913933206,0.195463721538269,0.196821858031039,0.0982273527403629,-0.0729034033676813,-0.000210823751598246,0.0703332235263357,0.0640274778116581,-0.0227251564746646,-0.00256452341816884,7.95852904875232,1.43992617637151,0.600942775101796,0.724955112079008,0.584085572752245,0.394511265796537,0.385316389021143,0.357974218887973,0.285302261444786,0.266753398034715,0.295018073705737,0.236733819544441,0.259040418916986,205.128205128205,113.922441195168,0.0155342068634156,0.0249185492998234,3.637,1507.00020963527,953.427414469743
03-01-03-02-01-02-12,12,happy,-44.5686471215362,1.40592013621821,-0.210162118891798,0.545816691954618,-0.0836730107791112,0.151640626754037,-0.0128359543013155,0.0441648979337075,0.0176819796524083,0.0450260852670405,0.0548620490417875,-0.103893292717162,0.11308535467732,14.68980437818,1.33201996891574,0.76027176381072,0.872560602944001,0.638236639139478,0.319754799389218,0.48309733497523,0.435805724099433,0.320907633827667,0.256390480992628,0.320284342383278,0.379587213407199,0.374416887924686,351.690821256039,223.521767381416,0.0199305233565814,0.0310458308017302,4.1375,1991.54720747267,1086.80836394445
03-01-03-02-01-02-13,13,happy,-42.7988466178816,1.84089131730342,0.286915211152574,0.456677612686137,0.497386551956068,-0.0122217519305312,0.0548165346180121,-0.0865983128854264,0.127770074388379,0.0418148420731639,0.0285447569256814,0.10556291236224,-0.029282689551269,8.5667197475243,1.50414246951298,0.558894118866289,0.859141069878277,0.717848375464094,0.463938613887785,0.37983402944786,0.466920223576225,0.342855373443589,0.252567643499949,0.319965409745854,0.261313410052506,0.257586828603234,214.774774774775,220.570347344236,0.0112450308505889,0.0156555321481982,3.603625,2076.4332421012,935.275586870453
03-01-03-02-01-02-14,14,happy,-49.4839816182835,0.720686810563491,-0.288793891686084,0.37302912659959,-0.359037812975417,0.074113267279502,-0.361555977365232,0.089192475606846,-0.291323957002717,-0.0803604674993294,-0.261088817815308,-0.208384165287056,-0.193133032961732,23.1331603671882,1.04738874145085,0.795822065794889,0.883684940655782,0.733607210764202,0.440652221271664,0.572803506577683,0.320674880088647,0.448387602823549,0.46751133977981,0.435541744318213,0.451331322949988,0.44678686281939,410.25641025641,222.553402881272,0.0177726507331482,0.0281938153725277,3.7370625,2296.93667002601,1278.5262099214
03-01-03-02-01-02-15,15,happy,-42.7548987085922,2.13979693364463,-0.211885726437587,0.940944682557802,0.113877201619397,0.142688589611281,0.112085264080922,-0.115500925598992,0.0178850663697804,0.0694095974171654,-0.0951322785191249,-0.0366687920468421,0.00414438121131921,7.59025259652991,1.28421417790456,0.944716531694169,0.709404741845061,0.664637011792671,0.344186516431999,0.345114175010239,0.407737046605706,0.352325801612265,0.338988694011392,0.266908744784951,0.294014679343123,0.239651232325055,139.130434782609,84.7806888430968,0.00941855564488801,0.0152200364009913,3.470125,1725.35637270764,619.468942872418
03-01-03-02-01-02-16,16,happy,-41.6338875257145,1.37657604882093,-0.0555674970951068,0.670722630314867,-0.0506006644816299,0.0407052297937752,-0.115237978724734,0.0885064519915103,0.116542218017588,-0.203033874892109,0.0531757492190899,0.0861250008291194,0.0249265772963261,8.0594711042454,1.59272805632099,0.871382604295271,0.786594025803481,0.660842167110613,0.407943558505475,0.444400213672067,0.303287088234882,0.277647472059942,0.265416454926496,0.245565594839017,0.29844075701711,0.323851189894364,301.88679245283,228.627740822863,0.0176537081505682,0.0314835103020372,3.57025,2490.94349067111,1018.20840850555
03-01-03-02-01-02-17,17,happy,-40.1680442963737,1.52102598910632,0.0285954214368777,0.365507118489183,0.286437122509355,0.327485106464955,-0.0739156482613144,-0.0668251339941236,0.138190704318769,-0.0355393698512866,0.0978646878054096,0.0813620917277496,-0.0137183295872172,7.32703755386741,1.10516682369199,0.681875534649053,0.673476472262375,0.652053200354432,0.370330930985036,0.445560922805818,0.39468303979807,0.316974735631701,0.270438426687596,0.33920757431969,0.276421602784524,0.333534008469136,285.714285714286,220.224719101124,0.0271504539051576,0.0482890137238378,4.104125,1846.52611412818,818.478942705349
03-01-03-02-01-02-18,18,happy,-43.867451839498,1.02847152397737,-0.417456556601711,0.329602940702353,-0.0713319269470473,0.0576014732774384,-0.110117446465296,-0.220355303008827,-0.0130695135827253,-0.404852487519904,-0.377668528347834,-0.203747639721744,-0.0951803850233699,14.268208590885,1.09688298621943,0.899007148697856,0.839191792461479,0.45667939889079,0.431791612952985,0.362243066721941,0.431723739753342,0.384963478987522,0.460722640706875,0.489273599452751,0.486534007172058,0.502361174118373,410.25641025641,241.935483870968,0.0242795744872831,0.0454521532371069,3.93725,2490.90013748491,1044.81989908582
03-01-03-02-01-02-19,19,happy,-40.3289956398422,1.74538801285063,-0.0819329826038611,0.330331345258305,0.435537013929124,0.116182528704837,-0.198528900224097,-0.208563040592181,0.125520648845057,0.103731747484056,-0.16850634617415,0.0165080293998069,0.0156815142003999,6.10411970947874,1.20819737701758,0.594420447904436,0.670392540341599,0.744216549541808,0.41620990635398,0.525689973406277,0.402117413203781,0.29961455711483,0.332913667770819,0.465822381840719,0.295409542820246,0.281512001495856,275.862068965517,73.3153638814016,0.00902246731112262,0.011421023159723,3.8038125,1930.02462172763,744.035487506815
03-01-03-02-01-02-20,20,happy,-45.7356499276789,1.09320226953433,-0.444780494058074,0.402097599508711,-0.356694613734967,0.114085864090925,-0.418541244036531,-0.042151663566022,-0.294794561830563,-0.291265705222756,-0.280739301462228,-0.0526756356155841,-0.0772205306142241,19.8249364489741,1.17476317021859,0.808847449412479,0.725478932903747,0.682601693878103,0.509106338781668,0.526361284745482,0.353691080355074,0.51698088664327,0.477312303860705,0.485879490447026,0.551651801559864,0.502444196974432,421.052631578947,304.878048780488,0.011929173140573,0.0177688960792259,4.3043125,2185.38152651526,1178.11521001008
03-01-03-02-01-02-21,21,happy,-42.4015443368454,1.90814155065759,-0.283581585590157,0.879091017373828,0.0954397702692502,0.107335522666463,0.0559972369823174,-0.246178929904654,0.211184021165757,-0.147514183308004,-0.0480123837043447,0.097764291943683,0.0473194535034671,8.64273544691118,1.35192451643798,0.813313076165133,0.896451795860828,0.680744286169094,0.360627398995362,0.519034690507051,0.463811296712215,0.332810874129415,0.374144762171655,0.303591475261098,0.319696837251762,0.242595337624777,209.230769230769,372.172428510457,0.0161077766521519,0.0238807389651672,3.9373125,2167.84580946949,818.226409138028
03-01-03-02-01-02-22,22,happy,-41.9791754943676,1.8550347230187,-0.0534039781872106,0.480624045994678,0.305926194771018,-0.0348624521246653,-0.0815858410910367,-0.189379308531687,0.213986842977256,-0.0438158631635986,-0.0263978502582783,0.0386934122843344,0.134688912788253,8.06537568621215,1.52137732251399,0.770692897962703,0.774566867247552,0.631885379034573,0.327111209866031,0.513735632812126,0.368248182863673,0.345605623612364,0.30810775766533,0.317575889038669,0.236703113312077,0.287305799089991,299.091544374563,208.909370199693,0.0129014726125981,0.0178495098965434,3.8371875,2214.62175699641,929.852978969628
03-01-03-02-01-02-23,23,happy,-54.5710225661968,1.40368151129769,-0.0455548410230073,0.340888781733554,0.134506839941208,0.0506132959148133,0.118596703901811,-0.02524184900716,0.0247069008263955,0.055168601764012,0.0820332699443852,-0.00110539117066799,-0.0319604352200993,24.569507020368,1.45820784387495,0.564708500334963,0.7083954621268,0.427238733257398,0.301459439807814,0.295568088305356,0.361943652593663,0.238508433278469,0.281974355659367,0.297602184284649,0.237964437261194,0.213804754343761,290.909090909091,124.209315698677,0.0173240077666259,0.0296823110710062,3.2031875,1889.05063888347,1348.19531902833
03-01-03-02-01-02-24,24,happy,-51.0645776986823,1.34502531476789,0.0143343892200732,0.59632204068687,-0.182356771437026,0.152678278819014,-0.135236480213127,0.11331866435929,-0.108730619748948,-0.0295360172632571,0.119379409154775,-0.0895103719273416,0.163916248473734,23.0131034384805,1.24566854883659,0.743848800279966,0.877039656665976,0.598556304636332,0.330433463244712,0.54297629334495,0.389645133083884,0.328311731617729,0.248164994842973,0.342032775221465,0.234522108754196,0.292348189479095,235.294117647059,132.633324122686,0.00961908900290368,0.0163643527654,3.7704375,1999.59924838122,1213.72263856516
03-01-03-02-02-01-01,1,happy,-42.7746886735602,1.63662170176354,0.138505223914328,0.52067138104693,0.302019666073704,0.190117466402799,0.0233372792711802,-0.344136184091477,0.0661023312355724,-0.0511120747370563,-0.028407294829899,0.0368182364809693,-0.0983272075694853,9.29565503312874,1.60399075043187,0.835130691267187,0.739774524400541,0.659772409246343,0.349223903225788,0.488184386165385,0.56841431548309,0.29282219526478,0.299243515965682,0.313454894000708,0.277346518643648,0.280722508457964,188.235294117647,97.9659609796596,0.010268711901986,0.0142369646283481,3.93725,2339.72091506291,1138.08579677888
03-01-03-02-02-01-02,2,happy,-42.2900693130454,1.67393171724093,-0.0999187306856064,0.781821990340187,0.155464338363222,0.13095284288892,-0.300840006251447,0.242643024564108,-0.0255538562690004,0.0473903223243613,-0.0945835615189059,0.0347088870159079,0.0564255386446493,7.29278414419402,1.37859881729226,0.816565511513185,0.766864597457686,0.60108278890054,0.430767621086338,0.523514152623811,0.37979390290412,0.335892657317613,0.340054628288372,0.324357556070453,0.280923836372064,0.293975425891373,266.666666666667,179.73137973138,0.0108695588169735,0.0180577585266012,3.70375,2369.89771217272,987.396441285068
03-01-03-02-02-01-03,3,happy,-36.7229345232701,1.79460988056526,0.251595431052542,0.1896509386202,0.400433942008171,0.250771750709779,0.0386725126730139,0.00120128093566985,-0.244857293415955,0.241006028312128,-0.229842858444503,0.0303599590370049,0.0695498896215944,6.83623322529325,1.1540429996692,0.651995634872198,0.864945995062791,0.69065280621509,0.432383868850347,0.452878970864247,0.366491013939606,0.422122716465031,0.336211436673104,0.355373800049395,0.35982765314597,0.306113048997526,296.296296296296,340,0.0395264637700184,0.0547901377163302,4.1375,2121.99902404168,1077.3594006412
03-01-03-02-02-01-04,4,happy,-52.0989216407359,1.22264494134226,0.0134698761798387,0.439675339653386,-0.0319507746607353,0.158163504528784,-0.151644458298696,0.0429026976410904,0.0274544858439652,-0.0215188664647313,-0.0597753568827407,0.105623111999837,-0.00357979400180899,23.7352428785226,1.43897739281413,0.831351980535009,0.665068005740408,0.530707803994198,0.471965295961558,0.38126487159254,0.30544229786125,0.284813234596579,0.238786072462556,0.210388723141795,0.227431177286986,0.278519618505681,307.692307692308,183.857729138167,0.0146399808600477,0.0229948424764307,3.603625,2124.39386040376,1506.08348947298
03-01-03-02-02-01-05,5,happy,-42.7511718926933,2.23010069573692,0.213801798358931,0.592754062490585,0.313326718453778,0.177872455445594,0.099340549928518,-0.359176694844021,0.0602533913312959,0.107994229818471,-0.143442141492056,0.0590659763986371,-0.0156203402866891,7.15761609270457,1.68248179490685,0.76780165119864,0.728401403630233,0.753175751152753,0.365735750509556,0.401784222089889,0.489895367112924,0.292767189602073,0.281680975802259,0.290144422290438,0.295475655117588,0.268022814131502,211.929824561404,112.609970674487,0.0080463791198172,0.0107044828537605,3.603625,1964.25110040272,1216.46673394882
03-01-03-02-02-01-06,6,happy,-39.9623414525687,0.635875592135262,-0.892207629626952,0.567401116537585,-0.278907367827838,-0.212678568484262,-0.485719239096252,-0.271447662402067,-0.220786858738691,-0.614599425045775,-0.25159367453519,0.100614663195124,0.406312184588023,7.62711609092675,0.918263916916385,1.06375476657351,0.652607556025535,0.640089109868823,0.412543471731213,0.549920659748691,0.491619274962483,0.662503095750871,0.527741462609715,0.447202099427223,0.588187363673236,0.637845898379063,301.88679245283,237.704918032787,0.0233377420201187,0.0337452541386679,3.57025,2549.75522824827,898.131136255106
03-01-03-02-02-01-07,7,happy,-40.1286876828672,2.13556095336191,-0.244198583858343,0.933626724481488,-0.00609139423142106,-0.00654447683164603,-0.23081836392845,-0.111958345080954,0.0554100951014407,-0.206353446979638,0.185678855684536,0.0324291027107065,0.131216039160037,7.39876316516323,1.39593568147,0.785735740390187,0.959685601557472,0.940033083006301,0.394093462677431,0.480422422139393,0.282982484050475,0.420666951034811,0.295683187071465,0.306814481298092,0.259097437459876,0.263873166282502,210.526315789474,187.177711075194,0.0137089309203666,0.0147861536609234,4.037375,1863.95801289169,1204.79598362204
03-01-03-02-02-01-08,8,happy,-41.7056745421734,1.71935672758888,-0.0633178309640754,0.924936425096224,0.116059599552954,0.315590037035585,-0.0556461246886583,0.237095074721598,0.0959802265871884,-0.0289055421116056,-0.00535629193070885,0.0626984166099937,0.126616481898133,7.26565228334815,1.2561399637143,0.837456004697377,0.795324546698146,0.619747965171725,0.478449947543829,0.56477001793622,0.357513007495378,0.369892905214792,0.409163058988245,0.314686657459129,0.245620765594334,0.329245880230164,266.666666666667,159.863945578231,0.0106547702657418,0.0156572364928094,3.8371875,1910.12504995397,993.171806074913
03-01-03-02-02-01-09,9,happy,-41.4121807242032,1.69959454303243,-0.166316833705859,0.798459084053965,0.357174859202161,0.0614186012805302,-0.0455094126812767,-0.169833860239015,0.0869837072279564,-0.110535416363155,-0.066632805979306,0.103008230058429,-0.0625800182273473,8.2832496257061,1.37334122825164,0.845735203327424,0.689228687025594,0.672268316145097,0.510578871143456,0.364744108587943,0.403899498030103,0.318302060000162,0.315385815313047,0.261872544267768,0.284191826111834,0.233887020274454,246.153846153846,118.518518518519,0.020562769841167,0.0303603876102066,3.57025,2175.48558285078,912.124707605863
03-01-03-02-02-01-10,10,happy,-37.5157692196285,1.20232881080674,-0.237892945276948,0.510756866065148,-0.182082616585156,0.0865156392828127,-0.311340798509779,-0.304382964634708,0.0889482019126788,-0.541317031272772,-0.344615820863274,-0.407363041564606,-0.202301696310565,7.31247857350643,1.22881315523824,0.829144190770529,0.634469140704347,0.52794533156731,0.3429719671455,0.410440047045207,0.440125123637479,0.398586641533234,0.509138049616834,0.506330918204943,0.623570975355478,0.395308973963875,470.588235294118,253.846153846154,0.0633126010976821,0.106124127141327,3.7370625,2580.26853363372,1103.27863185123
03-01-03-02-02-01-11,11,happy,-40.9956198836172,1.90822556418976,0.273492362466417,0.403498748049515,0.117077809182176,0.253161729971351,0.141404174475675,-0.118116911789024,-0.085230935926338,-0.00386926196208432,0.0494994819658186,-0.0819103275244432,0.0702296492076602,7.21789150079756,1.69411263233559,0.6669979807968,0.680465192187961,0.652162330335834,0.42516210132338,0.396716645299156,0.41655116963859,0.299231162502085,0.333562106968266,0.344442192499915,0.292878996698558,0.226882384783231,200,80.8080808080808,0.0163937184166787,0.0217328593825044,3.8705625,1970.54238988018,1095.81148060282
03-01-03-02-02-01-12,12,happy,-45.4030407681473,1.7187766216831,-0.133409531812907,0.583810290772715,0.0580287120855537,0.277162634236779,-0.104906734068612,0.0462150776008373,0.0964542076338219,0.046673786586978,0.122764659677792,-0.0426797616593544,0.237621277694394,15.1498338594131,1.38119570168145,0.727752103073579,0.849843336085,0.662274887847107,0.348715158244163,0.545316201916362,0.402767261610018,0.340298949311234,0.300338181895202,0.262112043659356,0.238118504120332,0.339936355429954,275.862068965517,186.57937806874,0.0112241646884939,0.0165133427075459,3.9039375,2198.01657893531,1179.08993582908
03-01-03-02-02-01-13,13,happy,-43.2114388199685,1.3847814773371,0.296409954255424,0.212812973739076,0.423358181058879,0.00335128196593074,-0.0100443079945535,-0.0775658780492587,0.107490214393253,0.0278654230669383,0.0469734750747654,0.118356852247038,-0.060860829874566,8.8784664820837,1.34583713276764,0.58197394258192,0.778212410588901,0.635430392786663,0.445305734309165,0.360108961504553,0.388643914505634,0.328277735635169,0.257808461282032,0.294522814630988,0.2385721300603,0.23750572789288,250,234.904096613782,0.0117374960405741,0.0176894872604474,3.3700625,2485.34132172953,940.615033828353
03-01-03-02-02-01-14,14,happy,-46.1650419232243,0.595917711985305,-0.486314773230223,0.480589904121791,-0.42735053634031,0.0226934932982399,-0.450418209104089,0.0171666651589543,-0.352382173428259,-0.262106656402989,-0.324217136882316,-0.101207094831347,-0.148234487464091,19.6069499256953,0.754949663601348,1.00424108112534,0.773857793456058,0.763182807782032,0.488446341871074,0.629619204091488,0.430517245821232,0.537838990505452,0.437904148871067,0.552413838390798,0.581479763251241,0.497626712870558,390.243902439024,208.986415882968,0.0256874118872145,0.0404788663343162,3.8371875,2447.28650029749,1110.84071538832
03-01-03-02-02-01-15,15,happy,-41.5992357873421,2.11348257582842,-0.197737830518164,1.01500243289478,0.134885363700291,0.128113531957068,0.0754394196544934,-0.100619735868815,0.0318446136128245,-0.0148630070572796,0.0389099134778566,-0.0965262350294852,0.0265232882668064,7.3874864055117,1.46811327619874,0.993706396045811,0.680696976882436,0.761795173949619,0.373679427021913,0.380014428645251,0.453084019889901,0.389782522954574,0.33601810688216,0.280178457719412,0.272511133285224,0.226333669680292,170.212765957447,358.377425044092,0.0118470903823336,0.017616311281214,3.8038125,1808.2631688775,863.243354089483
03-01-03-02-02-01-16,16,happy,-47.2023461945913,1.59182935351654,0.337041736768059,0.638679853281534,0.0593125026191425,0.0518660333245864,-0.112426845208272,0.118731736912198,0.123155785644073,-0.100873485032188,0.0738220239289639,-0.015962443649214,0.0928508862831725,17.5698079648535,1.54864135222053,0.889406229356699,0.785090325402973,0.661748648526783,0.416705347635145,0.483758014874733,0.350065599027627,0.325270820814483,0.251424398903547,0.262054252722639,0.230378284911962,0.25060068222084,258.064516129032,181.159420289855,0.0127172640965315,0.0180733669265693,3.7704375,2316.51108487841,1473.15225023601
03-01-03-02-02-01-17,17,happy,-41.1146707693898,1.61086001936022,0.227649214831138,0.303576543497331,0.367286540070286,0.29346308011884,-0.0738540188959554,-0.108210538719095,0.171096552673521,-0.00846519849504268,0.0915800413364416,0.0762781769419357,0.0758685424140505,7.18145583202269,1.68009076112123,0.693651184858379,0.616632764313346,0.529456095952895,0.364228877263939,0.428657308311822,0.365637118499363,0.301500203756892,0.306896734435095,0.330145086375175,0.23084467391703,0.247811161106407,266.666666666667,158.607350096712,0.0172256804414243,0.0238056193009941,3.7370625,1878.72738278884,1238.91724657732
03-01-03-02-02-01-18,18,happy,-45.3600878020835,0.818651621978118,-0.552865961236523,0.386050320706733,-0.115424231434719,-0.0823327655230958,-0.250149645370333,-0.304655525782126,0.0406582987817301,-0.375824828594746,-0.394068122986999,-0.243040919572155,-0.226480485441223,17.3609878102414,0.827312843901204,0.906811483858226,0.721811536235268,0.553782945266254,0.514980498753358,0.341855255150453,0.407589182158343,0.399092248910332,0.476113295816722,0.509872434969728,0.677947124689568,0.521022964634512,432.432432432432,214.285714285714,0.0235659337239067,0.0362797219197893,3.7704375,2514.53964368168,1088.97099759521
03-01-03-02-02-01-19,19,happy,-40.5002507745604,1.58061413537194,0.185803180530861,0.473148744850686,0.43193402378678,0.213890023612375,-0.129029766085036,-0.259629307818547,0.155037368386654,0.0550213798419096,-0.123853913096325,0.139220837562592,-0.0233136603862932,6.68934388453754,1.75951788015949,0.902887355554433,0.682355761973877,0.750221812907659,0.441304732211874,0.43554857083783,0.457002318433602,0.300784773710731,0.246364363636673,0.329038305873184,0.29605768495379,0.241358095287651,253.968253968254,173.238526179703,0.0127253397436001,0.0156959753227908,4.4044375,1920.09164984978,1168.61491825103
03-01-03-02-02-01-20,20,happy,-51.5841604217749,1.05522811886098,-0.114144345948753,0.272744153083713,-0.196264239679914,-0.0642416381740618,-0.386159064908458,-0.118513195732987,-0.128491897513585,-0.0402066559174504,-0.130987853662771,0.081548220166459,-0.074904837038538,24.3307043951881,1.25999922933963,0.721942097338213,0.669761975445265,0.684570413673852,0.482487868151399,0.568551240911886,0.317712428038414,0.426480675796115,0.408862163780929,0.392950170632064,0.416715100306019,0.440921338660806,380.952380952381,186.379928315412,0.0194184987571993,0.0338040941621981,3.57025,1975.26503492163,1321.51710302009
03-01-03-02-02-01-21,21,happy,-42.0842519414489,2.05951654784272,-0.143906303726875,0.826556828511773,0.119900449621496,0.0740413562824028,-0.0909203071423719,-0.203154452522344,0.185992436844116,-0.15668700621077,-0.0322197792745789,0.0117698989269529,0.0789520711549865,8.14547712430321,1.62268866148079,0.842148568409056,0.780284730353509,0.640773478443175,0.340963194617325,0.545696532423545,0.5036406557024,0.287456398648519,0.33355960898995,0.291137036221312,0.28357056991841,0.220918889871814,150.238053253394,58.8051298091961,0.0161654708325061,0.0241487581757676,3.670375,2145.04561355218,1039.93742239983
03-01-03-02-02-01-22,22,happy,-42.5085315793544,1.61750482253961,0.139897368243208,0.388067309704461,0.33263784957862,0.122726011144392,-0.0363444759464431,-0.144934537854443,0.253989493400396,-0.122928787567858,-0.0122204187042614,0.0104715041516792,0.094945618669188,8.80169169845768,1.41723724630861,0.720793160041471,0.719450294798929,0.620574477972319,0.300201516953673,0.465064313297739,0.434627755346572,0.367223284385129,0.331808459736646,0.367173452499676,0.259514737812758,0.28631884970968,340.425531914894,197.472818101675,0.0135507394452971,0.0187935543069263,3.670375,2541.42078948957,1064.0781008962
03-01-03-02-02-01-23,23,happy,-55.6327948435701,1.40208490270322,0.00400412685453403,0.332807254228762,0.121551712841981,0.0255255851796542,0.134701690877157,-0.156399486565281,0.104027015225415,0.0204093373529526,0.0913376253698684,0.0261982063452748,-0.0433513823516429,24.8460736628455,1.57867459672063,0.669693518703242,0.652354451799355,0.491179465833549,0.33986341083548,0.354308820123096,0.482017722484157,0.240542344174564,0.230529984952011,0.270494543777584,0.233026783148368,0.209690337673064,250,107.692307692308,0.0159226467084561,0.0264002923279811,3.2365625,1945.6556946174,1445.71951766931
03-01-03-02-02-01-24,24,happy,-48.2708675536821,1.40772107461198,0.0727319752307201,0.513151173842476,-0.154638694925488,0.0983571707353148,-0.116498439994761,0.0479612944417162,-0.0407948078262976,0.0854674999067719,0.00420763803889502,-0.0459043065165428,0.159758684313401,20.5462069928262,1.44982629642158,0.820291989897849,0.651988191490622,0.57458132778206,0.391432705446594,0.499407434605024,0.360808791856641,0.28002858694477,0.3260916887064,0.318529747274802,0.254706057790992,0.302043249148276,275.862068965517,128.648004764741,0.0105062796519544,0.014188237139976,3.8705625,2193.58495591186,1395.59267240984
03-01-03-02-02-02-01,1,happy,-43.9776201788278,1.66064108607937,0.205292334294524,0.480871796904491,0.281525524500404,0.183712181881727,0.0588274659816727,-0.289921005354055,-0.0171733337509649,-0.0872327864288369,-0.0280985614443068,0.0773499961994564,-0.070398907970004,10.2039524771468,1.67738284033448,0.694561462886714,0.717045804213859,0.694387359878926,0.3539597645496,0.439623251867596,0.519639968488931,0.320951808513918,0.275020033444305,0.27380021187784,0.31095107541264,0.268348460845333,177.777777777778,63.7373249637856,0.0096458447759501,0.013129522100935,3.9373125,2441.85172998897,1253.04490100737
03-01-03-02-02-02-02,2,happy,-50.3555367811005,1.50562348134858,0.066407288739419,0.619262195016456,-0.0259334601136517,0.195592075449468,-0.178041757905718,0.195728421521041,-0.0572482117691374,0.0880771955144759,-0.0944245630554655,0.0266614306646524,-0.00252026563230467,22.478397106352,1.49086607516729,0.847253691753038,0.83951735152902,0.575884726772692,0.411600035109731,0.471766977340795,0.36227006260895,0.366999536859274,0.34276520113886,0.334609520949487,0.29519157679757,0.38038441814963,242.424242424242,232.8173374613,0.0120801762946054,0.0195539106514874,3.8705625,1977.04678044787,1395.69544763681
03-01-03-02-02-02-03,3,happy,-37.9772222391717,1.85765403118185,-0.0773846807491456,0.091762246750165,0.419904523236425,-0.000761611198063839,0.111327795737468,-0.185080777080321,0.0152135225399066,0.128783081085109,-0.167050186082317,0.166673670003667,0.000175693792366117,5.99723000129074,1.1428482428602,0.953329029398303,0.786355201959324,0.643583760863626,0.412736330358311,0.391763613098972,0.462474943611711,0.439995073402142,0.442770519333799,0.372812873063328,0.325480220686476,0.297148789334601,266.666666666667,223.521767381416,0.0222638559388499,0.0307265075991081,3.8371875,2092.71804201886,1129.39974167856
03-01-03-02-02-02-04,4,happy,-40.9650692057396,1.18809599246213,-0.119403313401327,0.487534104335171,-0.0307308846613394,0.131796769356237,-0.300286208709166,0.0876205344484962,0.0309852779254359,-0.177992545073799,-0.3454083815729,-0.0381062370987642,-0.247452953815648,8.70264734415474,0.823239031136295,0.837580996689763,0.618421225297424,0.622321981553395,0.476943981489357,0.460335134726473,0.339532281997554,0.391794922475343,0.341496538867153,0.428866473849444,0.406882609969081,0.473465177975888,380.952380952381,218.181818181818,0.0224752358305564,0.0343660664337866,3.7704375,2585.04855834908,909.943812671594
03-01-03-02-02-02-05,5,happy,-44.2798992214591,1.7282789180155,0.350496159153198,0.43481216135957,0.254531877930751,0.143136869256303,0.172071428198261,-0.0910442915755931,-0.0465818860901336,0.143824159437159,-0.122711923397544,0.0315223300246301,0.00143680147591236,7.77485379410982,1.94194656865581,0.698607697254705,0.695623516337695,0.733706989002111,0.388615695220265,0.312896402883926,0.42971198232187,0.258773905615431,0.265517653526555,0.319225707859901,0.23744819719866,0.21419815423731,235.294117647059,80.7102502017756,0.00760511472002574,0.0108844699484717,3.4034375,2126.06158356182,1281.76450153647
03-01-03-02-02-02-06,6,happy,-38.5587658510084,1.05624530394731,-0.871017980066716,0.718361262623511,-0.30952091934374,-0.337754929877708,-0.467913647194711,-0.220611611466384,-0.126175922299046,-0.593950587739194,-0.223094042832356,0.103396577469929,0.402018663641666,5.7614073467677,0.921099984519823,1.10729984304266,0.620467234071663,0.678258374028001,0.531179808716228,0.582041134343119,0.485450018559558,0.603308763215542,0.446192106134133,0.472942376821355,0.57467503656649,0.581144965713396,285.714285714286,57.7049180327869,0.0269328826866247,0.0404900206144292,3.603625,2259.34880468243,827.539882683099
03-01-03-02-02-02-07,7,happy,-38.9815430551673,1.95810574889258,-0.168858688784441,0.75181099785076,0.249019505491694,-0.2308811111805,0.0120488939062957,-0.093576966989142,0.130760148301077,-0.124124929457796,0.163033767820067,-0.0538804861497709,0.205612453501045,6.41005775235441,1.23101867580426,0.741618298677483,0.871798704490215,0.818982358070945,0.380394538052768,0.428479150326674,0.392064803328804,0.410574163972898,0.31271248130782,0.352758283865189,0.254814828753914,0.264878791075856,260.179799048123,66.5362035225049,0.0214448247268691,0.0274177886973554,3.8371875,1847.72161719942,1100.21510092891
03-01-03-02-02-02-08,8,happy,-41.8867540365057,1.75519424589891,-0.121705718092622,0.860769130739043,0.0430763091938913,0.283359958280159,-0.113094525226449,0.171029225111227,0.0898463145039642,-0.0366347960501762,-0.0732260996500465,-0.0022586862445456,0.0624845555882043,6.60626843285371,1.3005141508598,0.850708797578045,0.814055625372284,0.606640553595784,0.386908109106948,0.594688467601843,0.352866100170681,0.384298242217895,0.379011544608628,0.319907946103432,0.27035704962211,0.314053945872828,271.186440677966,109.473684210526,0.00855412125089142,0.0121822562063297,3.9373125,1955.18631991194,1024.08043513229
03-01-03-02-02-02-09,9,happy,-41.148619918799,2.29359117551461,-0.184493325890697,0.778892460246745,0.41298196281095,0.176349723355966,-0.106499768245428,-0.283967570648864,0.076116495862853,-0.151082417140771,-0.0482558139698632,0.105154467927215,-0.083231971474154,6.17436482082628,1.63918476228306,0.847409769694176,0.628864293147513,0.760423255749157,0.431121656640632,0.402464390333023,0.431167197474578,0.295299658317279,0.324364019964563,0.304926260087516,0.294834066828952,0.300307817493881,207.792207792208,192.982456140351,0.0136444467602778,0.0224130405709218,3.57025,1894.2863881775,976.2610922566
03-01-03-02-02-02-10,10,happy,-39.0879453437714,1.28239347288153,-0.211301652998087,0.737727637805655,-0.0404524378856624,0.185873931443081,-0.259565341718147,-0.227256887653637,0.103826220712831,-0.438750347582316,-0.184055727789016,-0.33118111588436,-0.0988912901320667,8.91456501083583,1.15017111238879,1.02413752307479,0.733274551690171,0.707271383190974,0.314659302276702,0.459834634418159,0.449887056362772,0.358875217689235,0.512765472057258,0.391704519539907,0.508770992905324,0.476526115274746,380.952380952381,350.39470333588,0.0569352965914015,0.0880926391916053,3.9706875,2445.36727097623,965.063105523617
03-01-03-02-02-02-11,11,happy,-43.6950455108145,2.00052267300467,0.581071643850118,0.409203477610393,0.294344130190553,0.190092561329876,0.14689343289214,-0.0177745311378936,-0.0847895295871097,0.052298469454419,0.0683234180365412,-0.0546693701035934,0.0366690234716765,8.28230008795278,1.71383182982367,0.582774169005704,0.623152701925471,0.605620317984894,0.297571673916004,0.31430754222551,0.313936628778422,0.270973366947747,0.316197514841457,0.280669131784851,0.248072176196767,0.21080933995388,186.046511627907,101.921470342523,0.0131768236855103,0.0215322236844753,3.5035,1795.58265555326,1046.37436660812
03-01-03-02-02-02-12,12,happy,-42.5663127925303,1.54127015818868,-0.410998751642156,0.487537657356652,-0.165432998070597,0.0427195975416499,-0.184322587847286,-0.0755938860480017,-0.0145199460731234,-0.176340078523913,-0.140341046666452,-0.297327763126278,-0.0435773052103816,12.4350288617571,1.27715643208833,0.902999863137552,0.820474587420012,0.694371541092312,0.360954637143031,0.480686127578254,0.469792571791249,0.441039527914483,0.424975605417945,0.492443610781531,0.664382319869945,0.511645268413891,390.243902439024,259.496372172429,0.0242955490915329,0.0351723366005621,3.970625,2217.61350519127,954.39820105947
03-01-03-02-02-02-13,13,happy,-44.2770079803927,1.53291620345645,0.307557995829092,0.204088491612083,0.338430431748054,0.0437485216263363,0.0108654874935987,-0.04240834722136,0.0701925444323613,0.0522159404829032,-0.00338489011763172,0.125781534098363,-0.0177190565575655,9.67608041689521,1.37724280982399,0.538901846601291,0.755300446048145,0.668951527454522,0.391513004403626,0.348069919699239,0.405116886323647,0.310648839072711,0.255326597001278,0.307215154633584,0.265709177436756,0.221552096068963,233.589087809037,191.541964866623,0.0117554595947235,0.0174659085513319,3.3366875,2332.98375098073,928.262386428167
03-01-03-02-02-02-14,14,happy,-47.8250910582419,0.716494722212874,-0.375897586374531,0.473028017007237,-0.36767918627651,0.0254303848664754,-0.406255752901569,-0.113405924500938,-0.424395270109589,-0.398033281515622,-0.262976975937936,0.0412295539869038,0.117889295739801,21.4405780882597,1.02646977785685,0.999269646983582,0.760763501180946,0.704535689214545,0.408994905454529,0.579196216468515,0.394650905744217,0.533661265249812,0.444969681320177,0.612191101432695,0.640585397203453,0.594484889188601,395.121951219512,228.813559322034,0.0226975548009206,0.0350439613958924,3.7370625,2354.0112990444,1343.9753556814
03-01-03-02-02-02-15,15,happy,-43.0153623265961,1.65089918595818,-0.256833336279357,0.909728623995639,0.0392777622238933,0.149077947103015,0.0275706736492669,-0.0921511308769591,-0.069440174381456,0.0788524097680205,-0.00615266129057789,-0.0458548660411928,0.0352259503248039,7.89928609798105,1.46241209412413,0.910170692764108,0.71999619095478,0.65436882016502,0.342741658458417,0.308081363882011,0.455140272535053,0.321678876904517,0.288913442471958,0.252446440988197,0.320064384339109,0.184502952798493,141.592920353982,57.7871740662438,0.00890688807135544,0.0138944954408172,3.3700625,2120.0067507561,905.951192076831
03-01-03-02-02-02-16,16,happy,-47.4275271729422,1.4915427276911,0.130729944330988,0.656901592151179,0.034689696010401,-0.000288244478829619,-0.133059273567889,0.064303178697189,0.215202345553884,-0.135095015773646,0.218081425727861,0.030893132771745,-0.0108462565035878,17.7739725368805,1.63221079252104,0.832465685404735,0.89027204299735,0.598533496906156,0.489337857031021,0.487962132238147,0.289271688362597,0.363011748339215,0.341036965436258,0.273274189524485,0.239054283400782,0.254999952680632,228.571428571429,156.078527008901,0.0100468425212895,0.0154546098754773,3.8038125,2389.72436882337,1563.0375150482
03-01-03-02-02-02-17,17,happy,-41.3510437120394,1.59239984385297,0.15111558917704,0.251842788197191,0.370767866925746,0.34812558432569,-0.0803918111193918,-0.0682360964667401,0.144835681125171,-0.0752594984111701,0.0231492722432951,0.0120575298931767,0.0216847081621426,7.20503712562484,1.65571645781553,0.691694506251773,0.515181474184527,0.524583378871648,0.395724738610452,0.522463873762396,0.339588470476545,0.331339388787332,0.336670262949833,0.358791456155245,0.295518928664672,0.278349739459036,271.186440677966,271.363339856491,0.0168509453974553,0.0249874087393316,3.8038125,2065.59571749222,1074.44744450716
03-01-03-02-02-02-18,18,happy,-45.033343509163,0.865547974205013,-0.617342639844991,0.255561016188315,-0.136209349439091,-0.0763117935829438,-0.253776925600224,-0.214923438670753,-0.0645458448853348,-0.379708805496465,-0.395179981945288,-0.2866872836066,-0.186517621985656,16.5498360707844,0.83430299838878,0.826949600932236,0.774353284185751,0.54573882229339,0.417685760908278,0.410514665514262,0.413453418208642,0.464729164347165,0.469478997994841,0.500041018324053,0.633032388604181,0.612731128436258,421.052631578947,222.553402881272,0.0345235022313369,0.0637302349022867,3.8371875,2488.03831536052,1046.10034816173
03-01-03-02-02-02-19,19,happy,-44.0777725725321,1.79476940887885,0.660983406612707,0.513235007752172,0.333099946100377,0.262963297034082,0.0633798576878983,-0.0855193834559511,0.143000784806115,0.0675809928899867,-0.0970904283568254,0.0355426630178727,0.0402067773369552,7.32167378156374,2.03633368493089,0.764159726235664,0.746020889347594,0.660943881159858,0.414221952053555,0.358572294972306,0.434375063108141,0.31224682453245,0.299659600214863,0.25416144905649,0.263820691242503,0.241556383677627,177.777777777778,106.831022085259,0.00634374021502388,0.00780141444416942,4.004,1943.1502549477,1207.22263243973
03-01-03-02-02-02-20,20,happy,-41.9266504550754,0.938401058284383,-0.490400570222653,0.0509826194359562,-0.359226457663808,-0.121080120844317,-0.565873671754179,-0.280898817552093,-0.250029177394816,-0.00800691582272148,0.0605923406790771,0.288577306066491,0.0498752721928221,9.24401870172898,1.12802060260108,0.768453440320374,0.510760672876156,0.774923492542804,0.562255812557745,0.635195748904077,0.52936815302526,0.552812978464841,0.541828936598323,0.642987485980599,0.576335795297869,0.453442668563116,340.425531914894,193.939393939394,0.0296880959620699,0.0490441716437269,3.70375,2747.52000823219,986.177063214159
03-01-03-02-02-02-21,21,happy,-41.4514362227476,1.99279915224324,-0.148504848196052,0.838275019964337,0.0349135704358192,0.0923330108953747,-0.000547462887423669,-0.281795821634876,0.189629341211841,-0.167895067206474,-0.076387857991045,0.066598225061336,0.0463671000692842,8.40747552054842,1.586804989273,0.938902415165567,0.881289589291069,0.690180865111617,0.328929940372691,0.541595360012555,0.505877521233337,0.311901854938967,0.385166859982267,0.29489669314159,0.284982493444659,0.232294366877427,172.043010752688,369.74057117942,0.0209264527728133,0.0295449775417006,3.8038125,2156.33164205979,1059.98322706245
03-01-03-02-02-02-22,22,happy,-42.1707636583737,1.7918608108817,-0.1869275047757,0.464478073118938,0.247416482739155,0.0591945135799591,-0.12449218441602,-0.144107157623793,0.247097984824354,-0.0490869039650202,-0.0287276504846152,0.0801314433605834,0.0820539328980334,8.05022153765604,1.45645878083005,0.93894107843712,0.742602419129868,0.681350062177798,0.336224893913048,0.519344922747187,0.380088523825439,0.303953685312417,0.26486867019447,0.314274902202254,0.235249486761341,0.262181745736276,285.714285714286,220.031136481578,0.0117029666650756,0.0157394354463384,3.9373125,2358.29214861368,1082.20377932695
03-01-03-02-02-02-23,23,happy,-50.494653317214,1.45299382983573,0.0576650322759942,0.424208436241116,0.115181401921815,0.0912919050925323,0.142639118541813,-0.164728039344001,0.122476799164213,0.0235611739306279,0.0750464784932212,0.0343637219636781,-0.0131309958147387,19.1105795236284,1.59185738929751,0.659695666909668,0.671830985624084,0.557964782829083,0.296257329630804,0.350815352421103,0.500548840927615,0.292389677364953,0.234655762098066,0.285654626112064,0.216174536891296,0.245606000015571,262.295081967213,120.068610634648,0.0137402104111345,0.0221414637700135,3.2365625,2338.66804936747,1374.36276681313
03-01-03-02-02-02-24,24,happy,-47.4260220755084,1.19536481286114,0.0236121376805324,0.368607962732104,-0.201914227440605,-0.0168886988564033,-0.12965720437902,0.0617296335478949,-0.106621069978536,-0.0375972316277776,-0.11064758384967,-0.105301889376244,-0.00637587402967509,19.9865711323711,1.26380616766945,0.807752705455089,0.668937523600753,0.592074749371499,0.341970832338478,0.453625646424695,0.334946221812441,0.345782532660936,0.273045653540831,0.309260432753686,0.337568817645386,0.417672166982375,355.555555555556,181.684981684982,0.0170569376242375,0.0241337791877245,3.8705625,2269.95192836216,1343.39788936565
03-01-04-01-01-01-01,1,sad,-51.1940506579025,1.7199141648487,0.153661483592752,0.662212698623331,0.213708083533204,0.242707799671426,0.00952297703968061,-0.122775226953286,-0.0370621137365514,-0.0613740223420853,0.0980802204885995,-0.073324072583411,0.0278622769494944,16.239053724151,1.7060275301457,0.646480160953936,0.718148645226714,0.589972475932725,0.383352885081516,0.331974606996153,0.402063561663645,0.314820071480587,0.323198115588588,0.291184112762349,0.243089217733602,0.223394777000245,129.556779438762,51.1151295961423,0.00198152404062838,0.00316948584059443,3.8371875,2117.18525770998,1304.85414271295
03-01-04-01-01-01-02,2,sad,-55.4148053360311,1.76683395098609,0.182655702095361,0.417229129458376,0.0999881155505134,0.202428186605756,-0.0608209123414305,0.074380288634921,0.0609001564577725,0.030100133344518,-0.0805438969639198,0.128181281318991,0.0759682461692261,23.5643632248634,1.70793432743678,0.614317279409808,0.690552107022437,0.479141989869753,0.318072547401893,0.384178484849177,0.298297615337952,0.293943847713237,0.25399000690113,0.182207728889109,0.220316426177744,0.222773804101659,216.216216216216,122.469135802469,0.00264680748923161,0.00391190354504968,3.8371875,1577.43273522677,1245.56999844643
03-01-04-01-01-01-03,3,sad,-48.0496352967313,1.92429921363311,0.113355555086006,0.479520926578024,0.398225100614652,0.00573429264998467,0.016265070866846,-0.0102600731727587,-0.0209939672308685,0.102579926321518,-0.0713881729380125,0.102134680745125,-0.0198279023746868,14.6544814424602,1.693087786683,0.730508891679008,0.82255109466088,0.572256644278372,0.404892641007275,0.325317324494577,0.395137683442776,0.39053910762035,0.309131788545247,0.309965672159192,0.246533102200826,0.219017274386335,139.130434782609,70.5882352941177,0.00219582300479302,0.00331142987218798,3.603625,1964.48497480615,1212.39331490095
03-01-04-01-01-01-04,4,sad,-47.8379469356186,1.63815581053997,0.274857414778218,0.43135346377436,0.104207222913686,0.246403699287431,-0.0319886733524346,-0.0169830814050697,0.030337473820173,0.0422870618890987,-0.123589385165696,0.0260887505970827,0.0343160880485246,10.8593953980602,1.5381039057932,0.635149616354558,0.631725250924062,0.481757891433596,0.342374356663413,0.354630926614467,0.285695530208876,0.289798032439969,0.260887847012025,0.224902892911377,0.257190622161348,0.207376923524643,231.884057971014,88.1834215167549,0.00226044218787888,0.00387260552269271,3.3700625,2423.03891326898,1124.95942834179
03-01-04-01-01-01-05,5,sad,-48.1191518290264,1.73712408638472,0.362614364128159,0.569094148647531,0.180186757646893,0.228971810774229,-0.129109954071619,0.0316106679107088,-0.0281523281843073,0.0580530060658907,0.0723923877030133,-0.0555012755405915,0.0404930726855563,5.34639852523032,1.69219397211304,0.507209024736643,0.662025787241636,0.511566994608752,0.34421108704758,0.367040138589898,0.369885375957412,0.25818954882477,0.257253955960976,0.275447594382845,0.25810079356988,0.207696945879558,92.2197860607269,9.46156240273888,0.00069527737467471,0.000989491406239782,3.2699375,1913.89825103044,1018.25946614605
03-01-04-01-01-01-06,6,sad,-46.8763803161726,1.6588720622324,0.255396384380223,0.593771181094567,0.254299952055116,0.0294707296300745,-0.0826263240366851,0.054390669661633,0.131286453450254,0.0779086770373496,0.0869172249009972,0.0510642416297443,0.0862706809617781,5.17048936375009,1.79216145918074,0.646004612643669,0.652369856141364,0.511198408628878,0.333499887744864,0.334673370130167,0.313010145038788,0.310750279770706,0.287036839340529,0.268694370017086,0.216561192410399,0.269149737605125,222.222222222222,59.7634363975928,0.000935743536145367,0.00130881354834553,3.57025,2318.42004198829,1116.77072810849
03-01-04-01-01-01-07,7,sad,-48.646712578014,2.00987679834695,0.202422251811114,0.58965086397337,0.246849077239451,0.16862639437253,-0.117852937190038,-0.0424333844472611,0.0699503529253189,-0.0812596987750494,0.00282205817428556,-0.0150734158009049,-0.0194006778627578,11.9365547224618,1.67025422611818,0.61350508217781,0.718562129457801,0.698886331086713,0.328729322443736,0.413121207873578,0.27085060201154,0.266682507013156,0.277232028336249,0.291773282100061,0.239639270393284,0.197306701171341,140.350877192982,61.5174299384826,0.0014028219189847,0.00219638337368565,3.536875,2009.1337620037,1148.48294849763
03-01-04-01-01-01-08,8,sad,-46.4420794222476,1.77754671471183,0.521134010509491,0.599319583631417,0.398149172888201,0.302792947433528,0.115513952435232,0.0735043043961579,0.16847734121842,-0.0150838106308539,-0.0356742195328307,0.0336226712431833,0.0657810491292879,5.0838977276318,1.37149995208876,0.789602423414201,0.704676436898409,0.437285448096656,0.310107574817706,0.313387541083867,0.290562544955147,0.329798101071944,0.277916551391076,0.227427104541063,0.236043897649054,0.22056871411644,219.178082191781,90.5923344947735,0.00145537480188315,0.00220535876019285,4.20425,1705.59837831706,983.711268749881
03-01-04-01-01-01-09,9,sad,-48.7624274272368,1.63931290572895,0.252891456077037,0.655253669354793,0.46458050808074,0.288412790966309,-0.12519606317287,-0.0315932751239653,0.0252965756184345,-0.042867287685565,0.0602692069600882,0.0434232898734607,-0.063985678830646,4.16922125525282,1.43284687987611,0.515519173582363,0.582290011788451,0.478377715230445,0.340756958428373,0.327561022453398,0.251984407223178,0.319040133264785,0.285376735214054,0.234369756759573,0.259761372895321,0.210042655348529,69.1147932527243,42.8019856591285,0.000332488800289739,0.000551873377885206,3.2699375,2101.78453633116,960.607233051337
03-01-04-01-01-01-10,10,sad,-44.2228699232794,2.02143303369585,0.341207981217552,0.73520322821753,0.212096810121262,0.311857534995569,-0.122834938543787,0.0469367567859224,0.112309972325699,-0.115691390300844,-0.069949242032321,0.0271598021186247,-0.017703693725513,6.0571699339467,1.66921497924621,0.637360070977879,0.644172637820404,0.485308395268093,0.378611741216044,0.413756892972763,0.313289328015077,0.325127718774785,0.267298423470646,0.272503754785173,0.221916148553946,0.22147737706677,200,198.73532068654,0.00473922445921791,0.00687292259602638,3.3033125,1949.37966839723,951.310998850635
03-01-04-01-01-01-11,11,sad,-46.2931494580422,1.5243424774825,0.476676319286723,0.577151856886208,0.342866697836713,0.205751725833082,0.212348595797043,-0.0872042543772305,0.110818534691901,0.124638349937116,0.0754087295266893,-0.0626747034210878,0.0126425547661376,5.88523409834522,1.44718813810341,0.59959349600861,0.731517840370446,0.519649472666206,0.31573423861467,0.302611824113858,0.333877971240001,0.298080841608122,0.233869506959097,0.276036129642679,0.247030163389339,0.219571964210178,122.137404580153,46.5179175118323,0.00171924044345441,0.00256953556759137,3.3366875,1829.56220883808,842.990562141527
03-01-04-01-01-01-12,12,sad,-43.6910755256297,2.06212752447936,0.047135775357138,0.610667780127869,0.177135723701723,0.279261398476563,-0.0549661111659173,0.0192923361184952,0.0233619347969082,0.106579531114043,0.0945143766435655,-0.133294643444971,0.262722213500796,6.24038478717374,1.46852231305872,0.590746311434972,0.76979257260594,0.464084142891366,0.317656070710921,0.436697180404113,0.334041828456905,0.416745529441265,0.301107249195397,0.262054774865779,0.279740821642646,0.298725556006693,231.884057971014,145.098039215686,0.00474638798469874,0.00702225181411371,3.670375,2151.50322655808,944.600501451036
03-01-04-01-01-01-13,13,sad,-46.8576009134442,2.03922405368339,0.487395933284471,0.470288564700375,0.317660674727348,0.123233365816008,-0.0180421423155439,-0.0697037290358072,0.0608748117338745,-0.0110840920477925,0.0047756195670984,0.0251674641557885,-0.00851683562572577,6.16108968561402,2.01197331151902,0.645192002644488,0.745877443768961,0.490676225207351,0.409321765750221,0.329813495569454,0.357079298336204,0.303711962920542,0.245132486237783,0.256306852442309,0.227178163772563,0.238302892404267,111.111111111111,58.2605076987099,0.00192096669200213,0.00267629108876535,3.57025,1868.71201327015,1060.83519840752
03-01-04-01-01-01-14,14,sad,-48.2519772040304,1.42689037449598,0.589368987402625,0.488099929473795,0.110492005555101,0.0649627428442973,-0.0345171824105072,0.018211339092082,-0.044575453863804,0.00868677657966483,-0.0461701181298406,-0.0104202673306254,0.0540791012171048,11.4166456735412,1.65401830626212,0.753817694666076,0.723119278555157,0.492446937144981,0.36138773403556,0.339571370862569,0.308048907732985,0.269258012444683,0.285596035895718,0.220583248277894,0.240296284382051,0.251818715027586,216.216216216216,152.190237797247,0.00147154851521027,0.00212800637213958,3.7370625,2466.7280841362,1244.47797555972
03-01-04-01-01-01-15,15,sad,-44.4966214299569,2.20283551218603,0.117538106575858,0.776349876779312,0.116760435180589,0.181278949616756,0.0912924673447175,0.0460375139236535,0.0679983706868323,0.0418971575033028,0.0835297328345458,0.00289296300713605,-0.00149201908121663,7.0354705623051,1.43596332063243,0.800580228251726,0.711804872938759,0.628747111240279,0.31053607427272,0.409907674539851,0.380271376669032,0.317089362852215,0.326409261372367,0.257028233640042,0.293586146798671,0.209924081319429,132.231404958678,54.421768707483,0.004567746351795,0.00750814391075543,3.5035,1731.86774584347,806.400512478501
03-01-04-01-01-01-16,16,sad,-51.6616095678881,1.42638817312863,0.42783155505176,0.480206708516849,0.162533189940746,0.0150404025083347,-0.0865503535131427,0.11800277265446,0.00555585076431588,-0.0878581704300585,0.0856331140856484,-0.0200719882281406,0.0750917253343943,18.0221538963329,1.82479790144659,0.736051322119644,0.765346489441536,0.508919985859061,0.350366676538114,0.363448660739782,0.272411671715061,0.232649840374709,0.266240653723964,0.231844750600675,0.237382076879073,0.234169184572271,235.294117647059,96.4483545128707,0.00288706618678265,0.00470722315320315,3.57025,2285.38916437968,1540.71099426244
03-01-04-01-01-01-17,17,sad,-43.8407639945142,2.03199433199308,-0.152478680826513,0.529534922203891,0.18658858001788,0.495931911189643,-0.126847188590904,-0.308489512942379,0.0725120862265518,-0.0459228494713221,0.0700071145236235,0.123016353400608,-0.0653285826342655,6.08516758291805,1.57746728651322,0.681343488818976,0.735518533105093,0.553097937673448,0.332076277937097,0.402983635397536,0.434188654817666,0.320542655231213,0.326822069067392,0.30277021785577,0.231593848856626,0.248705561781332,120.300751879699,78.5923753665689,0.00489669614280185,0.00832740782165911,3.670375,1746.38976246017,724.938865385046
03-01-04-01-01-01-18,18,sad,-50.1173840571962,1.94048039075104,0.0519327460801797,0.47618909040016,0.00765897437254723,0.286461005064734,0.0266318383130765,-0.102917819813035,0.142765710163497,0.0404890017093502,0.0571612003095244,0.0707136135980605,0.0756490915866984,16.4158618766685,1.93173281802838,0.866820061224292,0.73028151013748,0.490970594628629,0.403341512392213,0.401081053194326,0.35143228343098,0.290342746171993,0.280936719055918,0.237442092174398,0.197145982848707,0.225932424373837,244.289044289044,100.4329004329,0.00458964955043791,0.0066422536253769,3.57025,2128.30768648927,1376.45787169203
03-01-04-01-01-01-19,19,sad,-46.5821367648088,1.73291941449924,0.518210325435977,0.347272357786642,0.351330422613086,0.337586880277363,0.0870314927941989,-0.0416791803577564,0.0758086313820898,-0.0141362847848789,0.0160043343426249,-0.0484749444461198,0.0611284945491421,5.87831011461977,1.68770990814867,0.625343573143428,0.753540276986857,0.519849669406531,0.421264674519261,0.318441264019077,0.31530419174403,0.324799201662367,0.280928581290655,0.213460825782807,0.271687620516763,0.20498466797037,117.647058823529,68.1704260651629,0.00154203163723886,0.00207331718139818,3.4368125,1799.94298979278,883.7669099147
03-01-04-01-01-01-20,20,sad,-51.0316343863722,1.19083799795438,0.258954732379483,0.449744468553281,0.166144958306061,0.220794649109054,-0.257673554457259,0.0506402246774877,-0.0050597614531732,-0.0373149235958945,0.00196584204090662,0.0111928349426514,-0.0350855486018326,16.5094804583092,1.42411353191372,0.644044936767414,0.587884694687612,0.369645931969735,0.412430970086079,0.441361519022776,0.355934053992414,0.347787978074328,0.245693153062419,0.253920481163422,0.269419653218888,0.266297645756931,200,136.075674737482,0.000755363453317419,0.00101795371178626,3.603625,2361.34256189605,1259.90317993353
03-01-04-01-01-01-21,21,sad,-45.8276707477082,1.92710953657837,0.369674823258837,0.750832075407851,0.141470937271689,0.375727071132144,0.10575226238573,-0.0935485966978872,0.0989486589150452,-0.0483490917558622,-0.0481175022951529,-0.0232168821600022,0.028917431028858,7.33320154718147,1.70309484497413,0.656283637699954,0.849019165219519,0.666545844256727,0.394303207074764,0.385769975990555,0.388089942278957,0.309376966584307,0.313841036802336,0.286351888071211,0.242806810172815,0.250337235146349,109.58904109589,383.156541305047,0.00280082421238248,0.00392457979829916,4.3043125,2217.60921833116,1221.78126069432
03-01-04-01-01-01-22,22,sad,-45.4219166628664,1.97552087635882,0.048158370512676,0.636198625160706,0.256700506100586,0.17117630143354,-0.099555029933245,-0.116467338568092,0.0869321043131054,-0.07610098746232,-0.025778660977872,-0.00182303659834676,0.0615578591151692,7.73653333862016,1.74237896174095,0.697542403796576,0.682875109243023,0.510221462815968,0.377885148477948,0.440442918580006,0.317204195631364,0.384038304106226,0.271869121660882,0.261826410582036,0.25960104844258,0.266725237808493,183.908045977011,87.8517501715855,0.00267744012748999,0.00382259460342209,3.603625,2218.23184365236,1063.97968531074
03-01-04-01-01-01-23,23,sad,-56.5133212751799,1.76859704806673,-0.00481129652780356,0.530555664806009,0.312422062156027,0.156063075270635,0.116271495518707,-0.0933603456512904,-0.00920834091441305,0.0298393608855316,-0.0845648180039125,-0.0103236981847241,-0.0228900611259633,22.79466087484,1.93197841241867,0.695879572296533,0.770753721248588,0.582328880474483,0.312045676873547,0.320971531619705,0.347309695933793,0.292839514315881,0.267446253930961,0.24897119922237,0.213476478646522,0.176390445422303,121.212121212121,58.5585585585585,0.00258940956857665,0.00384120109486268,3.603625,1712.35026098408,1493.85749303157
03-01-04-01-01-01-24,24,sad,-53.2432656556889,1.80107709788719,0.294925736792489,0.481694482609844,0.171476996977405,0.0238528025269153,-0.0313407642951162,0.0227866654491576,-0.0299136383974171,-0.0414994462783938,-0.00691246996752945,0.0228344314440929,0.0772250810525663,20.173555538267,1.67947244495737,0.642905505921191,0.805314096019657,0.496699124598795,0.264240996347356,0.379275151400716,0.251967472410679,0.26955880310678,0.253044388259813,0.234877381842992,0.224166147085154,0.244077020705414,200,101.806239737274,0.00166895916242756,0.00291129254837338,4.104125,1924.8942144944,1365.61095995497
03-01-04-01-01-02-01,1,sad,-48.8944549414416,1.84902492029703,0.223092136691859,0.694918427066736,0.227416814966461,0.297590740052874,0.0552219130630284,-0.159919750813755,-0.0717916721928411,-0.0145390531828262,0.019583443159746,-0.0526541596932255,0.00451076684357652,12.0805097843046,1.67496938382255,0.716892926369547,0.740653629852707,0.62101274604228,0.368245082427465,0.348859567486648,0.366472444698225,0.281035404697754,0.285321844330432,0.269536141421967,0.261739767620375,0.192945271637016,105.960264900662,44.1646489104116,0.00187430491698959,0.00296494592613255,3.57025,2151.14164043548,1203.26565423377
03-01-04-01-01-02-02,2,sad,-55.1020061435103,1.74955384147021,0.127312367286833,0.401252299385572,0.0402688273711455,0.215173311655314,-0.0618281989771819,0.0472622347000749,0.0591709133993149,0.0374315054549557,-0.0302704694960445,0.0906821932618586,0.0595500838822925,23.2732332256225,1.75815149387421,0.71305524435625,0.653635010844751,0.495503855200613,0.344255575508963,0.422116161250001,0.28142245675037,0.278453176907207,0.259669027253724,0.197806846692452,0.203848649383351,0.20951970958537,225.352112676056,116.194625998548,0.00292134941930955,0.00473124888968058,3.7704375,1664.21926527768,1313.90396984104
03-01-04-01-01-02-03,3,sad,-48.4028458090981,1.94250361400331,0.157991503149973,0.488485619647241,0.340305987275804,-0.0445553784106616,0.00610858460477442,0.0617011010538095,-0.0288752322651333,0.0654231191099332,-0.0553253858704308,0.0432476137655701,-0.0426354702914111,14.7928646205513,1.61249935148617,0.770909891353252,0.749208830130161,0.518146646057998,0.378985608010957,0.379118536259448,0.285818832541507,0.34948943572413,0.304882722993705,0.330967032811317,0.226221972348267,0.237604729466145,150.943396226415,61.7886178861789,0.00228729759873431,0.00280643434865828,3.57025,1740.19212617175,1255.99897124014
03-01-04-01-01-02-04,4,sad,-51.6478648128573,1.50925967938206,0.0837104923855387,0.342855906602468,0.0137423386193875,0.239591966113873,-0.164295969993014,-0.0519321827895031,0.0215841281455789,0.0279919664492682,-0.249120473515055,0.0520923163993718,-0.134818450037968,21.6106161591781,1.52654539374792,0.55812920349772,0.619014393197741,0.458732218390128,0.396800503497392,0.399469042770782,0.303790065567778,0.277547320473841,0.257488869741109,0.305214841077747,0.274735147158705,0.317083995766673,301.88679245283,202.464202464202,0.00667418182257225,0.0107191398113821,3.4034375,1928.28052672698,1240.92420198949
03-01-04-01-01-02-05,5,sad,-47.2499622668828,1.75212441572949,0.215299416340069,0.612164910546482,0.124703072903448,0.198972639412881,-0.127681373054736,-0.0297508331883037,0.0889347769745159,0.126041654515859,0.0409607322758289,-0.0852854563239443,-0.00381753410786264,5.12847635012401,1.56734296357374,0.600024183146743,0.802886545587645,0.53086306659605,0.357821088264525,0.330354120852918,0.384142561232691,0.279085741770246,0.262246580767503,0.298881898216293,0.262201863520888,0.235272938788893,108.108108108108,22.1137649548655,0.000688573176888807,0.00106866366572759,3.637,2072.25019341545,977.691290461478
03-01-04-01-01-02-06,6,sad,-45.987650734311,1.67867802136697,0.133202343845595,0.81663023664287,0.181517327466121,-0.00319898411360126,-0.147331275127057,0.136874764377506,0.169458733091918,0.00466219442887279,0.0703330950748646,0.151496893218773,0.110285852380882,4.73918323674076,1.8790777036243,0.73167522479046,0.808264609385454,0.503680429013614,0.317100401499345,0.422578154963316,0.319870425233159,0.326599693694373,0.31214674385506,0.272087418540361,0.310741627115373,0.307522391588009,228.571428571429,73.6555764804353,0.00101854680928084,0.00135917510991012,3.603625,2230.0708864696,1109.66472177484
03-01-04-01-01-02-07,7,sad,-45.584190364764,2.20941607627903,0.149915315258454,0.75248026438453,0.245493537035705,0.212799624927287,-0.14718319626134,-0.0825180261569331,0.0238315652214838,-0.166468976421653,0.0721697954930479,-0.0509645418913908,0.00197657917774628,4.94748017004789,1.52247600275463,0.633962268315436,0.776199512732788,0.678047123169999,0.322063063506169,0.418165732301029,0.328372483045171,0.300363071962946,0.293688711763105,0.332375858302665,0.285488343554896,0.206588604775658,110.344827586207,34.6704293489216,0.00151021354949136,0.00252102753798044,3.603625,1839.31264243167,863.778893711767
03-01-04-01-01-02-08,8,sad,-46.5128527120597,1.85600680383651,0.506039982043987,0.599976009522665,0.20579733592788,0.296738572306773,0.0551933000883006,0.095181712952637,0.0282280377640393,-0.0159841547949935,-0.0381501741506355,0.024115925770559,0.0429108345973282,5.20579367328322,1.424423565968,0.758757890758101,0.694294916906096,0.526800079096706,0.344725021924144,0.35982329772902,0.283589988087414,0.327919976288165,0.270785538677705,0.241751855245451,0.21987915810182,0.214584539412048,196.326407708522,70.3812316715543,0.00133674969143884,0.00194783758891369,3.8705625,1758.59721196433,880.197568850474
03-01-04-01-01-02-09,9,sad,-52.7960315704515,1.27639005132218,0.261016358570121,0.515574998358052,0.402615914376464,0.156351614912656,-0.112294274055855,0.0442816447942937,-0.0162262026751662,0.00093385629186752,0.0480358201756188,0.0603174086932766,-0.0591458813783861,12.9761338109377,1.16695287719597,0.54536409965948,0.634827990115504,0.384555089661396,0.306980265713813,0.314583968192061,0.264218385554748,0.25222609024538,0.273114333110446,0.227725086276641,0.264983684417181,0.214393110738677,93.5672514619883,26.8317853457172,0.000317931977830543,0.000724261911373109,3.43675,2310.8324000347,1142.62624451257
03-01-04-01-01-02-10,10,sad,-42.9516409009438,2.05178577821694,0.222830513389882,0.58835600688278,0.18572700861343,0.279842184569971,-0.402815994302548,-0.103454001845833,0.123875180404463,-0.0838200385155875,-0.17788472934886,0.0394230975522772,-0.153666347515973,5.05692090231,1.39149321903308,0.915071952193743,0.554926592450348,0.45404701612198,0.390185228463482,0.544452804289471,0.423441450395965,0.339411018408162,0.261378993729752,0.304018593030163,0.231634373521181,0.239820825904503,188.235294117647,72.1393034825871,0.00395699127940352,0.00572560620676939,3.470125,1979.76254340664,868.896874387656
03-01-04-01-01-02-11,11,sad,-46.4047456806336,1.69080385740808,0.608299378032873,0.588552660432607,0.291690616141415,0.234429111582995,0.202617961404936,-0.037554254459145,0.00786862770900218,0.111174679068621,0.0306063690839879,-0.0223469138546186,0.00162298820864134,5.61860381931443,1.47437284707778,0.620610608633186,0.68965386435871,0.515503450865953,0.328365081753351,0.315356611672126,0.347039824082472,0.291864462539408,0.23630509238997,0.264188995602396,0.240291688751019,0.218002793973561,105.263157894737,65.4244306418219,0.00158170167562175,0.00207071621256949,3.603625,1754.78528968697,1075.05298962999
03-01-04-01-01-02-12,12,sad,-43.2318391484656,2.22782058404753,0.135433414285259,0.770743242432716,0.246390327370739,0.360797214971834,-0.213933124434102,0.0263547647933341,0.0536658329151414,0.105229790545624,0.0721182469772251,-0.0650807131307684,0.252403290024303,5.59492619330435,1.3016705627845,0.567809532406211,0.703142913802983,0.468635842769795,0.330510114385257,0.489110760744338,0.287972467100122,0.397630686684658,0.294141906020401,0.20835816329226,0.217380553987789,0.300899051442561,235.294117647059,126.062616628654,0.00468105480842006,0.00602880001917308,3.603625,1801.98771579241,933.136178630719
03-01-04-01-01-02-13,13,sad,-47.0336394769067,1.93826116483304,0.356253167805661,0.497450433221048,0.424442305157362,0.0689956097684768,-0.0856829658399597,-0.0578561151491342,0.0726957282975218,-0.0574118543906331,-0.0703818693940902,0.0762910727431897,-0.00302561217927543,6.37029263060859,2.04763518077342,0.617058535782504,0.754843626946923,0.488851111493929,0.382925417195404,0.375720719015421,0.319087604110026,0.275452815395027,0.247382624525787,0.277421720340017,0.257895416868205,0.240963559996458,112.676056338028,57.7507598784195,0.00167104075583187,0.00226638391521836,3.536875,2101.81975036293,1205.1743797063
03-01-04-01-01-02-14,14,sad,-53.966156825851,1.59824411946242,0.520131357901411,0.328554880092248,0.111295883287334,0.0910899173997631,-0.00120894853577552,0.101263403325685,-0.0197802240175633,0.0330679095573603,-0.0710617375771926,-0.0273896543826412,0.0380208368857891,20.1876780220942,1.67727025693509,0.65447876684805,0.691017563705817,0.403437212469632,0.343321039973651,0.341954421622689,0.312978946982976,0.225417139737075,0.294058633653815,0.224744292061751,0.229781524292693,0.228669293175133,225.352112676056,149.949341438703,0.00207416974103821,0.00306276686671215,3.603625,2034.63468976782,1395.07168724045
03-01-04-01-01-02-15,15,sad,-45.354574282458,1.9624196252136,0.0601044057362757,0.717046238503332,0.12064167425557,0.236501343937957,0.0111680799366609,0.0132376813492223,0.0243087247774256,0.0164021433257986,0.119347957670415,0.034311121839381,0.0685929282071525,6.72515526557829,1.53261597224927,0.64944114025087,0.710112542432978,0.531338214767819,0.265468684435558,0.355928723559651,0.354042077282342,0.307188898865845,0.239852296624621,0.250586719697315,0.268253700891547,0.205003746380328,119.402985074627,38.5591070522577,0.00326389226446161,0.00505611471356856,3.3033125,1438.81037655922,753.44728676619
03-01-04-01-01-02-16,16,sad,-50.0886284863928,2.16863827528147,0.433371917900714,0.524447263380688,0.136825285785459,-0.0378602748748618,-0.143077897052463,0.0752488509208519,0.0678270217156151,-0.140006649149136,0.0927844831576417,0.00405711625597077,0.0922120637307649,16.9364483326811,1.63704711834591,0.682024320336708,0.742744358228773,0.500654397654399,0.384620943575348,0.399085603426947,0.301687056184836,0.273473347247534,0.300272748582426,0.234982667293674,0.230654502063472,0.205268093623075,192.771084337349,175.587216018483,0.00254710196384485,0.00407255208620982,3.637,1828.22923044005,1230.81963300899
03-01-04-01-01-02-17,17,sad,-43.8042310047328,2.1486563395086,0.0228115634794258,0.511367030358091,0.259302404188141,0.445662133105928,-0.0805632278706085,-0.220636573666043,0.113060470240797,-0.0918202339574783,0.112869958890521,0.0501437963322259,-0.0417655054609064,6.47490726495777,1.45208870829439,0.58702713533513,0.597625519748004,0.564458382971235,0.351633709983095,0.34223951035776,0.365135176102415,0.321381940801848,0.366112554800041,0.264505747346356,0.214641678832207,0.211720521418604,127.492063492063,74.1583997397951,0.00577158881637229,0.00998135401093486,3.5035,1469.46387137549,762.647510971659
03-01-04-01-01-02-18,18,sad,-49.6428500674698,1.88568244981639,0.150454415092428,0.319079766975769,0.00222439222893869,0.336745208630016,-0.00210791038833274,-0.0932857135536974,0.168139981421533,0.0204356483925561,0.0259106734924172,0.0711621138844593,0.057958264517724,15.3811509544491,1.9777810537049,0.853043053530426,0.666103826003899,0.501178171644244,0.465449718305799,0.377776328607975,0.351139824930632,0.312975931494834,0.234760258617078,0.238249259244958,0.21644152919142,0.198520328912443,238.805970149254,127.973748974569,0.00405523593461891,0.00571354738244229,3.637,2289.18785974283,1447.42481386013
03-01-04-01-01-02-19,19,sad,-47.2637010958011,1.67507663072549,0.487426920236161,0.393995048807508,0.429189869808791,0.337935162875014,-0.0332586283966921,-0.00149018292997791,0.0807027144968907,0.0363778482001117,-0.0247514335550315,-0.0596202692716963,0.00625989015219533,6.48709122523849,1.73889231364529,0.60869693013343,0.667184076463593,0.53357352253493,0.40631978902516,0.311552770850692,0.299863015309083,0.283273450385101,0.257898301945052,0.241825962550638,0.249601130057828,0.228050235088566,113.880445795339,54.2946150422786,0.00107701079134085,0.00140941759229721,3.670375,1982.29901872809,1022.91872559818
03-01-04-01-01-02-20,20,sad,-61.7208949301665,1.10097474906419,0.251249147546578,0.382124375607798,0.219017752584113,0.153824900304213,-0.0729860146978377,-0.00674003165404653,0.0248736454762737,-0.0495817621066925,0.00555652905861258,0.133645738131384,0.041708894834008,23.8788298788053,1.61041234331566,0.608431535717955,0.559778878003476,0.358636225137672,0.313367258160063,0.256672222591307,0.242401595390318,0.267734837607955,0.214287654637713,0.17672948774971,0.193291281880262,0.181718207738081,191.62363740677,135.49851580234,0.000368636735966156,0.000580713799466129,3.5035,1766.14946019585,1506.97396429876
03-01-04-01-01-02-21,21,sad,-45.6328030171608,2.03736231230965,0.366071608461357,0.696911958803417,0.103461637306453,0.357379099408277,0.0485195594066144,-0.0195683215394389,0.0507762627837356,-0.0511036383427195,-0.0222550212430051,-0.0180573707538088,0.0699936182434361,7.01902429629654,1.63605663820576,0.652539145518602,0.733135351156618,0.644015698289291,0.39288884216609,0.405710655473268,0.377055061292933,0.326695765573368,0.296225678977813,0.295888092195786,0.246314224869752,0.247815819000086,93.5672514619883,47.5659606094389,0.00254298819579958,0.00363206449015267,4.604625,2114.48538522441,1124.48707428873
03-01-04-01-01-02-22,22,sad,-45.1398845665506,2.01361688916394,0.0129842079968308,0.49710563529851,0.232139388273515,0.0998962460441806,-0.108046133718511,-0.148286814277539,0.147271965168155,-0.0242618852053774,-0.0173017667019609,0.0510352565035582,0.111956705600286,7.17964645735419,1.74560769384092,0.735282360812825,0.668291676488798,0.508783844870044,0.391112852584519,0.460915719375005,0.3234677022896,0.310623012897813,0.271224745731054,0.284046633580743,0.291188638505861,0.232071152730406,192.771084337349,88.8888888888889,0.00320611535047389,0.00458057065474958,3.70375,2249.79933192812,1095.72483595742
03-01-04-01-01-02-23,23,sad,-53.2502467429304,1.83599898079826,0.062539007973245,0.540358048012957,0.263169801288968,0.181478947607136,0.0864317002382365,-0.0703714654124756,0.0141062959557718,0.06038252542913,-0.096475449664472,-0.0147861027590085,-0.0168118660759685,19.9166370694555,1.86327669891203,0.67752932816841,0.7062789483106,0.57244299842399,0.355004565614032,0.37323562010613,0.350777203822148,0.286364433019478,0.290144031306959,0.282461633329655,0.222729189933916,0.180330587590944,119.402985074627,60,0.00286872960381472,0.00429441532919122,3.8705625,1850.96885401992,1379.28947455638
03-01-04-01-01-02-24,24,sad,-55.1588522534431,1.75371891273539,0.423180019135183,0.460765013126674,0.165229736849931,0.13184300193225,-0.0978931157017748,0.108310750841772,-0.0157384519038831,0.00676472349273243,-0.0238244104791943,0.0239778514555291,0.0568179554633055,21.4098164686178,1.72556720862129,0.676759937472542,0.801922939294121,0.502443690316044,0.239669512344304,0.417425872143569,0.315237656712977,0.289713083330189,0.238473547879758,0.244552080791125,0.219312353277784,0.19930234218341,209.159261790841,151.404151404151,0.00135748082672562,0.00204539489681351,3.970625,1817.48933058658,1376.01468341392
03-01-04-01-02-01-01,1,sad,-55.0015845862896,1.61863772296955,0.143537559606281,0.609151561978053,0.174333432640954,0.237457146912963,0.0291510818216908,-0.169673666965924,-0.0431385331236786,0.00108228265785126,0.0624091995447201,-0.00730824649018898,-0.0196722303604768,19.1300875874209,1.9311218754784,0.620450612202717,0.75799400616161,0.529277376112356,0.347040857616933,0.382991602603678,0.396894450668186,0.271404550637021,0.266853593987558,0.227527005190591,0.240631446292093,0.192864992232298,111.499611499612,31.6024741410676,0.00166856382243718,0.00251075775405722,3.5035,2100.41259602869,1499.52369501548
03-01-04-01-02-01-02,2,sad,-54.9136851675342,1.79822649159133,0.296782362833728,0.416431140493409,0.187371049355502,0.157363203957744,-0.102267525482219,0.136593476334267,0.058147643923888,0.0618275003080052,-0.0216607873475976,0.109750141424538,0.044149712822851,22.4638330849072,1.85036333677842,0.734636208505211,0.62773921523779,0.439440099293175,0.312482732621527,0.438025119590408,0.247659792580938,0.293357031302889,0.233791206174249,0.18436772657057,0.222181773960503,0.236560051118553,210.526315789474,71.5447154471545,0.00309002532333397,0.00497081101815177,3.7370625,1765.63311515842,1465.66605520751
03-01-04-01-02-01-03,3,sad,-43.3859649461099,1.92478625308609,0.156134050465944,0.661244034866096,0.334774077212648,-0.0476201598035773,-0.098151798185752,-0.106373234626396,-0.108177312221707,0.0400913341229195,-0.169291351164599,0.0640443745219982,-0.106786343073327,7.05806719143998,1.46032086568392,0.894927625786538,0.721358039331323,0.501151644026369,0.377891526466649,0.379405667428975,0.366571623327255,0.340522854669246,0.365026855936675,0.365082964109299,0.284306610648796,0.227645452981833,146.121768140117,37.2735116479724,0.00390571376473103,0.00498920112867049,3.57025,1894.30481052129,1205.91604642676
03-01-04-01-02-01-04,4,sad,-51.5948305506063,1.44203084441858,0.177272540878938,0.423409456692986,-0.0164187819940177,0.184463506201978,-0.118626168202557,-0.0127606404682952,-0.0196288563114484,-0.0327896815105337,-0.175873639208231,0.0733973126510184,-0.0747450023356619,22.1639425134169,1.5891280314044,0.766524062898463,0.749015533318438,0.512131301819702,0.398204018960526,0.402458974872381,0.325485212879808,0.261737666231732,0.255428085446469,0.260067837546856,0.261884279758635,0.291133122396811,320,171.065820247244,0.00715514895950521,0.010493755304459,3.4368125,2051.83855151637,1484.09676107975
03-01-04-01-02-01-05,5,sad,-48.0264919659776,1.60781303832381,0.280129671487552,0.494066857346832,0.255354287000187,0.238896537770838,-0.104544969910071,-0.1014932011065,0.104739264489109,0.0936276064429122,-0.0201351561392623,-0.0734805733333657,0.00149903465356105,5.48662253602448,1.74611907426907,0.585800844212613,0.788203589322124,0.50208913888509,0.358571609331024,0.312380140378186,0.330357989704897,0.242639229597978,0.245861322555294,0.246764491456985,0.23819936339618,0.201473301687145,117.217689995706,82.4392998306042,0.000763400519203515,0.00107147309260348,3.103125,2120.19047346058,1112.80069315158
03-01-04-01-02-01-06,6,sad,-46.6994019077345,1.87982248625434,0.146582049443547,0.529501701454392,0.199974079759445,0.000661848187465299,-0.181328638563977,0.0858382522954326,0.127292234354219,0.0105405269310452,0.178429622621368,0.0257106885057505,0.137975769238204,6.50595667196815,1.70264033679992,0.765105719849532,0.66202489384512,0.545117000473689,0.31699889960126,0.319834318942636,0.287839821023256,0.263010856457099,0.291714153086035,0.289450206259312,0.267750867218512,0.234545546960678,235.294117647059,83.0909846281679,0.00182110697557704,0.0028200951486911,3.4701875,2397.18605912548,1239.64851069342
03-01-04-01-02-01-07,7,sad,-49.8512765154219,2.0840761709829,0.360627952235493,0.519890525531887,0.294400746595892,0.197206680390049,-0.126389224154853,-0.0418131218874324,0.0628032840095918,-0.139770488541097,0.0731381367254786,-0.0734460560981918,-0.0143974752628799,15.1854123710922,1.75890512632554,0.569862456044916,0.756607418385393,0.559806597916457,0.307160280620147,0.412200527844013,0.276325844321983,0.283077689228622,0.319888520851059,0.306975965106353,0.223282778902847,0.180423841207674,136.752136752137,65.8049353701528,0.00161091707332796,0.00235614312368137,3.536875,1915.16433137142,1309.80783630501
03-01-04-01-02-01-08,8,sad,-46.7182612316486,1.72202882562316,0.53588391915756,0.57702308990302,0.376511596596449,0.387189988940563,-0.0103300602655363,0.0164223435073159,0.123590981477373,0.0614302715128034,-0.0146787790542349,0.046239025609637,0.0547275035685217,5.17119783276286,1.55263697240664,0.745245314591579,0.638122051042153,0.404552744032756,0.359820127911071,0.343706137434345,0.262363390080976,0.341569300713967,0.243964245176672,0.224319731113144,0.259377407578671,0.236555788922597,216.216216216216,35.2941176470588,0.00135257350175156,0.00199480517431852,3.57025,1930.35232452226,1091.87203692928
03-01-04-01-02-01-09,9,sad,-54.3681451314091,1.2368883691697,0.344249026543851,0.453814251725904,0.410999510493851,0.328591768774248,-0.088580163487072,0.00839514547675125,0.0675908738149442,-0.0508076623305661,0.0902807195623772,0.0560821851906257,-0.0990879676339984,17.3183406460042,1.6107340195628,0.645065188727113,0.572834201742844,0.435518388542818,0.408904751419362,0.323647578555508,0.285313312781394,0.223424742874953,0.272455526214844,0.242621407017311,0.231573281620473,0.227418570071973,91.9540229885057,25.2631578947368,0.00056312965725945,0.00100848238223363,3.4034375,2192.62959355588,1354.28630441124
03-01-04-01-02-01-10,10,sad,-43.5374738233985,2.30907336221896,0.530355020875038,0.709804899607583,0.221072679241529,0.248843522795339,-0.272212913987245,0.0313524717751882,0.0284059891254607,-0.149806340668465,0.0229492851604739,0.0787089928121727,-0.044811868154793,5.44560692089444,1.78158060273875,0.622032007391789,0.507002024916983,0.525024182357766,0.372527598226499,0.404848028114266,0.327919918572004,0.312845479061892,0.274013618445774,0.269728369293093,0.254312949766735,0.263712753154536,210.526315789474,74.110835401158,0.0051428887386675,0.00737418617960958,3.536875,1873.34629096054,1053.30389031418
03-01-04-01-02-01-11,11,sad,-46.3483341124709,1.62937075333744,0.768405049872782,0.480968555557616,0.28732971547044,0.24642570643217,0.212768302907165,0.0144366904630128,0.0704770267528192,0.147024939696256,0.0494519927644389,-0.0854591097975477,0.00224394340178599,5.84322137707974,1.74463079690135,0.61193700295444,0.7246341078838,0.518988538644186,0.360344994167396,0.393365890475802,0.334237572814518,0.270236290805794,0.256384211770449,0.225716359973894,0.263632312570579,0.201765220974424,113.475177304965,40.2480402480403,0.00197589485917411,0.00278125365381239,3.536875,1973.97909282226,1229.44801472383
03-01-04-01-02-01-12,12,sad,-45.5763650019797,1.74047721240355,0.288895424802617,0.432333316033145,0.367051513649661,0.501241976699074,-0.00267873796259154,0.0375836705109747,-0.0713289079371598,0.167562048410232,0.138127050388768,-0.0180821142362844,0.196968370689501,7.14559995955333,1.44247074495571,0.659680247710078,0.715244114394147,0.520402383286818,0.3632730008533,0.447098317157619,0.289959693059972,0.359804877148575,0.276825499120051,0.221899815705118,0.248032635421713,0.307945224442126,225.352112676056,80.0552104899931,0.0030552043597838,0.0043438504596557,3.670375,2283.19972047767,1144.39292519697
03-01-04-01-02-01-13,13,sad,-47.3296151872556,1.95016899615437,0.356065787298993,0.463748570640624,0.359195843485059,0.0719269790948042,-0.0182525090126469,-0.0267674165934263,0.0592463483002349,-0.0351839751213184,0.0342083472633089,0.0274247248856461,0.0373960481320993,6.65632974228417,2.03991774015056,0.575684393668646,0.677757980155763,0.512871621645885,0.399260431753226,0.299020571169294,0.330352721130734,0.295305826402732,0.272765081999543,0.266764401561038,0.25564100390542,0.212417559533726,112.676056338028,35.0301039956212,0.00178969534619893,0.00254082800164277,3.4368125,2096.24481465976,1183.44242886888
03-01-04-01-02-01-14,14,sad,-48.0374896893196,1.19110044349759,0.560511177938834,0.393855196648869,0.0971517754506873,0.0590777130740239,-0.130293178442369,0.0943425782345395,-0.000439594562091564,0.0308210226920072,-0.0214411195448432,0.0829618843679971,-0.00793552129680818,12.1507818557729,1.63787049641095,0.679761739947052,0.716480409950562,0.427894500140529,0.410990918296377,0.39802188327265,0.271863085946969,0.326628799773499,0.332609984001936,0.22545144405528,0.228160591966876,0.245768915230003,262.295081967213,112.570356472795,0.00160405156964263,0.0024728453123936,3.603625,2695.50854984593,1352.70394764541
03-01-04-01-02-01-15,15,sad,-44.9188254102751,1.94217173101553,0.050903713190148,0.708281394874461,0.240920289933794,0.141020209370733,0.0365315509919656,0.0233912516085208,-0.00227622221062536,0.00175340896624743,0.0544555121208579,0.00334632691075332,0.0323924307836809,7.22803457339866,1.64786132709948,0.763358181117874,0.699079960646384,0.46866728713211,0.281199563701606,0.369080306053899,0.363049752171704,0.298539672099973,0.260649922878912,0.267278876899485,0.254787566057385,0.190395725440503,124.031007751938,39.7048960429242,0.00427305199661171,0.00682469027066362,3.3033125,1685.92845774536,871.661569659574
03-01-04-01-02-01-16,16,sad,-53.0782468903041,1.7087846398968,0.40687348559758,0.56479064535304,0.221482422825644,0.0185559685219901,-0.0929043822785244,0.101089625821783,0.104859845438761,-0.116255963995904,0.0524203466963262,0.00851877719889177,0.0441844452172493,20.1666436680393,1.8835120565717,0.812909488115072,0.734413736281185,0.498102352338798,0.344769242939592,0.370039784396756,0.25861147090114,0.240769538761331,0.281510619609627,0.241706382601382,0.202019572831935,0.171702373407229,195.121951219512,91.5841584158416,0.00312356620630231,0.00445993534224032,3.4034375,2043.20321453764,1553.76762233202
03-01-04-01-02-01-17,17,sad,-44.0791944751404,1.92726170521994,0.0598936249908256,0.63085712216801,0.111691480242444,0.588793882612837,-0.0181770588031019,-0.100945511256864,0.126221796025024,-0.213243400734968,0.0651719495028433,0.114875167007581,-0.0461079554887396,5.5438603101532,1.86149500691547,0.765000291678717,0.672460670133687,0.488581142759088,0.334792528621689,0.368485322138096,0.35744301300545,0.333260277601579,0.323984091343418,0.245949013754195,0.260782385439159,0.227077174428731,114.285714285714,50.5871725383921,0.00413382717981467,0.00655743101918035,3.57025,1802.50716448234,926.396135073274
03-01-04-01-02-01-18,18,sad,-50.6431450375651,1.90274074324735,0.502482671988017,0.340334704239485,0.123250390690549,0.35053825089883,-0.0312089184064818,0.0149116032725887,0.0798745601883499,0.0351340505677033,-0.0584094645458473,0.0904155184179955,0.0997674351894327,14.2566288518312,1.97910899492691,0.74565392695621,0.59960383883632,0.471940497616834,0.458261725890072,0.343235077490499,0.218924433099561,0.308528795268945,0.28132456686971,0.216071851891671,0.200606034851159,0.221105199224657,202.53164556962,70.3456640388114,0.00283630823168327,0.00394377008829966,3.536875,2304.00318438681,1542.18473433219
03-01-04-01-02-01-19,19,sad,-46.4270002033189,1.87067927580486,0.260819701732796,0.327954735617782,0.423846229624597,0.348410281654286,-0.196881297015498,-0.214829292348643,0.164503507867643,-0.0167041900237683,-0.00827838259920801,0.023079931868638,-0.0785675479960341,5.93762375215231,1.84930265685411,0.784395275456698,0.602083622770453,0.447004343461892,0.393796830706147,0.381747608175434,0.314121542154254,0.293192806601288,0.289035165523895,0.239302586263277,0.26049195415609,0.239047794705708,106.666666666667,48.5455596224234,0.00170668855637505,0.00243147442522376,3.169875,1853.61602209766,934.226053980044
03-01-04-01-02-01-20,20,sad,-60.4577667891291,1.09254315896596,0.276996827331695,0.31001352965949,0.199696318068798,0.23109729214413,-0.184693862301942,0.0372823090278412,0.0332997898282584,0.0201032416946946,-0.0232783388369584,0.146916405524717,0.0918442630858897,23.9042851700115,1.5618334097621,0.474155800862092,0.585218225400104,0.352778291449336,0.326672128733103,0.368521574426886,0.272262257017407,0.319119626635139,0.217261380683153,0.215090862519264,0.231992451736008,0.201304397914551,198.765432098765,33.1315705638739,0.00054912096220678,0.000808134191776967,3.470125,1853.48009993931,1509.73035168674
03-01-04-01-02-01-21,21,sad,-44.753435995414,1.87685851005386,0.342577664140045,0.717213266380057,0.134320915122243,0.390856535167172,-0.058203347375508,-0.121889753370465,0.102814738038882,0.0171796855055795,-0.0344174318530784,0.0229915395827677,0.114942043820422,7.11668666926329,1.64072743763403,0.691055739358431,0.801855107348691,0.630000817808945,0.354954586914962,0.428898441913071,0.452429292055843,0.306885540201071,0.28912830839367,0.280627708895146,0.269085883736506,0.231057176188128,91.4315569487983,42.8070607048404,0.00347978625137187,0.00542850873088547,4.07075,2224.36169331505,1144.15912079239
03-01-04-01-02-01-22,22,sad,-44.3020657896626,1.92800096038816,0.0613566635257124,0.406886930914449,0.28535559805077,0.237514073627751,-0.199290851354681,-0.165742935788651,0.223473197313845,-0.0143082523759751,-0.0359443936808116,0.130387842572151,0.079112057142199,6.47940902205565,1.71724819056496,0.91350335246744,0.629309725565922,0.603544287871179,0.375064561683069,0.493079198305503,0.346713422275009,0.322056682961345,0.241192952753345,0.283320830554457,0.246363714566847,0.233206522947604,197.530864197531,72.2222222222222,0.00329352027882774,0.0045340789031984,3.670375,2352.6455696477,1233.34707235524
03-01-04-01-02-01-23,23,sad,-47.4923320137995,1.56613122116436,0.291096401223905,0.48056529334979,0.295772344329851,0.213666317801301,0.0689832734384802,-0.0590026783913621,-0.0144414068786096,0.0333504975904052,-0.0905125096977314,-0.00093695862465346,-0.023138874397677,11.9960103717243,2.10699846345393,0.904625192330345,0.762260639598347,0.400215650991765,0.364824970290496,0.385582587884923,0.402605459579369,0.263201690776506,0.238769541416582,0.260002300510045,0.292050044267847,0.214758646064904,135.593220338983,57.1247223103777,0.00382639929014879,0.00556192876701542,3.57025,2431.26361208842,1448.22354077835
03-01-04-01-02-01-24,24,sad,-54.9183642674899,1.7500766525697,0.313648267012744,0.367096504745089,0.158945853864576,0.163913668190767,-0.121748531401416,0.0560744118649867,-0.105482207976582,0.0524936956421781,0.0169573767803838,-0.0288278891359342,0.170767161141815,21.7357452266381,1.85411735277615,0.684694927449645,0.607751232436294,0.519535262808623,0.334104818017985,0.353070306202336,0.229558751994417,0.250182901825908,0.260697733100933,0.273244772047241,0.217162845142812,0.307353928237582,205.128205128205,76.1904761904762,0.00257583192369053,0.00445108463978992,3.536875,1896.98891275178,1467.96003875316
03-01-04-01-02-02-01,1,sad,-51.2933489305233,1.64814895176002,0.293416349314815,0.610446040573297,0.164568967562014,0.317124619586246,0.0668761322573488,-0.180807900285799,-0.0294100831218073,-0.0730548123937697,0.0530378207705164,-0.0276701393150556,-0.0542327612916402,15.0644476473345,1.90008930685909,0.684334108542958,0.760475342752362,0.508739809748595,0.39053889250601,0.371452299778261,0.469183756077465,0.276274354580871,0.278644269363534,0.216798052296113,0.248927589289954,0.236590050943064,114.285714285714,48.9037794627638,0.00219175011359182,0.00332912300898698,3.3700625,2273.84059770334,1398.88440171666
03-01-04-01-02-02-02,2,sad,-53.6547702005674,1.78202751574481,0.281815916046993,0.46762245806278,0.174786026864297,0.181288046277783,-0.108460835347812,0.0761241173337724,0.101617340542646,0.0656677435192595,-0.000494991118866708,0.0734742633000809,0.028864635974316,20.8679785455615,1.78837084876889,0.746317779148525,0.681081665635607,0.445599936432761,0.336620867203503,0.379622988934742,0.229127731513763,0.273403124883847,0.246514527605375,0.199604469857613,0.238180027979366,0.20668494296359,216.216216216216,73.330423395897,0.00282755722544547,0.00467529502583393,3.7704375,1887.61069423764,1472.60224309235
03-01-04-01-02-02-03,3,sad,-43.1843155107378,2.04490518559253,0.297566459638433,0.556405915679459,0.469540028542881,-0.090036474631834,-0.0549309338502085,-0.0366961889808275,-0.157666341190708,0.0949934637826307,-0.101113888182601,0.0312358890523999,-0.0380536925639247,5.88482979764581,1.37159901859363,0.825643551566726,0.705847203727561,0.433144959793586,0.411909710797397,0.395918827864597,0.321833323355761,0.411549212690833,0.363950791595671,0.333801602672524,0.255793827910765,0.243311387200357,148.148148148148,62.015503875969,0.00364594749267977,0.00461451156816979,3.536875,1829.63110111763,1176.24356719268
03-01-04-01-02-02-04,4,sad,-50.2384481402246,1.3122267776586,0.158926354697046,0.356455213197432,-0.127305634366933,0.182394256047652,-0.169730184028608,-0.0436359967224366,-0.0344245275690538,-0.0923196714720752,-0.204837553427237,0.0113934544360451,-0.130277895100131,19.0843346154941,1.47754315662527,0.708080808363306,0.730808915315056,0.495968085078025,0.425899071660618,0.419921271347058,0.312640754564705,0.324900135899713,0.285375963637974,0.330441551844525,0.286235798853025,0.332954498234339,347.826086956522,210.989010989011,0.00635572790449694,0.00997903612876093,3.470125,2356.41790397646,1464.39909940579
03-01-04-01-02-02-05,5,sad,-47.0750580785369,1.81024854549487,0.400327686666933,0.5465507534184,0.118183041039009,0.202812073023377,-0.134228362615139,-0.0556011201356683,0.0875884323899453,0.103891878866272,0.0330619555136827,-0.0348171292558757,0.0403284161799686,5.29362117793036,1.8818584024612,0.624244977076671,0.716308528753191,0.528635067357333,0.34400085902973,0.432387539649489,0.332179902695573,0.245283670977453,0.28200959645406,0.262584138638613,0.234073946230445,0.200638690792145,125,42.6929392446634,0.00084885720877294,0.00109085076576355,3.7036875,1920.62278483459,1042.60684670147
03-01-04-01-02-02-06,6,sad,-50.5950552246758,1.89786327076359,0.177916931579444,0.527541342250668,0.241826188628811,-0.0167613088316806,-0.147716803477656,0.0583976461617122,0.143999861863632,0.0509175481981273,0.153433352210599,0.0518020275061125,0.171694184399994,15.1722850484395,1.74302367771425,0.721863580177802,0.738267460867467,0.477722005267886,0.315733627358765,0.32734647447021,0.246550041217585,0.272510944427138,0.285220640388299,0.246718607021812,0.233594587243565,0.20868682372046,231.884057971014,72.1500721500722,0.00147059462206954,0.00196192435204206,3.4368125,2101.99956921944,1348.94371288089
03-01-04-01-02-02-07,7,sad,-43.8465471008446,2.06658805275509,0.155970492806984,0.80709064757087,0.125351305655798,0.155439822814672,-0.1574240139332,-0.0971993951268264,-0.000327239820038995,-0.160335292022049,0.201645236885518,-0.101350574348544,0.033765359497918,7.07974326596647,1.71510261522235,0.681056205712566,0.955941255748413,0.750687485160925,0.38685462292902,0.438418778216438,0.325665951278959,0.291405666865585,0.317245380321939,0.37371227955215,0.289308676704603,0.225667089927448,146.788990825688,62.015503875969,0.00376654759213524,0.00466962240597658,3.8705625,2142.33522633001,1155.18614277026
03-01-04-01-02-02-08,8,sad,-46.2191202532353,1.92400811176778,0.473376802213603,0.562214984002843,0.395511078084518,0.265006828629935,-0.0792516606601313,-0.0799502075330522,0.172895404108591,-0.00117035868615798,-0.110992222644848,0.0193737124581518,-0.00424776553511585,4.99617182903189,1.54419752047802,0.774010322380334,0.635049524299723,0.456985333157781,0.325996110097028,0.363168839275948,0.271156802346993,0.326239797274751,0.250484063970695,0.245002225938796,0.243680433416484,0.236659031448422,205.128205128205,143.658810325477,0.00138231100247969,0.00189028616818964,3.603625,1653.74726332281,1030.92479615269
03-01-04-01-02-02-09,9,sad,-49.825637059389,1.46533500544872,0.481709965366697,0.575141848808101,0.443682221826134,0.342923821930263,-0.144289297843633,0.0146191043807233,0.0999949086648944,-0.0247494219939364,0.143039753287849,0.0655813139052245,-0.0515684237689369,7.32015278329079,1.60308672811153,0.516437443772391,0.567073184727512,0.374162898248261,0.375412250810548,0.306972390439937,0.232560688451874,0.267882321835422,0.242485912180398,0.231687212440686,0.225435209875734,0.21482772577368,85.1063829787234,23.4794554764581,0.000400446453797228,0.000535721069654005,3.4034375,2179.75971902934,1153.9706816077
03-01-04-01-02-02-10,10,sad,-43.8211031355289,2.25953938829049,0.539780995474798,0.472922146878298,0.306957021976487,0.196868324297363,-0.24723807463554,0.107111990975659,0.0722482446020139,-0.173832452197387,-0.0123463045675922,-0.0885327764566028,0.0562533005341702,5.55293043577224,1.78332495384203,0.587033315543783,0.507111042452144,0.421113945327285,0.334666020443867,0.437252114174063,0.335708169246822,0.300091085385067,0.286224587932362,0.270146456994352,0.247783999036521,0.22240406579545,190.47619047619,51.4390691977955,0.00416785493135921,0.0060775531003235,3.8038125,2006.1410298023,1100.00121786668
03-01-04-01-02-02-11,11,sad,-46.3472609921403,1.63096069341722,0.659717688507058,0.459932007383966,0.288399999822127,0.299429236466536,0.199861102377306,-0.0035785613122084,0.0934436990173535,0.114316430718113,0.0237585508765722,-0.10150668136718,0.0307960960020054,6.07717239621409,1.76014682282482,0.665743849715793,0.735564585780139,0.476273462692043,0.351238356106725,0.418323904568624,0.3524794597927,0.279714645466214,0.280015145865518,0.240485460207241,0.252489929866116,0.199931030986401,113.475177304965,40.3650026838433,0.00232703063050999,0.00327901849635279,3.4368125,1963.78701038217,1126.67747774654
03-01-04-01-02-02-12,12,sad,-43.737908790451,1.91862284010391,0.192710084727908,0.591645507896755,0.249244472114297,0.378675876225759,-0.120440365466821,0.080190978569343,-0.0419146498886007,0.112767263459625,0.111276296322077,-0.0512242929299933,0.22042416622504,5.94760745930533,1.34745292425912,0.617811952637824,0.731769806418267,0.493253412621232,0.345238212075186,0.49440679251208,0.297628112742701,0.323049000637253,0.288814255828517,0.273282861393274,0.245561855475914,0.291207954188064,231.884057971014,100.4329004329,0.00409116624170222,0.00567349464596447,3.57025,2347.38076578634,1149.92410512264
03-01-04-01-02-02-13,13,sad,-47.0991894382644,1.94695443371905,0.375360274943202,0.461605872251147,0.337432688993031,0.0568921919306823,-0.0880674011441419,-0.0917491010208163,0.0663519515809847,-0.084907523639402,-0.0243027581854377,0.0799296048778323,-0.00888872007054978,6.41411570858795,1.94796823455013,0.679420615559955,0.611744011494581,0.527071027175912,0.382776392071982,0.410309822630268,0.334027016272831,0.262753904979567,0.277303501081688,0.2446476166113,0.259077015002496,0.223580696436708,115.942028985507,55.9006211180124,0.00187750403401631,0.00295894544167942,3.3700625,2164.95740894297,1206.30466099034
03-01-04-01-02-02-14,14,sad,-46.9460464201717,1.42639034865014,0.628636942497177,0.426630080262363,0.20269595628704,0.0792714082707698,-0.0738071822649196,0.0854822534702719,-0.0268509898746113,0.035465303479094,-0.0039415968389388,0.0607012525713779,0.0144018885217364,9.90997346405721,1.63420226784661,0.704509056625937,0.642739737418067,0.442935774162747,0.38398005782785,0.361465797646779,0.284049907131108,0.273372940808374,0.329640572744056,0.192341302688961,0.217279418762147,0.24325585508875,251.984126984127,127.917026793431,0.00221035668994497,0.00343746913415121,3.536875,2625.11434567378,1348.34682530666
03-01-04-01-02-02-15,15,sad,-44.0079939609126,2.25973918183371,0.0373769001204888,0.773491629924796,0.25280354382463,0.246041880244219,0.0542897282020073,0.0477111377321368,0.126651887029669,0.082363552555522,0.00639665336450608,0.0291538312045698,-0.00132316725924227,6.4405371827873,1.52572432320608,0.868751798581283,0.792392316046364,0.533671468817088,0.346499702854232,0.441079872554138,0.387599734887743,0.298236493999494,0.315645604183208,0.261196757844735,0.30138992476427,0.233600442488755,121.212121212121,165.923282783229,0.00382618626992567,0.00541519631418065,3.3700625,1485.56928522918,893.865832697129
03-01-04-01-02-02-16,16,sad,-57.6170472248665,1.69159478637569,0.490198325333872,0.540703058930716,0.250648202568078,-0.00108197800043014,-0.0434126878165668,0.108325587379034,0.0953259772887167,-0.0832382403032619,0.058434602441591,-0.0356672880129389,0.0919893150681887,24.2770192060305,2.01750777404977,0.821193904674757,0.736628368846052,0.459541207527367,0.346638045444562,0.361763380855664,0.232666385049655,0.253820332722952,0.276015256697243,0.216075797823816,0.199117879705642,0.199646104574721,205.128205128205,87.8517501715855,0.00282205098879791,0.00385860168509464,3.5035,1676.68795721867,1622.85955957606
03-01-04-01-02-02-17,17,sad,-43.3318467102248,1.93383049407644,-0.0623447553318815,0.52005351244764,0.10691425389052,0.502152254444751,-0.0556156607832669,-0.223822555237221,0.108239856598082,-0.117121156938957,0.0545889810287171,0.117307345953857,-0.0818686128018052,6.23029504838919,1.72380851823292,0.792746738046231,0.647138109692673,0.544582961836107,0.36942610417373,0.411610283260241,0.382663083964831,0.350038392597109,0.369799913578773,0.288307325201579,0.276779620145831,0.269461995226469,129.040650406504,70.1321827272104,0.00589000412998156,0.00992202274720059,3.603625,1787.91233842315,970.359838782888
03-01-04-01-02-02-18,18,sad,-52.9759793166865,1.97728132940878,0.348064841795668,0.331993379362787,0.140707111454766,0.392266352447742,-0.0478005122956209,-0.0461255355481926,0.0831298159547069,0.0302454461474121,0.0217082877510489,0.0269219207619852,0.11874602612041,19.0288798143835,2.0433476194771,0.789449853261938,0.664644372322363,0.461723263540627,0.432682728068328,0.329174319518361,0.234752810162544,0.290116132230503,0.261907791070339,0.240164205296978,0.19519541921372,0.21686057963157,211.929824561404,81.2053925455987,0.00367359943003163,0.00492045369764979,3.637,2005.91288724387,1562.51679657415
03-01-04-01-02-02-19,19,sad,-46.9110938269656,1.90406915997074,0.563385220357699,0.473537086450976,0.375660814131192,0.329310554096356,0.00562759246019977,-0.167056771100529,0.049414748695388,0.00655426906994681,0.0355388874436113,0.0929334806060833,-0.022585996628321,6.36306164298677,1.90958621005403,0.648558336214961,0.679589568799613,0.431647991811416,0.440080471879518,0.301535455441543,0.383964208192259,0.333243111440347,0.307197828683015,0.216225249273295,0.273440319882434,0.234502554550584,99.3788819875776,47.1250219799543,0.00173950659247315,0.00220085515181469,3.670375,1740.17874575484,1158.82584374657
03-01-04-01-02-02-20,20,sad,-56.8193343830159,1.14392379607229,0.262725447749623,0.42273131440791,0.313786240870333,0.300292541389365,-0.206273656273374,-0.0657920760968618,0.0786956021800135,0.00895323243614815,-0.0629286220638518,0.139449363158846,0.0675146706196254,21.0969592934808,1.68740740840178,0.701937072688592,0.572474742323074,0.385833302747567,0.312853635762939,0.331037369736163,0.25398761947166,0.253199628063209,0.23525089292454,0.255868264379033,0.215354815639327,0.186014302840247,104.919160646715,129.192546583851,0.000555535892511723,0.00076379667844888,3.3700625,2036.99783064361,1492.76637239509
03-01-04-01-02-02-21,21,sad,-45.2483071971963,1.85507882068967,0.291207452178151,0.740372706238721,0.183564994299112,0.391365025171838,0.0781608971482174,-0.0923028423488784,0.112986465191717,-0.0384828355013465,-0.0407196771820497,-0.0152260974865001,0.0438794621713636,7.42145590301776,1.69418430092509,0.692954507641097,0.844725678865453,0.64701368198984,0.36474160657947,0.392646201251291,0.424192577204429,0.283896369686798,0.29651851866582,0.278943328525168,0.259361353737364,0.229742483628174,99.3788819875776,329.624060150376,0.0034458998662106,0.0047982753266207,4.2041875,2242.68915356917,1179.45417413136
03-01-04-01-02-02-22,22,sad,-43.9970117298926,1.94741474347227,0.0718732241437908,0.347413347613994,0.288782138002561,0.248456174604481,-0.226950380484677,-0.149927076214994,0.229300464270066,-0.0841814889420907,-0.0627149154720833,0.114704954055002,0.0846857483208658,6.51033207047504,1.8108490966648,0.975463485936493,0.651744143863521,0.535369617441195,0.351521557198493,0.487866166970365,0.338563448882581,0.279313111635089,0.255507367423729,0.315173112910561,0.262806290530754,0.217832415565922,197.530864197531,66.3785652549697,0.0039115875560991,0.00540510997390977,3.70375,2310.21350298592,1243.7490672738
03-01-04-01-02-02-23,23,sad,-51.9145046697176,1.5941223453675,0.167008798731076,0.481098507471652,0.230146986734339,0.204605306320052,0.0584845464409591,-0.0382863718894591,-0.0141036826220315,0.0391568407146276,-0.110879731963852,0.0316046349822923,-0.0147803713968116,20.1694296386928,2.11796182091417,0.955726641684217,0.805640702645524,0.442530579345993,0.338046897196576,0.409940616596403,0.412702790293963,0.258349715211796,0.262592862772378,0.265129371666729,0.227492370507505,0.230220664271837,126.984126984127,41.3154097364624,0.00409669013884703,0.0056714569736465,3.670375,2013.66684374002,1545.87137660202
03-01-04-01-02-02-24,24,sad,-54.4591107345418,1.64828705142722,0.433727950070361,0.324039181769977,0.117091316833977,0.0493063270445798,-0.0209561922424594,0.0173988137681251,-0.0588168641337479,0.023584095566885,-0.000528427681689151,-0.040585418926221,0.0856448006575662,21.5831055507609,1.88187379567215,0.845423101163319,0.640538504681286,0.467365935405973,0.25467748276577,0.40568986724248,0.258951323572508,0.289566443096634,0.200819550115643,0.2661271073773,0.201412740913654,0.242236627761906,205.128205128205,137.540147364444,0.00193009023723506,0.00319954599012219,3.8371875,1965.48424141927,1524.06502456129
03-01-04-02-01-01-01,1,sad,-47.9896010647239,1.76659490771852,0.275529319604204,0.701431712285725,0.240810505624424,0.264936370055021,0.00738479499217744,-0.153462091093069,0.0435122097247721,-0.0549530635158086,0.0906378956577304,-0.0637817869909497,-0.0285296768430455,11.4337282708697,1.91239017571605,0.706078341896184,0.763278831279906,0.540482053416158,0.33785150022615,0.342923026850888,0.410393907567053,0.324847599028042,0.305454580971561,0.246377199361105,0.231815386649721,0.197810880328459,128,31.2480927677754,0.00274920092809219,0.00385968477060934,3.8038125,2164.68628524292,1317.71393663567
03-01-04-02-01-01-02,2,sad,-53.7803161293667,1.58355179761008,0.143712376252222,0.444480771880612,0.0337429494839929,0.15141978803923,-0.21622003175611,0.0221749738597927,-0.034328568272899,-0.00317434791446348,-0.140075247074672,0.0784713937726577,0.0963118800967937,21.6475491870735,1.57212175488726,0.693217328748689,0.686030110883944,0.539002922492314,0.317781385722334,0.48391930869541,0.312181146392772,0.34674175393257,0.296266750926882,0.289370863375607,0.273722140685586,0.315034164341289,275.862068965517,140.243902439024,0.00247738519638438,0.00468996459354584,3.737125,1867.30216945607,1251.12037877216
03-01-04-02-01-01-03,3,sad,-41.9706493980605,2.35455352544335,0.0341760090824335,0.560415990227729,0.492061035770572,0.0920883296949223,0.048983577476073,-0.16303925006376,-0.267815948592225,0.120294018396226,-0.152240670559423,-0.042937850285299,-0.151823793565086,6.91889598313653,1.39392954096217,0.576296155581791,0.789192356276248,0.578653035638042,0.377737159799685,0.328597692857867,0.422673848255635,0.366876208727554,0.308781037066361,0.294583729627693,0.30617718372604,0.296395661351231,231.884057971014,258.397932816537,0.0108038330692338,0.0158746839002094,3.7704375,1998.98563828323,978.835556532735
03-01-04-02-01-01-04,4,sad,-50.4250124807221,1.05585638222244,-0.148584260211474,0.392339297862767,-0.170678273817853,0.0265457209761564,-0.349771709952196,-0.16088543869368,-0.107956445917768,-0.21245849799377,-0.377985640534377,-0.176317775768003,-0.101567914256052,22.0443336527015,1.38010738123284,0.820775910966035,0.6147495205529,0.549980856001238,0.404493739516545,0.534954098393471,0.412543786975516,0.389485892328797,0.376182966556539,0.577926554534382,0.444052196904181,0.519679682501939,410.25641025641,237.704918032787,0.011787713356417,0.0176973597179283,3.670375,2117.91388384757,1335.7006909489
03-01-04-02-01-01-05,5,sad,-47.0380558612772,1.71637411898893,0.394166324811049,0.573101326357195,0.19148368764759,0.136974231098592,0.00693863292878119,0.0132608581123971,0.00993555133837714,0.066308537121921,-0.0616685929270825,-0.0341434553005017,-0.0129245710847281,5.57329952931531,1.75112506970187,0.518564130264825,0.739361396365809,0.501797705821984,0.3318754340643,0.314054518995603,0.380868837092887,0.252691125259188,0.256098462070182,0.221897456447987,0.261393074167651,0.226874673418071,135.023500925794,119.482083709726,0.00110360466569919,0.00167643456497254,3.536875,1988.6646890655,974.792094953993
03-01-04-02-01-01-06,6,sad,-41.2297234202722,0.738353345542418,-0.739132943075633,0.686190775354239,-0.449565223933059,0.0413965796422415,-0.365532401100917,-0.124808936543312,-0.0380356184782069,-0.473899439256776,-0.173272453079695,-0.406720442931648,-0.159178448003425,7.68672459053142,0.875465948361614,1.06605167641579,0.65295740508276,0.690897565231184,0.403701721811345,0.644594685251243,0.355287497335919,0.515582957398771,0.485513647857871,0.460076060650969,0.867775734077038,0.775473931300849,432.432432432432,176.441102756892,0.0100804134522847,0.0143451866796786,4.2041875,2570.19606563977,796.422506796005
03-01-04-02-01-01-07,7,sad,-42.5678082510709,2.17793690415127,-0.00155472669364907,0.993616986848374,0.394066788936593,-0.00653353292832135,0.119859992975268,-0.129791276573581,-0.016503430050583,-0.206775122017234,0.0589662342522278,-0.0752943472927335,-0.0339784774772456,4.66663992918014,1.54261872567122,0.740167657797218,0.921043246645804,0.796368192898705,0.462454852370739,0.339176077770357,0.4242214030853,0.35242840628784,0.337386023342603,0.34411579675538,0.309340805920723,0.273641617805969,175.824175824176,325.995316159251,0.00329005897422728,0.00511719541595434,3.93725,2033.9729751024,901.627679787151
03-01-04-02-01-01-08,8,sad,-44.1109911256134,2.00629484644826,0.00925511482806443,0.902619012667417,0.303428650374169,0.254055571649154,-0.36457406038283,0.122833758181951,0.200718176249925,-0.102749100696671,-0.0422085725128968,-0.00369714341018799,0.0292734778353237,4.80511547786421,1.51572451838464,0.767967379778641,0.701068788314702,0.472142938068568,0.462323886061605,0.486333611132688,0.326124562931969,0.315165798762198,0.354232544454504,0.30596577686275,0.241604278164856,0.33676687817109,258.064516129032,147.763347763348,0.00304757531185378,0.00471791670980207,3.7704375,1705.9107024055,815.75262080701
03-01-04-02-01-01-09,9,sad,-46.6658613945125,1.98480043082343,0.263584602838808,0.851014644346827,0.543483082499498,0.171698703816677,-0.0191788549874925,-0.15161517858188,0.0892861278937191,-0.0562590935372669,-0.145193904740633,0.0844815698268389,-0.111986060740152,8.33517190986436,1.52954542799687,0.748685168926781,0.602765060560848,0.608837525714515,0.373231560894991,0.398064573134401,0.385795294983565,0.303577590081689,0.316813434292458,0.276660423331713,0.252520370266429,0.263455213824865,105.263157894737,393.419913419913,0.000938625485765967,0.00124817949707964,3.9373125,1909.65162499391,999.536018545743
03-01-04-02-01-01-10,10,sad,-41.3282637822345,2.01198453507421,0.131767897452918,0.976919044087618,0.223807631298801,0.266552427591844,-0.248407911915536,-0.012452157264394,0.0453681360470097,-0.214845215419933,0.0630486861685232,-0.000290634490860825,0.127996767300288,6.67319626090773,1.62057760173119,0.589086271044733,0.694146055423228,0.520933247207927,0.371493230957921,0.509262756915427,0.306057180617521,0.240758987622925,0.34510649875368,0.305819328499967,0.249270574176925,0.262972772592079,237.050043898156,210.131332082552,0.0120421758614932,0.0169863034830855,3.5035,1957.05267426561,878.272193688406
03-01-04-02-01-01-11,11,sad,-45.185956371473,1.74877758990506,0.47096604013113,0.33932916340977,0.294634798291163,0.173642739662642,0.139973525896753,-0.0160617338254186,-0.0476915337321304,0.0465079698872737,-0.000744447745419528,-0.0524149536893323,0.011735131216136,7.57684293919553,1.79755406621094,0.516092666616089,0.574521701347909,0.575579691561846,0.291145557548425,0.287910330567173,0.318431641257289,0.302542195802885,0.29098378262072,0.268884509628652,0.299872661161796,0.225917844668613,170.212765957447,158.730158730159,0.0055006609945718,0.00865714576994568,3.3366875,2001.35870478096,977.202509820961
03-01-04-02-01-01-12,12,sad,-41.5275538521084,1.886079657377,-0.19758479778314,0.518059144996593,-0.0936865915451459,0.110753019351499,-0.219574913383624,-0.177661351860566,0.0527365465508388,-0.153811621036257,-0.0258502778186078,-0.223960064104327,0.0197530690578271,6.49082511771859,1.30738970877787,0.670093134460919,0.660847661919523,0.615193639008206,0.324527445378945,0.425532485708006,0.352286002267931,0.32328539119977,0.295745122025652,0.362335282363602,0.448810356509309,0.346265970761061,347.826086956522,207.142857142857,0.0127926802593142,0.0190677975740784,3.8705625,1873.41162942323,851.636897263874
03-01-04-02-01-01-13,13,sad,-45.6489908830988,1.92718383449073,0.215713856663089,0.564028310230234,0.328462945394256,0.0337280433304346,-0.0340011526872398,-0.11159622913229,0.0411188386886667,-0.12646191090565,0.00629895348587524,0.0231129748061565,-0.0593126945472212,6.58933767696692,1.81163306847353,0.584226006215105,0.720946365513282,0.58496159006011,0.4689004179249,0.384261828371392,0.407978523462335,0.251611135935099,0.294058068828186,0.293247176072685,0.250903670803261,0.24804753550297,137.931034482759,59.8821468386686,0.00312744367349217,0.00477604823348207,3.3366875,1957.68841128792,957.502314118485
03-01-04-02-01-01-14,14,sad,-47.2540921088145,1.09587245436802,0.369805592392649,0.302037143913544,0.0586579811448224,0.0559629827859891,-0.196715935180212,0.03523371625661,-0.0406416820836249,0.0933520436148902,-0.0399245504979388,0.00985636090879835,0.027995533478656,11.8259326807148,1.55270568112725,0.688412199228097,0.750562055209433,0.518018101635654,0.404378029963725,0.537111845692121,0.357246895918653,0.285405708331069,0.345031847546454,0.266957063802739,0.263327724591785,0.329078574050443,275.862068965517,151.437932289771,0.00297313042695102,0.00469603064019961,3.8705625,2809.74916639504,1271.42219695992
03-01-04-02-01-01-15,15,sad,-46.2438117203965,1.79198968298672,0.0884595844391813,0.645524854195644,0.164407250646495,0.171355709659002,0.0826041042223924,0.0298214757340969,0.0119016181805184,0.00495437645270881,0.0676304002207907,-0.0121907074552255,0.0483206545563242,13.0157562785444,1.61004617123506,0.693282552421788,0.736652812945458,0.510441479101187,0.276693761885444,0.358321577449612,0.35151506982542,0.290859998663163,0.232586612946734,0.288589895769953,0.257132574246657,0.191453586281028,141.592920353982,22.4089635854342,0.00739590622163711,0.0140670475976036,3.2699375,1504.07707056379,1103.961840578
03-01-04-02-01-01-16,16,sad,-47.5770265482559,1.73526378327141,0.0815869593396848,0.776992039062509,0.16154702703895,-0.111071178203653,-0.363909123891195,0.083273505165529,0.0837585418771731,-0.26809060536274,0.196960928209868,0.00193676698137891,0.0422592843925493,16.3040999417329,1.72665291847211,0.666518799722842,0.793126877885589,0.527782232557994,0.375077628281249,0.515172958472899,0.324573142149053,0.287993733559292,0.46328511154413,0.268894044903738,0.295546052035151,0.260383499008842,225.352112676056,193.939393939394,0.00375003432582103,0.00597108436273731,3.7370625,2096.8406558693,1293.60465295211
03-01-04-02-01-01-17,17,sad,-41.705758270827,1.86059378495905,-0.372926274078795,0.534455581193586,0.300005001831224,0.409128508228195,-0.342069319918787,-0.297230911428422,0.148758861731722,-0.0842052998632316,-0.00569871925069186,0.0419128096949248,-0.0688320162692515,6.04110939233556,1.32066623834778,0.559730903305285,0.68140153285987,0.528577076403017,0.326141766747056,0.488310578170776,0.335815769000754,0.274874537847039,0.377008509733471,0.292480732924956,0.260319338195257,0.226450413907829,150.943396226415,79.3787748058671,0.010489970217168,0.0163811702204105,3.670375,1503.55375682839,803.910317580133
03-01-04-02-01-01-18,18,sad,-44.4171555290403,1.22562695686681,-0.404499637737784,0.187574993966459,-0.182968361582069,-0.0226471321308294,-0.186981099272188,-0.453641996723033,-0.0510959517529813,-0.308275165868937,-0.395086723553929,-0.105530011754983,-0.148641200990141,13.1856678314176,1.32097859651058,0.785943257556425,0.84660905972318,0.582543930123985,0.401520114666356,0.497004078061078,0.556936285289746,0.287243395012421,0.527050001295541,0.594233328491815,0.540484895342609,0.536963973569507,390.243902439024,233.333333333333,0.015380163786972,0.0236659419406747,3.8038125,2447.96900837546,1203.18643650483
03-01-04-02-01-01-19,19,sad,-43.4482460267916,1.58354061045513,0.350778410020925,0.650666284045245,0.512084910342957,0.0857313018680491,0.0419563122113209,0.0456337103413613,-0.0103098599779719,0.0266932791504782,-0.0944417278118775,-0.0265717094327447,-0.0159780378798047,8.48481517762047,1.64338989889336,0.603677707560568,0.641999050674892,0.640323958178774,0.436292805321014,0.275771314481733,0.314430428104748,0.350771128516166,0.243934026716129,0.253943908224768,0.238976520404578,0.221211989847573,225.352112676056,254.385964912281,0.00953243880035658,0.0154692551942496,4.004,1725.35301849336,1350.48101212729
03-01-04-02-01-01-20,20,sad,-50.2552772364042,1.67601281629037,0.135419390278067,0.727048179147531,0.043808976387182,0.135830058962958,-0.229120381799402,-0.0369915318984918,-0.0800053205323877,-0.0336272683269174,0.0634222079039547,-0.0260175744498948,0.112323789584728,16.5298407006254,1.58778785832865,0.546884855072992,0.726786004522481,0.456300219937011,0.35290877857225,0.474747651773877,0.325334104663775,0.320105197830301,0.366711937590829,0.287005824096807,0.271792827709404,0.269678866841118,238.805970149254,123.784261715296,0.00241796612843411,0.00430924041331877,3.7704375,2105.05126652174,1236.88172727343
03-01-04-02-01-01-21,21,sad,-42.5475861434697,2.11088376154293,-0.0844913682333631,0.989470736203621,0.357595033930631,-0.074470274447838,0.22315036027463,-0.436490709057957,0.0656802368539888,-0.0228639551809824,-0.270917708248926,0.0248448070197138,-0.12585337039491,8.60439931482006,1.51665930641247,0.753689936768823,0.85691195345709,0.644653884988431,0.483896297059589,0.413053646548254,0.623044409432786,0.287105230613185,0.295437009297076,0.359118674990652,0.28874301900834,0.276887476104017,164.948453608247,386.967418546366,0.0126339759869942,0.017560456605173,4.170875,2104.01299540043,970.004965728918
03-01-04-02-01-01-22,22,sad,-45.1739092911693,1.8458376314782,0.00570909406028331,0.500947708481105,0.263921171987471,0.1344567047133,-0.0255370148920024,-0.167326789684926,0.153104546637306,-0.0276978273253538,-0.011352495544343,-0.0237773739364467,0.166656852334223,8.00288790722965,1.75272224699403,0.711193273275211,0.753555397570065,0.542592431449777,0.330429205357756,0.433063422949144,0.335058321692801,0.288030455515007,0.283477968488604,0.294364103054117,0.231331570213333,0.27387620370916,210.526315789474,84.5173041894353,0.00337705887034098,0.00489818026948629,3.7370625,2324.28449492424,1149.31003493164
03-01-04-02-01-01-23,23,sad,-43.0862742735312,1.86878122875046,0.117731115408706,0.614759183203506,0.412081502970594,0.191636562536053,-0.0280745715640992,-0.122206757908313,-0.0268326675430582,-0.0509054694888938,-0.125928023824291,0.0166011212248448,-0.0034565457700829,6.24110496174485,1.69627728586739,0.673583228074181,0.742799342944259,0.52504707062752,0.393838105472967,0.39966286175128,0.413842671910112,0.279143017768891,0.284688716387966,0.276510668651114,0.245012375021175,0.23585311455142,177.777777777778,92.7536231884058,0.00507094689859756,0.00867916609288421,4.2709375,2165.48305842986,1048.49378416804
03-01-04-02-01-01-24,24,sad,-43.6305157686605,1.71745115557378,-0.0139514311929907,0.528434010252061,-0.110347871832284,0.105401240450569,-0.364680041930049,-0.175887632383762,0.142690254277903,-0.329430156341692,0.12101703139024,-0.103657412810792,0.0282246860841965,7.23402268886773,1.23696781892805,0.825758975448903,0.65796316426008,0.741588331975402,0.306977566613053,0.566334105936039,0.314072221188156,0.351568530230958,0.359269649715828,0.424824551086148,0.30629375917433,0.356452869107815,313.725490196078,210.25641025641,0.00733083870173283,0.012217024964477,4.4044375,2407.10282360945,994.942592958812
03-01-04-02-01-02-01,1,sad,-49.7791363541628,1.57604137615785,0.203047096552374,0.619558124586007,0.283349912935847,0.152929485700543,0.0769905315665105,-0.275391249465108,0.0397327328408154,-0.0926288669607142,0.00148978071911207,-0.0215838002413903,-0.0531842553173746,15.727954424788,1.74937676570905,0.641543716223956,0.698499244332952,0.615613971477664,0.350101235824076,0.372775115961552,0.459947453732745,0.294625743765889,0.318645084274281,0.247789233064585,0.245746932969093,0.212735543932105,136.752136752137,75.12402551382,0.00443268449409678,0.00742629324840058,3.70375,2319.43824548246,1317.89738876709
03-01-04-02-01-02-02,2,sad,-52.7585977498258,1.63770081180941,0.245170824750389,0.466165878176553,0.141893860637567,0.157888588963139,-0.128456048054396,0.0129793861906366,0.000168752019278686,0.0370929071651126,-0.03051536723554,0.05116644333783,0.0411619027812671,20.1742348694758,1.7426555400886,0.701334936026914,0.73497658320695,0.522053907517066,0.289118463681557,0.473294793606952,0.290281494358931,0.285238293751093,0.272713849866809,0.218642453224827,0.226867060557589,0.237345243610725,253.968253968254,238.636363636364,0.00223649686911869,0.00378682701538393,3.7704375,1998.79208365615,1407.00813000222
03-01-04-02-01-02-03,3,sad,-40.4406517651269,1.98155751959059,0.290550724424616,0.611373264052362,0.460655741766097,0.150748340490507,-0.0489460703081638,-0.0453290570743413,-0.0664183010918668,0.191371745436406,-0.138246989943321,-0.0077841593092442,-0.114076610287655,6.99004189304743,1.22089829596828,0.634939215419788,0.729330922013776,0.613812660166042,0.376374419347664,0.347047349016826,0.322663697061392,0.320772229729337,0.253417438057562,0.306836058968668,0.32760813340731,0.266837293725523,285.714285714286,259.416966917786,0.0162068578629961,0.0222093806556767,3.8371875,2026.16974172797,889.362159358217
03-01-04-02-01-02-04,4,sad,-42.9361984876829,1.18880348861394,-0.124101255300567,0.162802619750585,-0.218476096339321,0.0143519908858725,-0.388721383736431,-0.233041533441632,-0.138890646306963,-0.201159567123989,-0.428099559004842,-0.182320986301361,-0.0679784875295705,7.94686821372316,1.17061125303763,0.739200826016765,0.57817866950436,0.657923844303724,0.480389231729949,0.518739490212425,0.454218143204982,0.511197082408635,0.457694350615389,0.557849368766899,0.497926075463673,0.554317506165997,421.052631578947,233.333333333333,0.0142276660892708,0.0234457614376742,3.7704375,2515.78752491561,913.866361593285
03-01-04-02-01-02-05,5,sad,-47.4229755872142,1.63718077844003,0.224588750058053,0.680692638940764,0.316574071848061,0.107255613534274,0.00426581668251364,0.00429178829297582,0.0259316726045412,0.112671566501218,-0.0453652969874657,0.0109088008621342,-0.0608295297151595,5.0801600990138,1.57398361125701,0.519344295604923,0.706460707491191,0.559855654861068,0.356982857739493,0.354331895483789,0.339267996126478,0.288041143606127,0.243315536507777,0.243097283402016,0.253100247785767,0.216029282823707,152.380952380952,64.7130647130647,0.000858466739551066,0.00140450922453194,3.2699375,2003.7134937967,911.838272581557
03-01-04-02-01-02-06,6,sad,-48.9273637452834,1.0471993414597,-0.170993262311582,0.430233304660615,-0.250819427055498,-0.0928666719816774,-0.399060416389985,-0.134626696189329,0.0178806678305932,-0.235514686150171,-0.106578176131048,-0.177563921595417,-0.000599431661886915,14.1173988308813,1.38234350013804,0.700353524791632,0.749312460202618,0.513081110297275,0.339147880513072,0.510498400512403,0.357896232987093,0.351255453055421,0.354004982643433,0.361517369212511,0.475065298094641,0.399184215472943,421.052631578947,249.554367201426,0.00104501189447466,0.00167246872347022,4.104125,2362.93271924507,1183.3288308617
03-01-04-02-01-02-07,7,sad,-44.0553684900725,1.90856344911302,0.170037633455079,0.824760736661918,0.272392310317558,0.00500376341099213,0.104902153199815,-0.123580758731781,0.146503117289582,-0.156856083448147,0.103969851862243,0.00295068415974955,-0.0169874018492225,6.24317204495757,1.69792796506273,0.582409039167527,0.900287255477356,0.738487304092282,0.44077104782994,0.341127191616689,0.35479457430916,0.317426619912697,0.320831145329786,0.316408874283464,0.243205293378076,0.29078358224759,183.908045977011,236.734693877551,0.00383161811122406,0.0054545624732474,3.8371875,1909.99562617438,1342.4952097299
03-01-04-02-01-02-08,8,sad,-44.1863629457973,1.89616825201546,0.120886396152648,0.80919649824221,0.303425867964183,0.352854437791804,-0.254428126962495,-0.0334958153487079,0.137639006135567,-0.0828194622838868,-0.0149784127359286,-0.00649317892478908,0.0893159573554849,5.15598568292481,1.4787136859215,0.716640610267697,0.726198904211633,0.478500535995994,0.344122622401047,0.511352030398027,0.348981196129037,0.384233006619362,0.339785932633748,0.288890023543282,0.24279979841946,0.266041770148978,271.186440677966,198.830409356725,0.00308673646953721,0.00496170228029165,3.9373125,1702.8763247886,912.718356986383
03-01-04-02-01-02-09,9,sad,-45.5073664471654,1.63247411419264,0.134961805133935,0.895351143831798,0.557298810947931,0.0847497990256119,0.0164464309075159,-0.0309378940219988,0.123228354802889,-0.0242059598515386,-0.0743998558921093,-0.0322818213089974,-0.068695418786806,4.26859866303707,1.27004369698854,0.736671703800475,0.572471580396274,0.539864411629702,0.352057400375181,0.337469810379037,0.360608727477895,0.271385971575401,0.28646703536019,0.261289392613697,0.257235614706551,0.223080488133608,134.453781512605,100.937274693583,0.000882137244962092,0.00143280191129338,3.9039375,2220.30866559069,897.078356305202
03-01-04-02-01-02-10,10,sad,-41.5773665416585,1.99260096059812,-0.0736944071811192,0.922767802136605,0.248546755823632,0.147678072565901,-0.582255466780226,-0.0916232657247141,0.0567382520480819,-0.142842758775123,-0.0245120543303134,-0.0457042844089397,0.0679216781790643,5.22903969793488,1.50768166630252,0.758504499334668,0.693857506143084,0.498440550769776,0.422595362623967,0.646079794449052,0.435206085590263,0.29058392072741,0.309237761707431,0.437319911011841,0.285861092726838,0.227049902682748,231.884057971014,160.650251016017,0.00655359884274038,0.00926456269215987,3.57025,1958.71549848123,908.005801700126
03-01-04-02-01-02-11,11,sad,-42.5930268360406,2.22494962869083,0.44987181423189,0.514983841245286,0.3293256345269,0.157601751242957,0.140126954277071,-0.0388378511309823,-0.0155298243555314,0.0771085585546965,0.0618411712403419,0.00138528669885485,0.0399751769544277,6.85311754016423,1.6839021200651,0.57770045901975,0.740790574575688,0.596705590690359,0.405838541982622,0.337578638172847,0.349933854228424,0.29667407046488,0.25793056558762,0.235736323849747,0.233018805551629,0.218009899782248,175.824175824176,94.6618260051096,0.00872718343891623,0.0123775658495834,3.603625,1519.01373993793,929.256846782827
03-01-04-02-01-02-12,12,sad,-41.8083216989908,1.59490469926676,-0.43467301463564,0.395736724725172,-0.209551656994708,0.0365753910448896,-0.350240227624033,-0.202001172831496,-0.0221865057704989,-0.218863054719715,-0.178391073947343,-0.403728450767502,-0.156565642269656,9.65514415641583,1.42127913795799,0.808171071062131,0.655112147202817,0.596646303880874,0.365753964938364,0.524254303685411,0.349925266408776,0.37652175506384,0.341318483706562,0.400002569565723,0.584004192538196,0.439203171044582,400,164.848484848485,0.0175282266597537,0.0269263889423705,3.7704375,2347.94980871899,986.89652862769
03-01-04-02-01-02-13,13,sad,-46.4182417272525,1.82209781272317,0.450834044056554,0.55506923021137,0.358375109694808,0.0123295096683123,-0.0689725191139957,-0.0177969547358886,0.0399562396869341,-0.044722619837543,-0.0129036931518627,0.0142984989300799,-0.0113818914569751,6.23041778367367,1.93211193163952,0.532433627463191,0.745394112625254,0.498624541293289,0.442993439585102,0.400808375986853,0.359781878070156,0.235929771139713,0.243075987857134,0.273543359260292,0.262198392560347,0.235624744688538,125.984251968504,96.3565191207468,0.0022595240559006,0.00342713895820349,3.3033125,2066.06080296348,1076.57767831503
03-01-04-02-01-02-14,14,sad,-53.6259117429582,1.27968870421851,0.243220100861728,0.421833173977361,0.00615606097960229,0.0671031185885217,-0.223448605995311,0.0440730051419371,-0.0374073250820629,0.0180719999397084,-0.0519857302354245,-0.00493089161824401,0.11156530873562,21.3898346863627,1.51447010258707,0.659642868349964,0.690024919246758,0.556560360783079,0.342784936204221,0.528938230043755,0.307832282885022,0.25901702933756,0.262971955739097,0.283432084415412,0.203203793239996,0.263121922484997,266.666666666667,217.624521072797,0.00188386935090029,0.002923748671203,3.670375,2151.34376771085,1362.89508129166
03-01-04-02-01-02-15,15,sad,-44.1871342925157,1.83724616414071,0.0565574784108556,0.597967058620319,0.254097761705649,0.201235921315767,0.0916545229815827,0.034470914066633,0.0736799371891063,0.0033599707860606,0.0823170980842891,-0.0131501517438308,0.0451472022718895,7.0865404116389,1.54776536892078,0.590117563699418,0.604318612965266,0.576872197173242,0.325312084754024,0.366082797205511,0.391915556142037,0.288540161910471,0.259726983149117,0.2663321201444,0.256010605859276,0.193756544889376,144.144144144144,29.9145299145299,0.0075419687947327,0.0125458789616927,3.4034375,1508.52321890495,949.437976829355
03-01-04-02-01-02-16,16,sad,-54.3646001234818,1.51957153461493,0.133665018278928,0.547120786708491,0.166918226668482,-0.0382797862571168,-0.23850015398444,0.0331281096679689,0.174045708567833,-0.260747834402129,0.112939065581112,0.0820448940600777,0.0298452867367433,23.4064609818971,1.79804881558135,0.746375438713245,0.719241771704303,0.500348698941196,0.340481906203337,0.495631590126321,0.321776969509836,0.274467421411577,0.377364268698308,0.263087182776049,0.268860731356065,0.21236767681433,251.984126984127,88.5142255005269,0.00316545145920226,0.00479900891026018,3.8038125,1879.56080706639,1501.61825317133
03-01-04-02-01-02-17,17,sad,-42.9527957156378,1.69358920146615,-0.0725720174618717,0.71107469347108,0.238895662164464,0.346193645530043,-0.131627509610106,-0.211208700723389,0.163981419641125,-0.0969810698623727,0.0424531311535293,0.00108174664078776,-0.0209461888675943,6.90242546729489,1.47602959791695,0.590935539373997,0.64940983919308,0.529377881598932,0.357352260686872,0.44821788083338,0.401434159096711,0.293910096851948,0.375935784805025,0.269159722508941,0.27074212898019,0.221466926418577,137.931034482759,96.5450121654501,0.0081579180326885,0.0151495593353272,3.70375,1666.42797850429,801.442407040255
03-01-04-02-01-02-18,18,sad,-43.4655047511341,1.332238386713,-0.216296505089789,0.46005757113223,-0.106661834758144,-0.0359262669238922,-0.194783857612286,-0.414136662379681,0.0137157779084862,-0.274858464560446,-0.309926215925257,-0.0624990258862514,-0.22354610314011,12.0648548048518,1.21931602337359,0.779600602961773,0.773356160126923,0.613894830981807,0.332124314854156,0.456655267948475,0.568174371258068,0.290494263871315,0.487889404669184,0.488784958773479,0.423422293077993,0.450131657540628,380.952380952381,233.333333333333,0.0152250748140749,0.0243651813643452,3.8371875,2399.92429374751,1055.13626256186
03-01-04-02-01-02-19,19,sad,-44.7668201241977,1.78300124652115,0.229353985784275,0.559556871070545,0.398677301533605,0.166561895783357,-0.00520903078517766,-0.00627016840740834,-0.068719212626757,0.119248688959598,-0.0659223179932609,0.0387905142997512,0.0141728580290293,6.40678078329869,1.81405689392586,0.634647651005189,0.645127612862554,0.593567116505428,0.417090578959176,0.29162089176134,0.335486310547253,0.400411066347419,0.281277024748166,0.311960570401107,0.235620212365669,0.277673050849832,166.666666666667,105.47263681592,0.00311846663802815,0.00432427565493417,3.70375,1832.48675923641,1089.54824969563
03-01-04-02-01-02-20,20,sad,-41.6974357606645,1.28453129717361,-0.345397285169864,0.655291481802083,-0.29644533040818,0.0909762577458286,-0.365326783846824,-0.37848247339814,-0.188505003074242,-0.480982826314873,-0.159891519471603,-0.258357894026698,-0.0391637512548468,7.7402791459544,1.03070325039807,0.776542533328391,0.612634698471065,0.765451523082803,0.408153302110749,0.531108493652654,0.476257592933473,0.366607211601522,0.498887535002483,0.45190410454979,0.641554753276165,0.53951763795358,410.25641025641,228.813559322034,0.0131857258230795,0.0206756585787819,4.2375625,2517.33453514555,929.177112463429
03-01-04-02-01-02-21,21,sad,-42.6309943768928,2.14778078541013,-0.0713551345944177,0.938303400181514,0.362632715948914,-0.0371215554559822,0.153963250519931,-0.478407850210399,0.141168860594562,-0.0258707809496999,-0.225822334926226,0.0584619660487987,-0.126877189165185,8.23379039342586,1.40417952897754,0.74006047727629,0.834494141971839,0.628682586548376,0.476366274542542,0.43424551729569,0.634399936851987,0.253148960900601,0.324291777427624,0.377322370663753,0.299693715406213,0.282595662231909,179.775280898876,315.248429468875,0.0115973911881983,0.0171015440259135,4.2709375,2067.55659145024,954.839243215209
03-01-04-02-01-02-22,22,sad,-44.2860014259137,1.808374127623,0.0852507258747678,0.629490614455584,0.260927117301373,0.0601341965470653,-0.138813716908294,-0.162526555544091,0.0763966024616193,-0.106046707419418,0.00615057968175411,-0.0480568056679909,0.14424102859832,7.11779626319232,1.69304092483495,0.736880265344767,0.78485984851731,0.529321845438716,0.353122306026191,0.460961618700326,0.303886224605094,0.310505211781546,0.264885834552878,0.288104630821714,0.282382947848516,0.269376606604256,213.333333333333,80.7401177460051,0.00421061208589635,0.00672048671278927,3.637,2343.14266208743,1131.05371547439
03-01-04-02-01-02-23,23,sad,-45.419240706174,1.66800915533063,-0.0585009593898171,0.513980977038475,0.325958674726224,0.193464033169368,-0.0581566793342586,-0.0354861686613947,0.0506660763051236,-0.0285415839267236,-0.103351960187444,0.0420907960706914,-0.00101467780750046,8.70326505928008,1.5963979854394,0.675938455233717,0.654532736952051,0.525040057758367,0.303973099679316,0.389530707441839,0.35637919458568,0.316004534101142,0.263649535406096,0.279422554219992,0.243007608739978,0.191298855901774,175.824175824176,69.1983122362869,0.00379800581670345,0.00687894885322812,4.3710625,2388.46654455758,1105.99965461413
03-01-04-02-01-02-24,24,sad,-46.8892839895781,1.86739721412144,0.141573816845964,0.466096229796724,-0.183791434794012,0.156841199332101,-0.223908391117907,-0.0732729490624326,-0.0116510931154012,-0.183765077302628,0.083533720123685,-0.128220534530259,0.0670454196465044,15.7064099466285,1.55823424744953,0.713513623523599,0.838902988338169,0.720720953725615,0.443587850326283,0.502918379168588,0.335416157068213,0.339026043509402,0.317190767841081,0.370534684562074,0.264012289971212,0.332710842029794,258.064516129032,210.468621540148,0.00491574395327465,0.00811149842661921,4.57125,2088.45563219979,1150.61036179247
03-01-04-02-02-01-01,1,sad,-48.723432137796,1.73879509639946,0.247330912764608,0.669397016647109,0.283510283585442,0.214875758885326,0.043792670902994,-0.311504692752439,0.0233669152525124,-0.14564055585673,-0.0059984524914699,-0.045622156518703,-0.0960758674068144,14.4328370014364,1.78911522078579,0.665635531159733,0.768023029148003,0.583594070138438,0.372795671208369,0.420952867793147,0.550556770868686,0.28243809253984,0.319434319547447,0.26115897103808,0.259294174893958,0.257412381026635,142.857142857143,74.3190048811211,0.00475657571240118,0.00693262964018012,3.737125,2303.85469702437,1334.12142389882
03-01-04-02-02-01-02,2,sad,-54.6083664638113,1.66277350439865,0.304270468841048,0.463650305809418,0.23669218417107,0.223533955102459,-0.128835347130041,0.0337513695618335,0.00333140784131759,0.0742038005059877,-0.0453159551610838,0.064973847400965,0.0818507732766745,22.1901419879949,1.67027983897433,0.771573393075931,0.736382150077795,0.495563806304221,0.319915656759561,0.448104103043871,0.263037819135738,0.296343092861547,0.287272245668864,0.24233973314172,0.229342208123666,0.214582692289348,258.064516129032,125.541125541126,0.00346613032312004,0.00565761057835729,3.7036875,1866.98175922169,1450.44410595374
03-01-04-02-02-01-03,3,sad,-38.9360454134661,1.97405430477579,0.0892663972787168,0.696710896191957,0.554317840193072,0.224162108471178,-0.039237886180472,-0.135579271397906,-0.0659344788429991,0.0479536404436667,-0.154060983107011,0.0460153645914144,-0.215907573073331,6.3979550866344,1.18597239653848,0.68100945985567,0.724476396923687,0.555492579756102,0.379090531012467,0.379668596815815,0.287981062143174,0.38471336458113,0.329768369638705,0.280322763039424,0.322603503801681,0.29588097216785,202.53164556962,274.231678486998,0.0180443636276407,0.0271256134457064,3.470125,1709.75094897399,1094.88373072441
03-01-04-02-02-01-04,4,sad,-45.899674603632,0.889485733780004,-0.219155320608166,0.293098787861927,-0.299079216411334,-0.0764704661638051,-0.468170984035338,-0.189430108555437,-0.259299274714281,-0.358476896021119,-0.387744853331232,0.117008873539843,0.124062730550026,18.6605781503028,1.00678700315811,0.922805084398469,0.650620379232926,0.645409126616013,0.462335098678779,0.60988968689185,0.505462237631134,0.582806361476033,0.513456160308066,0.548774424157739,0.542513768908359,0.55499658197031,290.909090909091,237.704918032787,0.0274515420321475,0.0423913923575577,3.7704375,2459.42079792373,1288.72263332454
03-01-04-02-02-01-05,5,sad,-47.0957319077197,1.42901291352982,0.330720927923298,0.553974759895763,0.162188456137607,0.145540014461402,-0.0885801480886575,-0.0377200679118727,0.0284010311137783,0.116041007468392,-0.0910101172878439,-0.133679487038141,-0.073730881677143,5.66784270908738,1.61304998451712,0.514598856064691,0.643057944160646,0.500500320620518,0.423777053542514,0.415740585408129,0.313718579534238,0.265602363478662,0.275800445018872,0.224823846776833,0.255010719561995,0.240530604350862,157.639293341099,59.8770382250735,0.00121900233861952,0.0023537279826779,3.2699375,2107.97968405163,946.160392370936
03-01-04-02-02-01-06,6,sad,-42.9002370088475,1.07479837529918,-0.319834383943114,0.316466037614223,-0.300240574670634,-0.0304297945567705,-0.305411629528,-0.0727898755331762,-0.0474473389462241,-0.464501424408802,-0.354592149020762,-0.302466881278157,-0.0858171082306978,10.9159331656685,1.30365867210878,0.818343274250557,0.65371315404084,0.632168281458212,0.39971800846813,0.515390488874633,0.360165426609268,0.402201857883948,0.514006402060986,0.473013093515466,0.613648547051653,0.497581054271749,470.588235294118,224.137931034483,0.0073911171307683,0.0132372091612104,4.604625,2664.82109453015,1030.6052423931
03-01-04-02-02-01-07,7,sad,-42.5152885593249,1.93851954394447,0.277241439293044,0.671708073485713,0.532117575122774,0.0394928182761669,0.0723789462665258,-0.0632172872762002,0.0256479346793177,-0.208684151699027,0.0444678580888287,-0.0101352622413471,0.00757488039059571,5.44043133248052,1.72520122047049,0.640054734374524,0.723718267308999,0.681078580941119,0.405577448425258,0.303440996031597,0.395549102937785,0.293823342016338,0.304060095608028,0.341690366802675,0.266575906324288,0.267124812132349,192.771084337349,353.535353535354,0.00606844647858566,0.00913970229832395,3.637,1993.74281715202,1242.0512057206
03-01-04-02-02-01-08,8,sad,-45.0702218253082,1.88576581561379,0.216966275840531,0.781922921104581,0.283804401561975,0.402864339169265,-0.172057741328826,0.106008372783759,0.207554020618658,-0.103501399070363,0.0202964446980305,0.0426018874292771,0.0905001567585871,5.83052751373637,1.47068186904208,0.725446555439548,0.764052339020352,0.51246987595546,0.364710625563931,0.506556535637404,0.262424093838459,0.28775117576188,0.339634303091052,0.254712077742546,0.219964614959516,0.308762568233325,262.295081967213,114.155251141552,0.00304192412380646,0.00431789738925098,3.670375,1729.25231386076,1006.58413957765
03-01-04-02-02-01-09,9,sad,-45.7896879752764,1.75278982332143,0.291815626235816,0.830183777978859,0.572517220184549,0.199726394643457,-0.0403912349627424,-0.0616770296816688,0.180610616207414,-0.0257923610655608,-0.141485265219435,0.0451612777804695,-0.13129401340083,4.76234369781604,1.78217764168053,0.718750536074268,0.683945413768353,0.517827458900768,0.339749450224129,0.366732853937738,0.338505616153738,0.281942805237108,0.280889243037799,0.273570047925652,0.240992011512118,0.255759756885358,158.415841584158,99.9947919379199,0.00132125558701486,0.00163614880192693,3.637,2161.81198392569,1165.98947996508
03-01-04-02-02-01-10,10,sad,-43.592350483339,1.95360543494567,0.557867597719705,0.717812995735429,0.336129746275158,0.238915132449887,-0.321236653214006,0.042003643450177,0.0581976806964056,-0.182011976720755,-0.0441660234017104,-0.00104173167466328,0.0752244535116171,5.67976559360423,1.76962367642857,0.682267139063308,0.536785048751691,0.503643157206702,0.39227191504857,0.436981291507869,0.393226385433826,0.300933779482004,0.263238785578437,0.31580807700632,0.253924731354782,0.243693930434818,190.47619047619,72.2114764667956,0.00469622236177912,0.00747946480341487,3.670375,2071.95152959209,1217.71615152079
03-01-04-02-02-01-11,11,sad,-43.7837861917445,1.82262282610985,0.56525276822054,0.543441845111661,0.13210325326542,0.346358540560054,0.13188212981537,-0.020112747747935,-0.101796642026164,0.0597111861269451,0.0288196341797631,-0.103214212302549,0.0795964819326813,7.48244695909678,1.82986070348192,0.617164397448293,0.727280882319061,0.62363212619636,0.379671363643512,0.334087259091279,0.335316675361007,0.298108151207515,0.314973938754352,0.28021225677372,0.288336408627074,0.221681366991116,186.046511627907,326.444091149973,0.00843418019957689,0.0121871477008312,3.3700625,2007.17829785621,1053.52826726541
03-01-04-02-02-01-12,12,sad,-42.1635752722856,2.00700341107157,-0.141099317134612,0.52602300151771,0.0134175471317046,0.0901957898028946,-0.202089614147613,-0.157728084729822,0.0763103580453122,-0.0682674928091935,0.0369637877315993,-0.143536007781645,0.0457797972959262,7.35353242138069,1.25273631046704,0.774929100287567,0.664594403525192,0.631328978801853,0.299504844007089,0.435262603405227,0.345410687861769,0.270338118002129,0.276648372088021,0.344224977562699,0.30174985301914,0.358506957719116,333.333333333333,153.846153846154,0.0135547730760112,0.0196571263906128,3.8038125,1963.49667193615,1143.30761026355
03-01-04-02-02-01-13,13,sad,-46.5828542716662,1.9882533710954,0.425237720176516,0.384356674588124,0.305779975031661,0.103832488275874,0.037198520096644,-0.108106075018571,0.0225006568840744,-0.0624904791522888,0.0171974248711463,0.0766838876719014,0.0249687093497227,6.67397939349915,2.04591438301179,0.535582913494432,0.73773639979587,0.496260893240151,0.405257430803869,0.341406612072332,0.358907149361834,0.305221789322334,0.26873605425185,0.243328666186307,0.24586615677971,0.214298057399013,120.300751879699,64.7619047619048,0.00243783538302387,0.00360289217052916,3.4368125,1964.48479532191,1143.13069369451
03-01-04-02-02-01-14,14,sad,-48.2828902316803,1.42143713647331,0.33995107398352,0.37712759908665,0.0642734865064412,0.0901028684107235,-0.2259817715074,0.063577067688113,-0.0795298237393791,0.0395016823197501,-0.0118489327070266,-0.00526197623484772,0.0641473677367336,15.4582688935573,1.3716680454453,0.628449639493743,0.768321397511887,0.562222701118987,0.314573991387729,0.536979947883839,0.321729849402923,0.28087487293977,0.334598882114798,0.261717846636213,0.230266902652055,0.328632658906652,290.909090909091,136.798905608755,0.00400197400135757,0.00644422670201512,3.670375,2479.27659000124,1384.2373577232
03-01-04-02-02-01-15,15,sad,-44.2732209826679,1.74024096027611,-0.205056060916398,0.753864221864937,0.141572964726505,0.173426622797935,0.0434548808289266,0.0105872613081332,0.142599312289318,-0.0546961560066326,0.0023304077302002,-0.0808734319625137,-0.000580648974731409,8.03529700735415,1.63790270155103,0.827590432949528,0.840540739139616,0.559270004926765,0.371646834064117,0.458248036570976,0.408318634974114,0.292945734235867,0.341938845696479,0.268583754023226,0.292080252313523,0.231672101441598,137.931034482759,45.6741326306544,0.00547274728794795,0.00884409667146552,3.536875,2073.3287270138,1075.90596783868
03-01-04-02-02-01-16,16,sad,-44.2257299624282,2.06857933775093,0.499335325467318,0.717449381720956,0.19963286734636,-0.0315806845086362,-0.135418833744442,0.0403537874457675,0.151250455914302,-0.186172319903512,0.17902716212013,0.0658361651035954,0.120944999301667,6.30871857189772,1.57331247865808,0.873363673939582,0.685458367510634,0.571111772635899,0.423175047164064,0.541594077192837,0.317376378882605,0.291232457374519,0.327541169416287,0.293031471037319,0.241785530167862,0.233863341339474,262.295081967213,113.725490196078,0.00483131991371828,0.0072025825636918,3.8705625,2372.04470877874,1381.63058740404
03-01-04-02-02-01-17,17,sad,-41.0339024121752,1.59209823756675,-0.284036201860475,0.607020801522129,0.223888619141103,0.434235351921757,-0.328736060664779,-0.343072062001436,0.111792606987383,-0.116230048794729,-0.0292242325991853,0.061624811231885,-0.156719451370883,5.44111601608537,1.56572321257179,0.758248466882747,0.683690336750014,0.512881136839282,0.360905818118535,0.494299925389617,0.392329540961226,0.300796433175881,0.393940213601199,0.264841713097498,0.25735339388594,0.247592254048492,141.592920353982,74.4356314826113,0.00915423864362333,0.01351584422148,3.603625,1811.94406620825,1057.33171408489
03-01-04-02-02-01-18,18,sad,-43.1504790595309,1.60327798825644,-0.30200377445202,0.451697288514151,-0.00707102719609867,0.0315423957892498,-0.173947616838268,-0.425973926162516,0.194476241528001,-0.145518766695483,-0.161885133193054,0.0417898681478363,-0.0870217527899184,11.650776817088,1.40177318173866,0.798109012923494,0.744857203091057,0.535648490633921,0.360639026430929,0.415846994544123,0.504575790007298,0.347750627455393,0.380320611828158,0.332390094831581,0.395949007185347,0.346235601335064,340.425531914894,145.19056261343,0.0143420976816737,0.0233521702993001,4.1375,2391.82786701691,1197.04548504869
03-01-04-02-02-01-19,19,sad,-44.1280054074229,2.03780584621278,0.334771591213524,0.492879026668392,0.485729603190103,0.0748834297910396,0.0666483644041092,0.0689295022029985,-0.177999814952424,-0.067914779774096,-0.109491532098148,-0.0143804539771349,-0.0418751778425888,5.76816321453276,1.8386157389494,0.740173462459839,0.620921654029897,0.454191646871255,0.495777831439011,0.368448677803596,0.412251129967046,0.391583542655828,0.293707291144344,0.34197107721058,0.245853421400037,0.219717208606457,160,244.093023255814,0.00359788104018788,0.00503271035684848,3.4034375,1789.68066137312,969.806997284904
03-01-04-02-02-01-20,20,sad,-55.5670531167658,1.45497967018314,0.277015798827144,0.506488124583771,0.110479963592593,0.123238163921416,-0.235733267908972,-0.0682739389108534,-0.0670890224770982,-0.100235896514415,0.0498537483121791,-0.0513327448718724,0.123605749599935,21.0193416356427,1.73404538405018,0.61070827964974,0.65029170527193,0.490611986480111,0.337980748063547,0.45989838644996,0.270368346651098,0.283515011431871,0.294624557130181,0.259792616399607,0.232117608499252,0.27940519151419,285.714285714286,149.870801033592,0.00188526171951423,0.00323626213956212,3.8038125,2073.60244433899,1547.0278642562
03-01-04-02-02-01-21,21,sad,-43.0848733576473,2.16400358974037,0.0499744614626454,1.07038012020587,0.255019573368249,0.195490562909534,0.115715099023347,-0.35692729097269,0.178120148219283,-0.0989010409445342,-0.0898881478548711,-0.0383111007412807,-0.00360278821239876,7.65885661350826,1.66290582309278,0.86884205208324,0.990389983290901,0.668020282229553,0.386617536972555,0.362092299639142,0.617677956137331,0.320254391079435,0.298997861642126,0.317325661472294,0.261383720471078,0.253254457344598,132.231404958678,396.103896103896,0.00894094866329177,0.0128138023245453,4.2709375,2123.33113270228,1139.53020399123
03-01-04-02-02-01-22,22,sad,-44.5544587306285,1.92340600977358,0.214562517616213,0.503757231279655,0.476002408158916,0.268714012539738,-0.0755083261119945,-0.194027052978923,0.171581285366178,-0.0624417680431847,-0.0174586035251881,-0.0202112154839936,0.116934366053907,6.71809431284026,1.7478629825126,0.825312432359688,0.731273534990826,0.560470914781998,0.374086404446689,0.406091376730782,0.35710025152309,0.321598743498111,0.284317957100647,0.322945816461252,0.230923594230886,0.255807693491586,210.526315789474,44.8933782267116,0.00414605228940294,0.0057232106885543,3.737125,2356.29425014856,1314.84480435573
03-01-04-02-02-01-23,23,sad,-49.7662324980744,1.64221531346318,0.292733886075219,0.362902997365372,0.358107427639732,0.210130889774594,0.0714619534520768,-0.125829733443907,0.0839190654701405,-0.0028459658382359,-0.104949251946341,-0.00600643959970113,-0.0264712986307217,15.5273765751554,1.98179621102894,0.736328240503653,0.711483000065747,0.61334258407401,0.37644630680345,0.371814700386709,0.380558450427938,0.292567054110246,0.265875232276808,0.286859410912416,0.255729197120474,0.191581449530389,172.043010752688,50.4672897196262,0.00362200704918042,0.00531579567090506,3.9373125,2310.84045250064,1492.96549906852
03-01-04-02-02-01-24,24,sad,-43.1335564740174,1.9015868155974,0.343247899686368,0.584288131634612,0.163850671608331,0.0950150341367051,-0.255709826531865,-0.0360914767014097,0.0532803004830358,-0.292280697802678,0.116039746539835,-0.0689729693854104,0.13595184758442,8.20371820361457,1.67815939672627,1.02580445143833,0.789867777946619,0.764294141967646,0.417168656339995,0.590803224728127,0.303280725349227,0.305868317805512,0.432487871610786,0.415134944486025,0.290042146633106,0.300890176950593,262.295081967213,164.891789762968,0.0057851284953487,0.0082575855716384,4.20425,2387.33204551949,1478.52228267821
03-01-04-02-02-02-01,1,sad,-47.0746646960738,1.61991328304658,0.278940304127769,0.604780322629598,0.214886809565393,0.159023492156543,0.035620026428965,-0.313812479304387,0.0488376060325335,-0.0909728643169322,0.0517894765655351,-0.0550975081690586,-0.0597127440172558,12.2620419974546,1.73990588229842,0.611230700769245,0.75479050513836,0.572777755382753,0.326137373177516,0.390686297341603,0.567567192341034,0.265870505954357,0.352765210191503,0.294061993726525,0.271575600859155,0.285113438093083,144.144144144144,75.5592377796189,0.00578217230845769,0.00785138904438988,3.7370625,2453.53014355968,1289.61852421524
03-01-04-02-02-02-02,2,sad,-54.4718156146704,1.51993454467866,0.194210515306562,0.474537896659662,0.130309039406431,0.10816329921972,-0.186382434823633,0.047169995210231,0.0229615193159457,0.038180116135164,-0.0648214938623123,0.0385620182045312,0.0822994946477446,22.5332987980811,1.73721503640961,0.839901894363776,0.759920136044784,0.45212135635332,0.305476316365864,0.459607044971823,0.28707005592704,0.28575948487156,0.331261415337289,0.225620039655293,0.223628053867446,0.251934137118132,275.862068965517,98.0012894906512,0.00291656838508748,0.00469394947416545,3.670375,1940.37840908122,1498.95951391709
03-01-04-02-02-02-03,3,sad,-48.4828041813911,1.76212193147984,0.111367520825406,0.565088940295506,0.388776308252809,0.164758881138445,0.0625324474182667,-0.105738313507229,-0.124102872902816,0.0719603022092603,-0.143886865557632,0.0216640019310825,-0.117361768671227,22.6606345547731,1.44726977164778,0.594294338521491,0.767190639994836,0.612717031961884,0.342112648709713,0.375239749895296,0.303490858126477,0.331580963469005,0.228427895495801,0.345274621380849,0.290778265828165,0.230893490706489,202.53164556962,71.8840579710145,0.015928112481137,0.0213939565769707,3.7036875,1485.3076401839,1337.45627805076
03-01-04-02-02-02-04,4,sad,-45.1902418754674,0.936439782584238,-0.136130490320093,0.422436815072969,-0.192196524432291,0.0388003091483691,-0.276549887176036,-0.139231308263908,-0.180024893620799,-0.338746556384961,-0.479002167009307,-0.208536384391395,-0.153072980150478,16.7158835047611,1.26635838852408,0.865902377355046,0.747804196307607,0.612282172672188,0.415589411933334,0.456127569777659,0.430360461073541,0.446137307191758,0.396407378527552,0.578559427253389,0.450586627081218,0.516407364795461,438.438438438438,237.704918032787,0.0185199063531093,0.0269075865322253,3.7704375,2485.44122929576,1342.63248213794
03-01-04-02-02-02-05,5,sad,-47.6356231018368,1.64849321379499,0.0874807334076902,0.54832754296639,0.289975561327328,0.199277597828251,-0.0187495833875088,-0.1412102868903,0.0350976928215165,0.172345932960088,-0.0369006662707541,-0.109069637094957,-0.0769319859293359,6.00809386839799,1.7084094565862,0.521532434964544,0.712155207235257,0.499108896958387,0.386389898505683,0.303300515421093,0.332172849929257,0.252043627437989,0.251248737839826,0.222556169967839,0.25796054964351,0.231790033272848,142.857142857143,73.1086142322097,0.00113709436104325,0.00205629354477785,3.1365,2076.10549995557,967.620060788872
03-01-04-02-02-02-06,6,sad,-43.4673969351855,1.15751924168374,-0.407198699864081,0.793416970370596,-0.313251311707727,-0.050806829836894,-0.4947809166831,-0.0609225978234322,0.158536329656304,-0.295386876649492,0.130928903437892,-0.119894281491184,0.203337884766807,12.1313587748302,1.37241825314185,0.789176924752311,0.751037211130197,0.698739894929537,0.440299986692662,0.584954348014433,0.312003310757711,0.416887116418357,0.410004011608814,0.37566994702434,0.476804678295371,0.379569917997512,333.333333333333,200,0.00458894891008021,0.00592973093957002,4.037375,2603.36250768907,1148.70113245624
03-01-04-02-02-02-07,7,sad,-43.7667909573708,1.92606914689535,0.305260045612382,0.828043533379061,0.404959063891826,0.0104369946008622,0.147254115629023,-0.168014562392375,0.0894009601278419,-0.114902762866219,0.0978849815531793,0.0497936008257336,-0.0533427006791599,6.53216956532674,1.8240315058908,0.698335312352234,0.932610461470522,0.767885034010273,0.443981264907978,0.316072239005153,0.447936475039424,0.357476264932548,0.309632357336801,0.282170515140197,0.280133039922575,0.251866998823439,164.948453608247,86.6290018832392,0.00496919092330734,0.00714938331701676,3.8371875,2300.38541411322,1301.5403455239
03-01-04-02-02-02-08,8,sad,-43.138459288703,2.20271598641058,0.172520589429612,0.789233905804994,0.333520340976655,0.403925156923056,-0.434504654806791,-0.00968788942060631,0.24556289178997,-0.15574218272719,-0.0773545583941011,-0.0162156143887488,0.122178251851082,4.58599220850021,1.43193108190538,0.87047472413542,0.675806067702983,0.59005305090555,0.400549600087699,0.517301638473207,0.337721987443739,0.27594466739052,0.331821479968756,0.300798319243191,0.21888898742288,0.293986257949428,266.666666666667,107.981220657277,0.00473073372904618,0.005230781557007,3.70375,1520.80221288566,1134.70283484965
03-01-04-02-02-02-09,9,sad,-45.7279422326694,1.8928275937026,0.373420649509675,0.93524176263367,0.570769421425539,0.313115246975614,-0.0262380350896103,-0.057192482191112,0.232677290449332,-0.0479967551937302,-0.101326141552812,0.126481973511983,-0.147410378764742,4.93102115073528,1.55274133903392,0.619764395798174,0.654060870950146,0.538215346421216,0.354015302751684,0.361448637458119,0.372562481315615,0.270937906078401,0.306814332091454,0.272059960098893,0.255916491397278,0.266399904103526,149.545772187282,156.088043411987,0.00125053104414599,0.00175187044896039,3.8705625,1976.05046699299,1032.12018219859
03-01-04-02-02-02-10,10,sad,-43.1803540688684,1.88624450374802,0.542129048440142,0.749017094453907,0.381379948658415,0.389465540727166,-0.214903030574044,0.0917111384593839,0.00740956264994131,-0.122579108249485,0.0399881491732757,-0.113338818870571,0.0344359368792269,5.82830335418992,1.74272889606907,0.579434072051853,0.582015200149661,0.485928718131024,0.417466635424673,0.42450713153295,0.360292944745948,0.277126556756471,0.287285313051104,0.259952279650376,0.29959166968119,0.317550858044916,197.530864197531,106.788710907704,0.00639192155607011,0.00941461421658661,3.57025,2070.57700421012,1181.39465420362
03-01-04-02-02-02-11,11,sad,-42.881195488807,1.77275190009641,0.670625801613959,0.458676690683574,0.264636986595492,0.292653356059512,0.13037498226988,-0.0441156878433688,-0.0892375439313766,0.0704060669826129,-0.0243288408266272,-0.0953873216714138,0.0578017128852841,7.28231726998595,1.8191388577521,0.560965554663028,0.543070888715281,0.496128946771087,0.350442876043615,0.324764521673936,0.315450027555367,0.259608955705378,0.287034583274253,0.270691646177763,0.296161489883168,0.19046374921022,190.47619047619,114.837819185645,0.008021734940509,0.0133336835854753,3.3366875,1969.64750860127,1196.3695952204
03-01-04-02-02-02-12,12,sad,-42.7288081734305,1.62495797636753,-0.340164451818281,0.352431653403881,-0.143768626811443,-0.01306767880887,-0.230356953349909,-0.198489950387924,0.054399261135585,-0.197489451364589,-0.0814936680256658,-0.327850002541343,-0.157835851109955,13.0465603313953,1.39669600710164,0.725885066239675,0.740800429404025,0.600286882271097,0.333139320929744,0.478432758763609,0.363974997338826,0.321684164044352,0.321093521589699,0.389241917607436,0.500714719076527,0.43446360930249,390.243902439024,233.333333333333,0.0216141768740217,0.0318354007296719,3.8705625,2195.08429053095,1108.63798384735
03-01-04-02-02-02-13,13,sad,-47.0548218089763,1.72624717168683,0.506076360874499,0.580263580700355,0.371426052884276,0.177532155009629,0.109902818348085,0.0264850479629514,0.0624089973189512,0.00410576412314353,0.0130695287319441,0.0705294950385211,0.0298225552540884,6.00079718569241,1.93919799163151,0.68428481698455,0.655684217631771,0.460229713585447,0.390086534095371,0.32069187303743,0.303113882824494,0.275646694598072,0.232757057993576,0.238900558747863,0.243179845608764,0.220886340079491,113.475177304965,38.1123595505618,0.00187650262688039,0.00264714881458651,3.2031875,2018.65620732359,1145.48406476769
03-01-04-02-02-02-14,14,sad,-48.2069906876665,1.27833150407878,0.216045880660267,0.575652646183412,-0.160377639238306,0.173271927483747,-0.380706978026854,0.163967610239957,-0.17032192482402,0.0142826890202906,0.0173789063212627,-0.0217515042726054,0.0542888683981722,17.8460946763342,1.42630791114652,0.626008195593044,0.860589822451279,0.728995637245447,0.41320823336104,0.59212600490727,0.324789592310872,0.317036785049423,0.366583937569731,0.269148447126836,0.246028034525438,0.371159894941401,313.725490196078,190.243902439024,0.00578182668163304,0.00898057900787761,3.9039375,2427.00434031579,1375.68565303027
03-01-04-02-02-02-15,15,sad,-43.2006493543104,1.87736148522073,-0.0752629262333986,0.721955403098816,0.249827515743416,0.159868697306598,0.0200675538702591,0.0642295738306482,0.0884135624672165,-0.0012421818900413,0.0100685271589391,-0.0519455486702868,0.0102414899475868,6.66944515778071,1.61080023932448,0.720799722449104,0.745846365269146,0.437886396856462,0.350661881333264,0.409096833981901,0.382451998802978,0.284248481681069,0.282544835297113,0.290602003477319,0.279277561990619,0.177856294346367,133.333333333333,63.8332519133692,0.00620832976100053,0.00737557953540017,3.4368125,1581.80477237244,1113.81386154533
03-01-04-02-02-02-16,16,sad,-43.6418377706733,1.76563318847906,0.194495685207438,0.687485909429834,0.214620948994548,-0.229010379321535,-0.278596511569952,0.150505034672043,0.117171118341137,-0.249374430135195,0.114433824441386,0.0935819648996046,0.0942718168263239,6.70953137977876,1.8548430386587,0.742942915938747,0.712090223704167,0.506790909328096,0.388705094100713,0.552183767768964,0.305321115768954,0.271281823108449,0.38325722908307,0.233784616964341,0.252314003595411,0.24151463481966,258.064516129032,127.228915662651,0.00535126782939336,0.00735395973462578,3.7370625,2537.62833486119,1491.08236422919
03-01-04-02-02-02-17,17,sad,-41.5177977577409,1.44702639054216,-0.243094567696799,0.575978429399395,0.25416418938085,0.355667071474716,-0.334190496889563,-0.345063214948954,0.171647148568712,-0.191626087761082,-0.0173289115808071,0.0597957924206833,-0.156333290810206,5.92456968768747,1.65075129209041,0.70934441940615,0.661244893093285,0.465740436835172,0.326356187042398,0.54090025371638,0.356448284533412,0.312921462112288,0.389485262331371,0.285881764196657,0.243589618101086,0.249709965801295,144.155844155844,73.6878693083073,0.00818062337357862,0.0144936929324791,3.57025,2163.95534061792,943.746041181153
03-01-04-02-02-02-18,18,sad,-43.78971639139,1.49782406626253,-0.33753859286445,0.462935711025432,-0.0607029852479388,-0.0231403295705157,-0.102602438785906,-0.454491612759078,0.221704522149138,-0.22337770942835,-0.142003986756259,-0.00639992456005126,-0.0784914871620587,12.6984117691034,1.32448318217843,0.838706995185314,0.769536141810854,0.589534537784093,0.373687252454145,0.394162063529695,0.495675906271609,0.396397284941812,0.516118955711344,0.399168216444027,0.420298231081129,0.34184139132441,344.125809435708,346.153846153846,0.013072891240613,0.0196415701481738,3.8371875,2451.34184173168,1196.17778312978
03-01-04-02-02-02-19,19,sad,-43.2991928617251,2.15501390197381,0.243333066180511,0.584690661133704,0.56402140217457,0.0298590455866632,0.100451461924171,0.043418624138861,-0.1462064951256,-0.0133430343585713,-0.178490337726335,-0.0769568949724508,0.0104177246954931,6.00370218600321,1.70294721615766,0.7293958423315,0.661054735353754,0.594893068359251,0.547059648371789,0.354551810938905,0.275193470403767,0.385759314560557,0.285589694446441,0.296907921631259,0.246601893181585,0.239514002786387,179.775280898876,292.19440353461,0.00562066009846899,0.00764258929926207,3.737125,1321.36679261504,989.367516716416
03-01-04-02-02-02-20,20,sad,-47.5545604002436,1.26604810198976,-0.152679016182681,0.521749584443896,-0.2868377917,-0.0324051423340058,-0.259663038825159,-0.452252765411439,-0.100170371993607,-0.280727820476533,-0.06759216631565,-0.306681193451369,-0.0474142317280921,19.4578681313617,1.19862222041355,0.698308881842139,0.649302358918313,0.615293611846304,0.40354449008545,0.443647287728889,0.534857667200785,0.424009904726247,0.507749893484697,0.509706919189526,0.558785105877437,0.576289753773202,400,222.553402881272,0.0118969869864177,0.0180071279264724,3.970625,2207.23767995542,1299.49919811592
03-01-04-02-02-02-21,21,sad,-43.065388152802,2.08172683095057,-0.00845636033134007,0.983922241929547,0.321493708902326,0.122425875887611,0.156062368736302,-0.356818230872519,0.147786485580292,-0.0678274508333195,-0.155466332131187,-0.0130748115152118,-0.073992232935368,7.77730569125579,1.58362970468367,0.814295564386885,0.926555039364515,0.607878514428858,0.398397703396014,0.35944753653049,0.653547824122531,0.315122530997312,0.303474576263396,0.317297437811836,0.285752554838501,0.265933921698043,170.212765957447,317.460317460317,0.00892555102104424,0.0124671915307163,4.1375,2128.22924403444,1088.09524250731
03-01-04-02-02-02-22,22,sad,-44.4062462346274,1.88062581062699,0.295826364401642,0.623278518977677,0.376332851744989,0.164310294778641,0.0670144304720724,-0.115170011006687,0.131193767154777,-0.0482459916882262,0.0376555398347835,-0.0349943419965068,0.147349704312961,7.27042509177314,1.64950295812835,0.722944006134204,0.733524818464523,0.593814981319573,0.395170596975331,0.395068938806362,0.367729046208607,0.350870066149818,0.252569644873823,0.274348902237394,0.27495039387201,0.240547552129887,205.128205128205,54.8979241722423,0.00457455351122094,0.00615608774896811,3.8371875,2340.83332081835,1256.68108368592
03-01-04-02-02-02-23,23,sad,-43.7489938681887,1.82894675617472,-0.0011855095935215,0.575019551277877,0.391712682618543,0.255722126972275,-0.150073836968007,-0.063122417985284,0.0974079793347497,-0.0439927670887719,-0.115948986835286,0.0496015055078106,0.0368059930518164,6.65277574838311,1.76667485279489,0.735330599721634,0.658109698971501,0.434074807554749,0.302167003053537,0.481807291247628,0.350576841956856,0.319258845754524,0.276644259397331,0.28727870132708,0.225622152682847,0.21747928472461,172.043010752688,62.2710622710623,0.0042519615796113,0.00631838089359036,4.7380625,2094.25195779336,1186.23193529827
03-01-04-02-02-02-24,24,sad,-53.9806876337039,1.62226868420398,0.374259473090947,0.293793549634528,0.0978722844077415,0.159041748492145,-0.0318428244822853,-0.00125351783460662,0.0209885277447442,-0.0616150454447498,0.07661356501599,-0.0112146717410794,0.13087448346174,21.7800083801581,1.87643629378061,0.851322825319593,0.661262512041258,0.654702403411379,0.344540778090928,0.424530254230638,0.278177877928522,0.267888311883786,0.251714196577309,0.311611856362911,0.229747617200814,0.267259098028746,250,163.054695562436,0.00245332709244976,0.00368006135265204,4.671375,2064.82185776614,1673.90891996748
03-01-05-01-01-01-01,1,angry,-46.8990861592635,1.345277286655,0.205269239099872,0.513712942428337,0.111150519349945,0.182663623553495,0.166955869909525,-0.196825888405214,0.00594052042683083,-0.00881979004744491,0.0493834066081952,-0.00850732410292493,0.00394770628151426,15.4841144517699,1.56861331333575,0.734554302663957,0.775381013549398,0.682597513793673,0.345828876913965,0.416335567576948,0.421900190200143,0.332232424375005,0.339533400964898,0.278634472191848,0.255944819611839,0.272945905220727,155.339805825243,138.264074215275,0.00789360662704187,0.0128665522733656,3.8705625,2405.04520337497,1236.30473570421
03-01-05-01-01-01-02,2,angry,-52.1731408836029,1.5380702334863,0.144127763200703,0.453565544208097,0.0037849404212004,0.191541464878903,-0.148092021080484,0.0361516888626778,0.00732454732983425,0.0467278240220856,-0.0511300352890739,0.0830919561815198,0.0577231626292168,22.5954166440927,1.67079247532985,0.754491787751092,0.690062622340698,0.525684140542446,0.430289757624663,0.559847166177575,0.291120168731704,0.318809139188302,0.276770728849407,0.209625743776431,0.244575732617908,0.221861787581066,262.295081967213,175.401069518717,0.00628530609603374,0.0103394481332891,3.670375,1836.44210195886,1260.38480543387
03-01-05-01-01-01-03,3,angry,-43.3916582800881,1.7661742216115,0.264692193033354,0.733238135496974,0.302973116306006,0.170144504701959,-0.119535813324866,-0.0055035363718323,-0.0401161322841103,-0.020615118311892,-0.00652128554391716,0.0528585299462173,-0.139245161795627,4.95535995299576,1.33191077467246,0.771222857857768,0.80823594953304,0.52856935135125,0.442513078755639,0.36516785682486,0.345968158049379,0.341134893917766,0.294379854290252,0.349926255627147,0.268192016496936,0.29265153823173,105.263157894737,51.2183468705208,0.00213655292441572,0.00334136773733868,4.004,2190.65477309884,968.328149569557
03-01-05-01-01-01-04,4,angry,-51.8557801480713,1.49841243990563,0.192900261956976,0.346136117171097,0.0239986548401946,0.163596571008753,-0.0941449320902801,-0.00547354966808976,0.061206533991952,-0.0286828118727427,-0.0479166994735111,0.130939065785628,-0.0906484916147407,22.1505451421328,1.55313572778624,0.768826903653363,0.704216683780883,0.380777533533479,0.433646822526671,0.403432699193697,0.365910767925054,0.273559233626963,0.209031960961739,0.253404662610149,0.245973182506836,0.259697762516549,253.968253968254,176.971072036302,0.00709569035595494,0.0123601429870009,3.70375,1953.36256260787,1331.59854706363
03-01-05-01-01-01-05,5,angry,-42.9155335432719,1.84155967378694,-0.249833681185718,0.6114730703662,0.0153503208113888,0.00773357330009948,0.0690314479135671,-0.183813360255815,-0.00472593167622445,0.110916129075459,-0.0279403631221627,0.0312591931471737,-0.0644985619137133,8.39721669505887,1.75328661053312,0.708023539890013,1.01950165645802,0.596625564628281,0.459158245752682,0.480206892776606,0.406060782491024,0.291702826369867,0.348689869611393,0.292632407383183,0.34271391945966,0.231078725232674,210.526315789474,157.714285714286,0.0099044553428126,0.0148186556969018,3.8705625,2090.33620599548,928.195105168934
03-01-05-01-01-01-06,6,angry,-45.6742398474641,1.43046105700973,-0.0104613137468185,0.663311669628852,-0.0388668950455775,0.0548005302701632,-0.109492224443028,0.101347118012869,0.112789524944306,0.0425926513498476,0.111380674593193,0.0493018001954615,0.0727496292634722,11.9456370362675,1.81316666124081,0.948814923593691,0.899179806731443,0.498823443486598,0.353918018469985,0.486398818921183,0.274217898157389,0.303350926447991,0.278146241327589,0.297395115274264,0.284135433726948,0.271707045595383,242.424242424242,137.299771167048,0.00343509198506293,0.00506313748646244,3.7704375,2378.90095509537,1168.22708975028
03-01-05-01-01-01-07,7,angry,-44.0245492444812,1.59226674711867,-0.0187672194191291,0.702704940738379,0.020574323128562,0.160998900724143,-0.198417410195346,-0.183372752314202,0.176045258126781,-0.217037070423257,0.112978634948064,0.0581196230672674,-0.0513792765100718,14.8526123483544,1.47779147558334,0.810022636719565,0.93645136718591,0.760915766785714,0.390552194936357,0.528461334739837,0.325117237723882,0.338781589872732,0.335961337659857,0.333687615719541,0.28305401105794,0.256135150114926,192.771084337349,344.660194174757,0.0122564530544191,0.0170329299422258,4.004,1734.77403729638,1146.70057776143
03-01-05-01-01-01-08,8,angry,-43.3038501275831,1.91306164178637,0.243815690209524,0.569620341979146,0.0624420079701066,0.388832536842826,-0.0038085706330701,0.108696232160166,0.0285496610428708,-0.00657783539783923,-0.117708219228063,0.0457648321739679,-0.0135072605577206,7.13978438600073,1.50941021600176,0.827892033112259,0.8159347639725,0.527412788099866,0.466982314144734,0.3685520221933,0.296112962728605,0.35791605850485,0.291130615199687,0.278745947806049,0.297949994454583,0.258360865905743,238.805970149254,109.473684210526,0.00846477738252424,0.0133210827861723,3.70375,1733.10649737723,793.105601364974
03-01-05-01-01-01-09,9,angry,-47.3176529717273,1.74729568769558,-0.0303230309807353,0.808623023274989,0.4237214577813,0.139161481215812,-0.0101031558729744,-0.12339812649299,0.100214140696575,-0.0459670386820306,0.00926428807073222,0.0462307804192329,-0.0414981946931144,7.92488170537024,1.53784553884276,0.689529469092497,0.760936390766134,0.574986847925963,0.341148389661314,0.388396118818492,0.32921727419317,0.305857916126042,0.333476094745887,0.256010027888497,0.230874296881663,0.252455318094419,98.7654320987654,31.490897162539,0.00124821553662801,0.00184866212665953,3.57025,2158.50968956277,1078.12908282289
03-01-05-01-01-01-10,10,angry,-40.233024055597,2.03169346655888,0.0914576375502349,0.649161366857319,0.0171988732093343,0.138001640371807,-0.417140542224181,-0.142894151382068,-0.0541947090191118,-0.138559409336673,-0.105375808855641,0.0741865437325656,-0.236946234235327,4.49036482325541,1.9966887919689,0.784659110161452,0.714239356897867,0.537387057586008,0.340767903625591,0.381105229356682,0.413353327921593,0.298794469095163,0.279370483773665,0.277352244045701,0.236179285709533,0.309699737473764,181.818181818182,114.285714285714,0.00870984966231057,0.0124010149895978,3.9039375,2107.75701180117,1118.10990440463
03-01-05-01-01-01-11,11,angry,-43.4995922998753,1.81901607284325,0.434810891836209,0.440174828308285,0.124998049960959,0.190566372867925,0.124078731489045,-0.0422167829319201,0.0548400563452218,0.085890141796084,-0.0213466832560253,6.13954425695443e-05,0.0426890226772223,7.87009788516982,1.68606308865829,0.674814417494529,0.740621318761309,0.513621719997169,0.38511641920942,0.330312629446421,0.348472583037901,0.283882862098346,0.255109912809889,0.252775682090668,0.272251235684031,0.197127165701775,164.948453608247,124.015748031496,0.00818801640355008,0.0116984616590182,3.603625,1761.02656675577,913.572846298495
03-01-05-01-01-01-12,12,angry,-45.772061944751,1.73428342359494,0.21324451316101,0.451830233257504,0.0193757796175081,0.323662034328146,0.0475907442803146,0.0727146334752507,0.0445389561715736,0.0401636387733378,0.0196913623839861,-0.00611116738261745,0.177743943758931,12.6255888655632,1.74806944203367,0.596988081943617,0.835716963115505,0.607172321442057,0.354395598121012,0.480117712634457,0.358558923616238,0.307325825335015,0.258129337716202,0.23980602594473,0.263352003771739,0.256873850884569,190.47619047619,135.593220338983,0.00545513757097793,0.00827348589828609,4.2709375,2230.220778259,1276.02057572141
03-01-05-01-01-01-13,13,angry,-45.5229165159025,1.71523669686931,0.178606847082035,0.55506091180156,0.15434044089725,0.155846520387972,0.0573637517374169,-0.157916669607967,0.0752721652013165,-0.185112013615335,0.0511391077606762,-0.0171237177341379,0.024556101915376,8.82319600218119,1.66947176716369,0.552558058407308,0.895536801082074,0.638498866802481,0.416861057268501,0.327894089324016,0.445552961589598,0.25707260487628,0.351906471026717,0.31377401392486,0.222281526450732,0.264305674354609,135.593220338983,45.6741326306544,0.00501414766245389,0.0075468512062694,3.4368125,2204.33394912566,986.562542498971
03-01-05-01-01-01-14,14,angry,-49.867667159196,1.10454802881459,0.267212779219408,0.256994217703719,-0.0301576567165463,0.129373243149361,-0.0442936051368825,0.0776901259942645,-0.0701300266079811,-0.0585679909348962,-0.141481155114607,-0.0612441183231757,-0.0724099487470796,18.0461313434353,1.43918824167244,0.70339152660701,0.770913706935682,0.548128072919763,0.368981905841352,0.38296219709815,0.346468331798578,0.336229013568463,0.357327718353285,0.386476372965642,0.367898216993019,0.370239284128637,301.88679245283,284.848484848485,0.00475162159663934,0.00950320614662438,3.603625,2477.15794486947,1327.09592227232
03-01-05-01-01-01-15,15,angry,-43.0066337093259,2.02053330925864,-0.109582713244034,0.763276737939645,-0.0865127496446296,0.141663147452784,0.147101268895201,-0.0351057057988601,-0.0021645671677535,0.0122276608783149,0.0263584234008242,-0.0555347197523522,0.0164783732213888,7.29151635223931,1.59141820845454,0.780423400901774,0.853962029043512,0.667794234664172,0.359697778712569,0.391489096438735,0.38227464641338,0.310274448611739,0.283624526591417,0.25161568499769,0.305525865644509,0.25674436394,157.639293341099,87.3490813648294,0.00824476442333714,0.0148167672036384,3.637,1843.1340245438,789.847364344167
03-01-05-01-01-01-16,16,angry,-52.9266761165974,1.57805534810677,0.29241076234755,0.433813110529155,-0.0105208875548928,0.195247763983098,-0.128489957288519,0.0331789199255368,0.100601888733941,-0.0643836633791567,0.0709664925773609,0.0137985827836045,0.0996497816052602,24.8340448759246,1.64932870814536,0.789854628661575,0.93096038620301,0.64045576811451,0.364888010020244,0.468525220739235,0.293942265685028,0.324214761269679,0.23855411418533,0.235856653395446,0.267719582254046,0.264036016643944,228.571428571429,172.004479283315,0.0111246188605796,0.0174471495710909,3.9706875,1712.19058919903,1277.28484438618
03-01-05-01-01-01-17,17,angry,-45.4928391606909,1.5765322134678,0.103114936628052,0.624536702306303,0.319517547633631,0.266953073667681,0.0123078513840863,0.0575796966132306,0.103310897139763,-0.0706789809727626,0.128924967967731,0.0849315953441648,0.0532251358090351,5.98971100821276,1.54444322580226,0.629204694934214,0.542602730040585,0.574885487688746,0.296442534455054,0.37930082287482,0.346927428551263,0.288185588359396,0.307664117236571,0.292637601297673,0.243893389592217,0.180908554619622,102.894954507858,56.7195767195767,0.00245223854408696,0.00498587604236747,3.4701875,1917.00906421251,821.6919934118
03-01-05-01-01-01-18,18,angry,-48.4366865293336,1.71132884371615,-0.138521890633505,0.360359392481912,-0.0948175283638306,0.261619460582823,-0.167636572707688,-0.208105545486042,0.0963458212526484,0.00829084966589824,0.0482259109217245,0.0361334928283834,0.151535161724299,17.0893659454052,1.84657065037926,0.869943626348872,0.842670982350131,0.584379604415171,0.471648473368988,0.475296628625154,0.338913117470276,0.295110683054603,0.245832994809597,0.304761801022302,0.23340589611458,0.267641809927436,222.222222222222,154.379020286987,0.0081288180092208,0.0127299615314716,3.9039375,2281.45816044247,1350.05445109667
03-01-05-01-01-01-19,19,angry,-46.0809919703851,1.51480917863981,0.136482533105313,0.442731657280382,0.142806852171639,0.209580411752117,0.064165311606613,-0.28043321761415,-0.00257917117932206,0.0828639123745118,-0.0633322396432403,0.0867718104978229,-0.0990582784955056,16.1578183358715,1.45371079787761,0.933582056321679,0.98396337207794,0.630215548251194,0.457461480389607,0.436400534943403,0.375116338393099,0.36930055450997,0.308127925515745,0.273594902131143,0.323303652138155,0.241330327794368,240.615106286748,174.358974358974,0.00923683080539552,0.0144403715488756,3.7704375,1919.55482680222,1027.21136845709
03-01-05-01-01-01-20,20,angry,-60.3870165100524,1.37189851574041,0.368669278576192,0.35053098320727,0.141624796561807,0.172073575314327,-0.0228743072213296,0.0282765889276526,-0.0515173305815951,0.0721992077299384,-0.0550676440652962,0.048795552857584,0.0418200791626855,24.7305066195827,1.56971283657719,0.566451362707306,0.586180225021467,0.481120827602623,0.259212684964991,0.299104422790573,0.295669554557673,0.302449858223967,0.27695507543938,0.221139504558839,0.194330181437909,0.182696969876257,200,115.753300777717,0.00165440897452986,0.00280391383363113,3.236625,1657.20476716871,1380.72338250533
03-01-05-01-01-01-21,21,angry,-40.696554338335,1.76261258722715,-0.197062405943522,0.861769591330297,0.0109761010934663,0.237677139166339,0.0292211806628371,-0.43976121488143,0.179983617209984,-0.100189426968295,-0.120693976057842,0.0266382220933205,-0.0364086057906251,8.85375054930586,1.31144641031416,0.860311086948078,0.960534829940786,0.753396275471018,0.414356053908074,0.534467960564699,0.495041607417359,0.377946631426584,0.361385256229059,0.284007886515344,0.286282842980194,0.273249424966617,164.106879865348,68.3387858960378,0.0259445385699072,0.0400616729578953,4.1375,2257.85831015084,808.9341297864
03-01-05-01-01-01-22,22,angry,-44.5778966510444,1.8392870328156,0.228784526350368,0.43602781298937,0.129976213725461,0.0537313579992346,-0.0258630506866495,-0.179131745552193,0.174814149301685,-0.0873758194631027,-0.0230230611389783,0.0239432083555707,0.0650451453874803,7.44365009726044,1.74448186861029,0.796363538199958,0.841824750723415,0.492484122465232,0.397587691673099,0.525146434240746,0.361089909842308,0.320196946116703,0.305072791512469,0.293874302866234,0.265083368063011,0.259111909243777,192.771084337349,122.015915119363,0.00461447504759694,0.0079871151250798,3.70375,2350.41989753151,1119.0305702469
03-01-05-01-01-01-23,23,angry,-49.0371178207079,1.53155182465735,0.0213036541347637,0.433856004456657,0.131256697274319,0.1715127419764,0.140016648153775,-0.109750515310073,0.0476795300729218,0.0120085860696908,-0.053531484264637,0.0640042360724169,0.00487105390172351,16.0905472983677,1.59747593657086,0.588520297659369,0.701072110226057,0.523383243626539,0.430992925083898,0.33896551191249,0.423052133669762,0.272054687177088,0.259866362515527,0.267441702638999,0.276726118976582,0.227379620644106,228.571428571429,115.753300777717,0.0120039975182223,0.0211313847824048,3.3033125,2400.64573629997,1238.15940083409
03-01-05-01-01-01-24,24,angry,-52.0226841875073,1.53665762053076,0.0758074238745865,0.339731776739365,-0.196739792792426,0.17852003126812,-0.207961149268642,0.0500666750444695,-0.0497730366800977,-0.0192123694277956,0.0919512662005691,-0.0888936791000495,0.180326225282073,24.7080768342485,1.47532906582506,0.812244592893356,0.962006689425928,0.70612218104473,0.321891221299066,0.584860127180009,0.27950767857896,0.361796042097833,0.240902867984339,0.323689804828564,0.260750271605913,0.285815106587203,242.424242424242,150.295222758991,0.0132921580160075,0.0219185929665646,4.104125,1843.94716834539,1285.65839309339
03-01-05-01-01-02-01,1,angry,-44.6926682404992,1.47230753960916,0.235061261846201,0.483897675041295,0.226842294526691,0.196912517415261,-0.0121542002805244,-0.190052445338026,0.0158517331453332,-0.0282729765597191,-0.0153830142060403,-0.0280928258590727,0.0207092777142122,12.3681437815896,1.4505100481585,0.843201645483695,0.793905566498107,0.69427066294505,0.342310777344245,0.393923227652392,0.390252607247625,0.293223003090937,0.306778971461625,0.338349820782044,0.283502074122191,0.311118610771526,179.775280898876,205.714285714286,0.00885759261816858,0.0130597580383061,3.9373125,2473.01168918613,1129.34280574296
03-01-05-01-01-02-02,2,angry,-45.6969020370031,1.58978448940931,0.0195907591170759,0.407878621369121,-0.0332232194635365,0.153550945786236,-0.224853153303145,0.0698082091564748,0.0286625032327382,0.0726660509586979,-0.0322169014381058,0.0922506983323624,0.0310235040341799,14.6675697782932,1.56608655300672,0.777402539935784,0.683500840280215,0.53305763250989,0.454623732011556,0.538037677830234,0.330729206984237,0.318832070353646,0.294128734438341,0.225356307322304,0.234661005324496,0.232221275498193,266.666666666667,181.616832779623,0.0067648573627524,0.011214983479599,3.670375,2249.25900208637,1083.02643732398
03-01-05-01-01-02-03,3,angry,-40.4622831558714,1.68360378652692,-0.045514423625472,0.775460823414638,0.227621144727607,0.264086008458454,-0.145998493942501,0.0883067296570187,-0.112257678882045,-0.0674403257307671,-0.0782312835552502,0.046338736673403,-0.209359311369352,5.65679105348526,1.42153700827984,0.717537627840399,0.901844267559356,0.570499540550393,0.504264332456058,0.323622928877785,0.360011758157925,0.306080650206763,0.35827163525088,0.348985110229453,0.260661782089486,0.317251344998307,145.454545454545,69.5308641975309,0.00815628029121547,0.0133365938093237,4.07075,2195.3687900821,915.866441348438
03-01-05-01-01-02-04,4,angry,-53.6949500924038,1.30606231659028,0.144118497889709,0.290297761039256,-0.0816357147764793,0.192560429193328,-0.147931875425758,-0.0103032186671805,-0.00166265601417275,-0.0394646403867193,-0.145818961494948,0.0740247375546893,-0.0930393970306441,24.0499963860814,1.49382116820157,0.857457271508273,0.583661645858784,0.430297137864643,0.450857175291298,0.443335469046458,0.327243045900161,0.350281722012752,0.324037794421788,0.410047347634351,0.281568009495378,0.306142223796489,266.666666666667,277.777777777778,0.00916879125164311,0.0160186500569219,3.603625,1898.70349623438,1341.38794293331
03-01-05-01-01-02-05,5,angry,-43.2148758450023,1.65010043219457,0.0463737184126542,0.696094902829805,0.052197094634656,-0.0111245887548521,0.0882010250338427,-0.106211727076979,-0.000333158100011562,0.11538257061762,-0.025401816170427,0.0679329232282497,0.00577690954068093,8.09555103154089,1.73264934591742,0.643859306590761,1.05785869959682,0.622609235116096,0.505033200276373,0.38434255860711,0.369959909960969,0.257199374332515,0.335704615301532,0.318889167851309,0.267218213828239,0.212192988289608,156.862745098039,95.2380952380952,0.00879117678688218,0.0136041913365215,3.8038125,2094.36971824988,1012.1559737518
03-01-05-01-01-02-06,6,angry,-44.3238214987293,1.6034903117484,0.127999894064872,0.715909037260742,-0.0112931974953387,0.109352509417684,-0.128452952152771,-0.00501403839556948,0.10104730254428,0.103114989414264,0.0675660742546008,0.0185586341631819,0.0839424014998823,9.40993648808207,1.76006119966581,0.938620638893814,0.843680422023567,0.559825091578904,0.33101268448184,0.473875624269204,0.298293744591902,0.306533924650931,0.292423935448529,0.298047991341023,0.243357463621603,0.274324374993448,250,249.350649350649,0.00382524359006301,0.00547255088285548,3.970625,2206.70800779427,1100.33817377204
03-01-05-01-01-02-07,7,angry,-40.3684642552454,1.65337515363094,-0.0534250845629697,0.760061609879813,0.00399835555994762,0.0161262269680665,-0.149862398717387,-0.151702555239186,0.049460028682069,-0.150924922310752,0.18528276886652,0.0307349081433594,0.0491463397728719,8.69759095424678,1.25343440709129,0.748648117922785,0.947947880875873,0.734785921162989,0.478696900822249,0.472955188567605,0.352621209838335,0.434107402094325,0.30265003655261,0.336471921796231,0.262759263781773,0.257138189904476,253.968253968254,130.801687763713,0.0271262469916653,0.039656656741728,3.9706875,1824.71398154133,1007.97999208421
03-01-05-01-01-02-08,8,angry,-43.3033421160723,1.82119150926658,0.459302546656685,0.419019211216735,-0.0816789566640854,0.391423647090578,0.122609623105768,0.0397704185551751,-0.000392186695469085,0.0600509026050947,-0.0345156843123612,0.0931715851272494,-0.010427546770327,7.1040529968191,1.55166822610429,0.777679353860304,0.807591151524909,0.58420534456377,0.423281775321009,0.363527855845164,0.352100993583285,0.302678021177346,0.286898840005693,0.237201154165512,0.279753913858,0.249025752883719,217.697149203999,141.68247944339,0.00848227662014425,0.0138607191512452,3.603625,1727.59750173239,850.621039572881
03-01-05-01-01-02-09,9,angry,-51.788457834276,1.64845610291997,-0.00704778383279433,0.755408031218449,0.414969356470527,0.157957943794584,-0.0370848015141708,-0.0446710281847385,0.0651158445412851,-0.0818004310593259,0.0443220210971101,0.0498628258477417,-0.0281255701175898,19.0305344578493,1.63010446038349,0.617911224203577,0.80717984764253,0.547154057246487,0.384835147947554,0.346871025139372,0.307641284383799,0.307954305935161,0.272784067697503,0.242140763088486,0.223649085519431,0.227511909266864,108.108108108108,50.4993404936876,0.0018649421299625,0.00293610743872721,3.57025,1633.31425468553,1095.33475557145
03-01-05-01-01-02-10,10,angry,-39.8196925352646,1.9356787051767,-0.190993494776155,0.685719294979155,-0.0919347642227755,0.329571266639237,-0.279845010005785,-0.115992703543131,0.0738448322814878,-0.0209680649155969,-0.0687139775772744,0.140466144131749,-0.0630768054776842,6.61019547356642,1.90583266432194,0.930724167869873,0.663079027238144,0.64658797358429,0.350674865838175,0.442582942196807,0.398717840634934,0.30087719936915,0.280955623540829,0.288816295682531,0.286808943112216,0.333083594533364,222.222222222222,234.432234432234,0.0170885268508486,0.0227564792605233,4.004,2096.71765356154,1078.31283496132
03-01-05-01-01-02-11,11,angry,-44.5629704901346,1.77707767064743,0.604220467469287,0.385781971325492,0.231629953760307,0.193836229090006,0.175797959664721,-0.0921409346788521,0.0564188223007355,0.0547306435323784,0.00915144798122284,0.0159017553132363,0.0328827453832171,7.4695779819878,1.72880114043226,0.600978050175964,0.7654059909246,0.52821563406522,0.393142724448095,0.291358837665344,0.336838721563863,0.285635389667463,0.262991814531867,0.237461255361388,0.251069764818186,0.220030726095407,144.144144144144,93.5064935064935,0.0052113858599013,0.00770143715744159,3.4701875,1890.48633976467,992.665151918409
03-01-05-01-01-02-12,12,angry,-45.1301224215068,1.90734738273655,0.139158797069893,0.633229522229654,0.0486148891122032,0.304121503544726,-0.010114932070114,-0.00781090147957865,-0.0349008268267599,0.0726125773106287,0.00679730610611776,-0.06198989813259,0.201508630144755,13.3359870318774,1.57959981962197,0.607092625963176,0.871346776753743,0.582225868801672,0.312837404003394,0.474679708213572,0.323457080254288,0.323857216574127,0.289384233582628,0.236107822085204,0.279885361563556,0.261321523653466,183.908045977011,103.211009174312,0.00629918661354666,0.00947193690784255,3.970625,1982.83333794607,1038.48034071787
03-01-05-01-01-02-13,13,angry,-44.9368503979881,1.67983951872667,0.205382225469385,0.465604736808772,0.145233087359597,0.164109435960541,0.056712580875498,-0.167290691921033,0.0749264051117357,-0.148750522265442,0.0393965440532427,0.00601221775912331,0.0130095715743392,9.35941906587431,1.54567332220139,0.544853318909176,0.81353099902091,0.605688774826975,0.432594531350014,0.351094485757968,0.425911360786317,0.268992487964114,0.323477416237085,0.315592736308555,0.243200511694927,0.251264358422976,168.421052631579,69.1983122362869,0.00669537908717654,0.010114027605281,3.536875,2180.95062727476,946.471599922588
03-01-05-01-01-02-14,14,angry,-52.6466208889878,1.20824952780399,0.243661759685893,0.280703262466643,-0.141076876269089,0.131552297661731,-0.10210720177635,-0.0344339122586997,-0.0215866573788475,-0.00255166568057709,-0.0858113646424286,-0.019137448449104,-0.0533683377096065,22.4595904913985,1.4097963147404,0.737933934942344,0.707335510538415,0.54746921685613,0.416952676205297,0.346878624706226,0.343783207576079,0.297742027554495,0.331525801910852,0.353998932201921,0.369053215936199,0.376847571070979,293.602693602694,224.434389140271,0.00621433977196184,0.0100527854592016,3.70375,2076.31803624453,1350.95710966963
03-01-05-01-01-02-15,15,angry,-43.0235697851439,1.82252207507465,-0.0933212588290802,0.556154577348857,-0.0746330960635941,0.213887839149702,0.12447034767179,-0.0502779959014952,0.103479425968449,-0.0638583865006478,0.109678485840248,0.014111026669151,0.0975987019912925,8.45373781662849,1.61988062907543,0.737208343335152,0.88769009373883,0.646231078288627,0.344897384179787,0.396809120228126,0.355433377483098,0.297908536490206,0.287184004370609,0.257782695640163,0.292445772785411,0.28006325205245,192.771084337349,90.702947845805,0.0129043526905585,0.0209825641515308,3.603625,1904.47236689049,827.045407812604
03-01-05-01-01-02-16,16,angry,-45.1875002632114,1.60925365395886,0.136432455881386,0.520380454481837,0.0506929348514547,0.19567178428856,-0.160072658992775,-0.0303940716087262,0.198960366649869,-0.193443789103945,0.0776474849439378,0.0697882780562629,0.0401958939580466,14.6605414739894,1.64227024843167,0.861663483000293,0.940099036533266,0.680129601697229,0.443815434838747,0.462493206790945,0.345933827154681,0.310707713029659,0.331276167856234,0.267770703991321,0.251728608162603,0.290256445605055,242.424242424242,91.1680911680912,0.0132624042611818,0.0237318628497169,4.004,2282.17900255441,1178.86665764013
03-01-05-01-01-02-17,17,angry,-43.980148616434,1.93002319618099,0.114951252577739,0.583692815155991,0.215392597256556,0.406684788190194,-0.0907502811108679,-0.0196666727083208,0.202073783157382,-0.104378839845733,0.151985732450969,0.0709139809923367,0.00967319169042986,6.23077581781027,1.51948286036812,0.637721197360153,0.592341013203871,0.674253790540156,0.303819485383803,0.367492694423221,0.359900311791676,0.33687943486364,0.303663323784615,0.303133183508133,0.246208732040745,0.24384038329338,108.108108108108,43.4782608695652,0.00414754173705291,0.00793364814550285,3.70375,1722.4960637212,814.817779067536
03-01-05-01-01-02-18,18,angry,-43.3513583421364,1.75451580914803,-0.0637888381685191,0.326677803118244,-0.081648695415727,0.463405359830685,-0.169824411355442,-0.172415958037338,0.0524695767435817,0.0314819375359406,0.0407039963427545,0.00419436860327311,0.116676747031297,8.93619493598268,1.59726043548509,0.870939958079911,0.687046807726647,0.494383845379572,0.489013311260227,0.453754412622089,0.358826242929271,0.337512130828466,0.256935823636984,0.284856095624008,0.233318838650214,0.246052608180604,219.178082191781,133.950209297202,0.00641126296108654,0.00947850891916632,4.170875,2364.39408544294,1041.38595997583
03-01-05-01-01-02-19,19,angry,-43.0903384924796,1.81309758890798,0.0482665867971026,0.553906724386782,0.320571926358087,0.155872851177204,-0.0309031967265617,-0.366593065042808,0.0651723283753442,0.0294080954054244,-0.174197022106125,0.0621447673254375,-0.0741717296497174,6.91408096237478,1.51709956681121,0.873372515957432,0.884627272175629,0.730550556789108,0.434184063864578,0.51137214321212,0.420186547188128,0.336512764695238,0.290617770473613,0.273127876795168,0.278811996562166,0.276900714483156,149.532710280374,69.5308641975309,0.00723207193479992,0.0124916644479906,3.70375,1828.34298200671,851.819567543923
03-01-05-01-01-02-20,20,angry,-55.8532201099086,1.29188995076161,0.106523840697546,0.200712869126035,0.0134147010625175,0.183787357978754,-0.0782543395206205,-0.0166119867626975,-0.034486072096839,0.0693053341026238,-0.0491286967077392,0.0183998174030941,-0.0607547157507365,25.1620035825088,1.40418716279937,0.718434824143649,0.600437539892294,0.577070795513117,0.34323815719801,0.386029531475896,0.271608208611078,0.303913261009879,0.247876077972727,0.231218066537842,0.217266000350084,0.306565589129816,347.826086956522,188.034188034188,0.00646420133979286,0.0105527653007447,3.7370625,1819.66259596953,1368.93098236497
03-01-05-01-01-02-21,21,angry,-41.3659263278952,1.83837958509992,-0.226295938407949,0.915283344592504,0.0962518773538216,0.309215319766474,0.084908171930718,-0.402507415862682,0.189336154920457,-0.061961175735274,-0.101082662512627,0.0482227860039631,-0.0187581143167526,9.1007541621448,1.39607303560813,0.884560767189463,0.964649547631409,0.741858992659658,0.426923554446289,0.494945516653399,0.500283866030663,0.342038480150885,0.411762176619967,0.287043412800773,0.30224535842287,0.261215653199902,155.339805825243,65.4895666131621,0.0244354212524505,0.0370697253871335,4.004,2176.36161122569,839.746511541725
03-01-05-01-01-02-22,22,angry,-44.9232236196241,2.01757727493411,0.26446630411861,0.423674592176276,0.11164163660821,0.0413914623418464,0.0266361256932443,-0.165411910301118,0.105815519399159,-0.0289633609311545,0.0434822196243677,-0.033471693948847,0.105156889146728,7.37389204672492,1.78641932418855,0.714600564856594,0.870992675693795,0.58478010079387,0.422169134141111,0.412394061951435,0.405789988096491,0.315604945696557,0.293326628022507,0.269483557880148,0.265668396753543,0.252002065000853,190.47619047619,115.862068965517,0.00492675359010929,0.00819437029880114,3.7370625,2227.2192213171,1063.8678238627
03-01-05-01-01-02-23,23,angry,-54.2670844041201,1.53303113677188,-0.00466938976701379,0.508662533303438,0.107183408092612,0.109916803816109,0.142182023931923,-0.175901161339125,0.0526372128684347,0.0210045139297343,-0.0740535031889356,0.0601610919993892,-0.0608917343698792,24.4683357371423,1.54245065903148,0.602909184979149,0.735705186236306,0.526438132931948,0.380986879264751,0.371762972675847,0.430385398469545,0.314993985763819,0.265923610311877,0.290525594297867,0.284965889128862,0.211095218619963,225.352112676056,156.862745098039,0.0127589940943337,0.0217126941470328,3.3033125,1742.08875670533,1268.8857293058
03-01-05-01-01-02-24,24,angry,-50.1643095654014,1.39890689400476,0.0376386814220356,0.376775883662215,-0.126186213092525,0.090739505773382,-0.129234444160211,0.00920404006832763,-0.0511904672228252,-0.0184239057381723,0.0866008093442572,-0.0660222842960695,0.123883964192746,22.5536158919653,1.3970678931829,0.802239748204952,0.779636548167625,0.544760659353159,0.334162956238169,0.520086329993526,0.313828308868911,0.385444267313404,0.253417142419313,0.334171642650372,0.260714834205254,0.261530948864199,264.48087431694,127.09219858156,0.0149820711778348,0.0242257528250663,3.7370625,2073.145890425,1256.65304832329
03-01-05-01-02-01-01,1,angry,-45.3853715996717,1.54650032375609,0.235722387949479,0.544685610739715,0.213544520680409,0.247424624096719,-0.0290649657679131,-0.228469971192302,0.0467447855988048,-0.0788890982267279,0.0499085965423229,-0.0849649579375554,0.0253172918021062,9.26676862889151,1.69895131268759,0.753594403068198,0.715723691071188,0.627522011931112,0.309123013846837,0.438440974167207,0.479353815741445,0.268250028070051,0.279442462748951,0.301254401972264,0.274974662457841,0.232953388610681,156.862745098039,102.819237147595,0.00638230755442398,0.0101593147688626,3.5035,2499.35058991142,1192.99286032711
03-01-05-01-02-01-02,2,angry,-48.882300484759,1.68297152119281,0.222623079503324,0.33038506021356,0.0504965047544573,0.199337509934912,-0.140167508281159,0.0887881638588227,0.0315096218601315,0.074269226763716,-0.0325849839672776,0.0795507193072533,0.0452664661024192,19.0384034993175,1.65903072883114,0.793697905641809,0.801066669459165,0.574980918787101,0.410108223993153,0.51284143331637,0.267349267677268,0.319198091485085,0.277645390379774,0.213847481238823,0.234444920790473,0.210762698813841,260.179799048123,138.295318127251,0.0076561777431452,0.011359995768292,3.7704375,2164.87399488796,1416.36946562632
03-01-05-01-02-01-03,3,angry,-42.4405162002546,1.62846231374515,0.055256622186333,0.701837627098892,0.282294342099781,0.122444867457534,-0.250909773592529,-0.0293375167889124,-0.0950458838938489,-0.123955554635039,0.0240968591276201,0.0393700628635631,-0.172225837591701,11.4061486203342,1.59741629065679,0.777875099904815,0.73668749697625,0.471241708327944,0.480598350333452,0.363812147556101,0.311721880692354,0.335755883011278,0.358429708398088,0.366901829037959,0.270265533403638,0.289018107844556,132.231404958678,61.8357487922705,0.0065413483406955,0.00951707550994117,3.8038125,2229.72937282777,1109.19159912496
03-01-05-01-02-01-04,4,angry,-51.6597795387803,1.35231657524735,0.164155522185191,0.306791819016973,0.0111889608873378,0.188180549853704,-0.143157622052071,-0.0439034778250995,0.0058774056419995,0.0134158777675581,-0.103175195212732,-0.0140595476755257,-0.197590258881349,22.8382872842898,1.45363055454539,0.703951419951809,0.544240928634944,0.466977270226558,0.414287250736882,0.377980026986332,0.310132038159775,0.336176314376679,0.279651956638198,0.291484894794562,0.334069823403389,0.464025068077838,290.909090909091,203.861003861004,0.0101102200086989,0.015922417330478,3.470125,2097.61669003531,1454.55270036356
03-01-05-01-02-01-05,5,angry,-44.350837720377,2.25130704860463,0.132758960498172,0.537218184601711,0.106396871403779,0.124665942900666,-0.0508913644292693,-0.206871941202893,0.040139166538661,0.0170625718167246,0.145156097662448,0.0506385135072908,0.0148560811579184,6.42357309793754,2.10622402135451,0.868119194539435,0.815541693770095,0.717177368175314,0.438777589409416,0.420217657835135,0.451760096090819,0.304241650810156,0.359230397644173,0.329262107444601,0.313122293547964,0.230387139264851,108.108108108108,36.5311183718458,0.00328499791233878,0.00412055044910802,4.07075,1948.21678527631,1245.19874016464
03-01-05-01-02-01-06,6,angry,-43.2199315911852,1.62295465717549,-0.0866441600748175,0.634321904163546,-0.189928715610842,0.0804921123900854,-0.225216112455287,0.00635501240429067,0.120582124323378,0.0917780609120909,0.0547729941374384,0.048472807531196,0.0988135098800137,8.47957690426872,1.84020430159844,0.976265506016128,0.84272211574628,0.755092634937545,0.38669198131955,0.481736473927779,0.273624214043615,0.2916263481111,0.298006257777291,0.311097478626284,0.2967868318728,0.29281656117249,256.016385048643,146.755331346022,0.00563250558134483,0.00783957042732781,4.2041875,2521.18054319421,1322.95461179455
03-01-05-01-02-01-07,7,angry,-51.7713166200435,1.73142347749978,0.271396376271503,0.616558998739163,0.134604099556813,0.17406737740297,-0.122322048422175,-0.104440978538625,0.0594888759653625,-0.201985813047254,0.143818835768225,-0.0265786533414993,-0.0424731503667505,21.6931770400342,1.72583571736618,0.692539412649831,0.982293074750808,0.795339768444577,0.346186388158604,0.423704955603463,0.33010438378212,0.267429600438167,0.335398208044657,0.331181827851233,0.252559507790312,0.200322094628884,122.969023962595,60.665249612225,0.00415629428041051,0.00620065365545334,4.004,1764.86700148404,1434.21297581118
03-01-05-01-02-01-08,8,angry,-44.4313273093362,1.97705965339357,0.53799631735178,0.41673497691239,0.101556343092932,0.455048067666784,0.0885858543225529,0.024719628048159,0.0126562366489102,0.00586326232982527,-0.0106430959540142,0.0288433885957802,-0.0530907127763485,6.92593559474038,1.63289639504048,0.755942425759798,0.789979830763825,0.531329357182271,0.422340286676702,0.356779652499899,0.309096100472718,0.334297285103278,0.250996734953599,0.23435532886709,0.302941486971343,0.230666924906862,207.792207792208,112.770599093808,0.00666626186491476,0.0101670827658553,3.536875,1676.8526306479,1003.90745238631
03-01-05-01-02-01-09,9,angry,-43.3847287071839,2.03192528263822,-0.202481838757433,0.75049116675427,0.379304043944165,0.212305622469439,-0.0598658220374373,-0.320961803482394,0.0990117524865473,-0.0645619327372448,-0.124841315969527,0.14178796978007,-0.0174022355447913,6.8091866923387,1.89477048295067,0.863108587282994,0.869309207194219,0.52011129318864,0.496711053770369,0.419062738884831,0.494068261525139,0.306591564651412,0.333677264703406,0.294083411742652,0.242936244196212,0.278766719394558,134.453781512605,38.2673398883869,0.00560377108990187,0.00745096162214607,3.7370625,2024.68296778209,1008.11878546208
03-01-05-01-02-01-10,10,angry,-40.9283230387234,2.42523032929726,-0.0196510175136119,0.51701444407501,0.217563494997713,0.254150021873801,-0.377250907199037,-0.0519529646631092,0.0237975704759828,-0.142519590475716,0.166452596787491,-0.00550745691234975,0.0405793616155895,6.86426373683283,1.72714387146172,0.906322249795288,0.684996529425157,0.521001679080032,0.403342213123443,0.544100385323774,0.366289115733563,0.322274912957098,0.31163181569927,0.274288099693405,0.255492887821254,0.247253654563327,203.829925348913,100.973674720519,0.0137503941442407,0.0176177197264696,4.104125,1895.15707286904,1089.02298317214
03-01-05-01-02-01-11,11,angry,-43.4202047788668,1.9037847434354,0.562134536697035,0.340953198586543,0.178425362457279,0.228724470353697,0.115724915304622,-0.0933824602148755,-0.0495621865745582,0.056192555606232,-0.0265638051901533,0.0487226663354642,0.0911995609562345,8.24848659378908,1.64358305980948,0.554820384698699,0.757255041782149,0.566370676148972,0.3976630805417,0.331116554378429,0.343999320397804,0.271299401345332,0.316051085112353,0.236411117137588,0.278227429572155,0.21050539572603,190.47619047619,78.5631218503683,0.0111426781957043,0.0169751211013355,3.470125,1842.4648844603,999.15704331244
03-01-05-01-02-01-12,12,angry,-44.7942185640539,1.96020492020499,0.393012154624607,0.567339762595935,0.245833399169475,0.270951455056904,-0.0741885939260303,0.113924612208444,0.00244701703263402,0.0447512317725849,0.0433101962899254,-0.0393211477883282,0.205906867275758,7.30618647927099,1.58596165477358,0.655678365593577,0.765630922976169,0.581977182458541,0.315901813067338,0.485940266706309,0.293470839710545,0.290369915797547,0.254937447467409,0.216012314911047,0.261620075694336,0.236385623634726,179.775280898876,110.560625814863,0.00411654789670989,0.00579381846134406,3.737125,2371.09303256737,1289.98484120645
03-01-05-01-02-01-13,13,angry,-44.54682919027,1.74930007228075,0.247479726570287,0.633185960004547,0.277150148573361,0.207744920708934,0.101884602796191,-0.260201478265002,0.100027349174071,-0.198142791783627,-0.00129450454094999,0.0714273673643489,0.0291309657193928,8.21572390061976,1.60276906632112,0.563040219627398,0.924323074380153,0.617905188923523,0.44990077113997,0.422818890393366,0.492943292183769,0.309369819682724,0.361671869661994,0.345463507319545,0.233390434137325,0.271802956254261,149.532710280374,69.2581904600238,0.00664285867777098,0.0098886656781178,3.603625,2225.52095424841,1077.00492585469
03-01-05-01-02-01-14,14,angry,-50.7465608817057,1.10835343643404,0.305434238011271,0.385843079343611,-0.116453646760534,0.192181026871149,-0.146488379949988,0.025411461835321,-0.0461593773047265,0.0404566026051909,-0.0336320223546772,0.0406111290357801,-0.0687547135391718,21.0644929434107,1.50000770241727,0.706201626184711,0.71772427510513,0.640858123485831,0.349769706551662,0.390547909706692,0.302602588725525,0.351809996105352,0.328236388783474,0.277392540691048,0.298093010415232,0.435426485276703,290.909090909091,203.861003861004,0.00750160744826769,0.0123066171341534,3.7370625,2336.5932860222,1497.56316935521
03-01-05-01-02-01-15,15,angry,-43.0218169287048,1.89480952386644,-0.10270878028282,0.737510501228897,0.0982953912799302,0.177567616360251,0.176781800030039,0.031014310145519,0.0584953321352723,-0.00654650905299674,0.0578314603055581,-0.0338219064297543,0.143553452422573,8.18075782048973,1.84038438838066,0.807132156942126,0.820831987540141,0.576146965463242,0.318171755215749,0.374059399337714,0.344298331719067,0.246125405525345,0.308425832139929,0.257280140310664,0.242242003024008,0.215972909893463,153.846153846154,150.406970079101,0.0100293874118238,0.0143179395857259,3.70375,1708.56053247966,1141.25696800571
03-01-05-01-02-01-16,16,angry,-50.9930672091753,1.46520304416902,0.352928820522577,0.341634842212551,0.0933099999968714,0.212897560035449,-0.0686577438432169,-0.0257960074578395,0.095314087398046,-0.0416662418498107,0.0405193139551491,0.101940187306828,0.0285045437182611,22.1102854519731,1.73460338998312,0.742947363639757,0.860670932112998,0.640995896166282,0.386762644222411,0.435845774156575,0.322475301034063,0.270843070890118,0.273673396164463,0.249231571355979,0.249984757274282,0.253470277679496,230.227743271222,179.405034324943,0.0106941005793563,0.0167223155361174,3.9039375,2135.33090013781,1642.32349588794
03-01-05-01-02-01-17,17,angry,-43.2512450865605,1.79742692631615,0.00847753473638983,0.656263158786016,0.0950595963455134,0.498057061055768,-0.0425030992007236,-0.153722288086336,0.147012842214283,-0.216892494111413,0.160205579513085,0.0449271883356114,-0.0475862718740837,7.2979050786819,1.50932848365096,0.801091213339355,0.801462343313824,0.736852076808102,0.378610648964165,0.372731765208709,0.392298537344821,0.28627541564363,0.39382966541206,0.335618228105771,0.274271685373513,0.220392506462994,125.984251968504,41.3543551305247,0.00797445231411961,0.0133757143849254,3.603625,1892.00799151233,945.589450025578
03-01-05-01-02-01-18,18,angry,-47.7362520600494,1.64198452604882,0.158701809484999,0.366162145171279,0.0225532898057015,0.290732844741924,-0.0488501396418324,-0.138689029203075,0.0682235591825579,0.0240515463676834,0.0105007754636367,0.0320084376278935,0.0998095162077622,15.2828659326431,1.83938340127115,0.950824401359345,0.694514807450117,0.603658729927936,0.359670998673,0.392272863807103,0.376113643571635,0.331371234746765,0.321688546564995,0.282078775454551,0.230545069959505,0.283385235538439,262.295081967213,192.713038241494,0.0108849496974008,0.0161931582581412,3.57025,2458.22463364932,1463.98393254273
03-01-05-01-02-01-19,19,angry,-45.3081789465059,1.53909829210526,0.354325685345621,0.448146102926468,0.259482778820898,0.174067714477275,-0.139509106414537,-0.185138347511413,0.189264448802546,-0.0235091951055447,-0.0978804291721852,0.0813426686891133,-0.065806275513282,6.9349851295222,1.76652383968408,0.888746068885259,0.73077951413526,0.637634281976634,0.384187124324286,0.384921547928597,0.381993891918792,0.280366295782771,0.321445231178875,0.319988409095171,0.260309105379414,0.246413639990689,156.101275461641,140.15767738706,0.00453072733296999,0.00995787272441963,3.3033125,2130.68083543225,1079.85046899825
03-01-05-01-02-01-20,20,angry,-50.0740140791654,1.20393101160514,0.207829042771322,0.40539430336642,0.0298829988688167,0.102459869835489,-0.227622084335304,-0.0258477122308206,-0.055158442254671,0.0685809539945903,-0.0268543461329343,0.0146961212961142,0.00179845731590694,18.6940975626051,1.54196485208342,0.662142803181395,0.68590173202441,0.519602050766708,0.272406654813189,0.441654745270884,0.274545020276263,0.355443258416047,0.351396186894426,0.264097953474229,0.21922046338439,0.262300153995511,213.333333333333,169.509043927649,0.00377452004775233,0.00587394198700446,3.670375,2423.88887737572,1438.26553998809
03-01-05-01-02-01-21,21,angry,-40.1911950190137,1.71218776436661,-0.0888422934814959,0.828976077618033,0.06531732965614,0.286117575513183,0.0316404008235967,-0.388813696154945,0.203991096979969,-0.0990202004542893,-0.147024603056663,-0.0426461751825903,-0.0254019270003541,8.23436670632246,1.46059951829851,0.880323643294741,0.93589874629018,0.739125325029582,0.447509845141037,0.530910530030706,0.499808906362442,0.358110155859831,0.385708416316204,0.311051391107441,0.262033659250852,0.26329620575985,163.265306122449,70.9677419354839,0.0319987951012642,0.0501438133980943,4.07075,2265.69107770218,1017.30614059791
03-01-05-01-02-01-22,22,angry,-43.5904129614228,1.86667770805757,0.15098219256318,0.407630094656551,0.169098377534365,0.10662185267458,-0.0277467849943916,-0.167851182128212,0.201580560981706,-0.0436431918457231,0.0592629769309619,0.0370289128537191,0.0939276056987588,7.39709929420719,1.74163457808749,0.879458422058405,0.953585822846032,0.648602404585833,0.465805759753623,0.513322583990405,0.397175212286835,0.330609602116438,0.293074949563577,0.300602830876203,0.273685799437073,0.252185040871538,196.326407708522,159.54415954416,0.00658782621331637,0.0102146746576198,3.8705625,2358.13078149396,1251.5321360734
03-01-05-01-02-01-23,23,angry,-47.841575403012,1.65276138692409,0.0231058381118527,0.465077064174846,0.115673766375698,0.173552263472894,0.17094464788584,-0.050518559984597,0.0529162266947762,0.00188069293233453,-0.0208701166130163,0.037696690962222,-0.0019726396233872,16.0889710190647,1.70639172720098,0.785871287332767,0.709553557858222,0.525116556904733,0.360629677444208,0.374742461694652,0.453600150231966,0.287874292691751,0.319074343024116,0.262427918603548,0.251716162507343,0.236081679239095,225.352112676056,117.446227381359,0.0122640377245823,0.0201317327079795,3.2699375,2222.34827043923,1219.33153626968
03-01-05-01-02-01-24,24,angry,-49.4410185262062,1.45901529718616,0.0558507841013975,0.455796684187554,-0.118950068889245,0.202414873961577,-0.197951066186486,-0.0475161312718607,-0.091427605761537,-0.0222805262745772,0.0965747486960592,-0.100655682456926,0.073119658359416,20.4803255074734,1.61237323704433,0.993142475226674,0.832552472246777,0.662621702120936,0.307239444532675,0.535807759330567,0.305803638831542,0.330729248899023,0.244937103550227,0.330498726754269,0.267447244194995,0.286159100500412,223.787167449139,61.5384615384615,0.0113847322548471,0.0197473963694303,3.670375,2168.37234347014,1415.60632802354
03-01-05-01-02-02-01,1,angry,-44.0871293277619,1.54655472591679,0.155693944451109,0.504969313431695,0.174603546255593,0.227603233424171,0.061934669754249,-0.252026478640672,0.0271140754294037,-0.151039279394163,0.0321148524850139,-0.0463233172812761,-0.0320189329115749,10.8937872869751,1.75118766388628,0.825879074067109,0.718889789098409,0.71195713930032,0.340763339411699,0.453030139608199,0.542276321984427,0.292854105806865,0.337885492530748,0.299511028690348,0.25359347818719,0.265263454424518,150.943396226415,294.501397949674,0.00994587621691925,0.0154869603086096,3.7370625,2433.54671802955,1222.23956584481
03-01-05-01-02-02-02,2,angry,-49.4221461855889,1.47958730569903,0.106990812261734,0.36959647912186,-0.055703733820894,0.217947152903525,-0.189404600407425,0.0619760095251531,0.00533424421895881,0.0945297733851578,-0.0723616602471532,0.0869890865250209,0.0444259258973918,20.5630640590247,1.46907156730002,0.850317456234944,0.792623826233202,0.618349364008121,0.411064322014034,0.523816185055434,0.307004523805747,0.327052435680278,0.304995325839561,0.249019473339393,0.21553235616418,0.20409646308983,248.076923076923,123.784261715296,0.00746631277160288,0.011851897167438,3.8038125,2121.04694283328,1344.56915087557
03-01-05-01-02-02-03,3,angry,-39.6202932092312,1.80779165211388,-0.0595715941794729,0.670793082984353,0.25187074825311,0.131188317340478,-0.211665812346361,-0.0328777976897694,-0.150016082597429,-0.0735537226538529,-0.0421291934570759,0.078091508392226,-0.198394803621126,5.6632365635336,1.55855564394061,0.80972319263596,0.77993980604464,0.522673721972637,0.517931858979975,0.388456785750617,0.349645363880024,0.359091893448702,0.355925308433853,0.353323283720289,0.318231018010249,0.274512998046586,158.415841584158,66.1992874382255,0.010464733717269,0.0144832698235561,3.8371875,2241.50140431366,1038.93698745913
03-01-05-01-02-02-04,4,angry,-46.7091128103825,1.52689106827951,0.207831966107337,0.340877123520733,-0.00701340352024088,0.16713256587704,-0.169680429887051,-0.0470829543175991,0.0969030732664907,0.00876081653730046,-0.0850490970771276,0.0864666417465989,-0.0255482604806054,14.5534348047944,1.52210270639675,0.826002576950775,0.624365432699515,0.538090606323028,0.39599980197284,0.404327719275309,0.338176788148457,0.32604884870228,0.212167302430794,0.255057061281693,0.250043143060172,0.264292229268936,258.064516129032,167.619047619048,0.00711661336706768,0.0102972016187494,3.7370625,2511.90371368243,1354.14460090272
03-01-05-01-02-02-05,5,angry,-43.3403763240181,1.96826040158223,0.123098146589331,0.610745708656298,-0.0132465619847944,0.170564630293389,-0.0614833777925115,-0.152266295113883,-0.0426505555653429,0.135522712770581,0.00445297586299135,0.0222146511046219,0.0683461749433086,7.09450029528924,2.06493947621125,0.81663500507587,0.960094159964387,0.877955191298315,0.393059782452984,0.43495057665654,0.419673110299221,0.278766441444133,0.303619965387423,0.284413263484682,0.269312335091547,0.251653618115327,134.453781512605,150.522648083624,0.00538905841950883,0.00675365164783403,4.4044375,2085.93106621884,1278.34075166319
03-01-05-01-02-02-06,6,angry,-44.0757290417142,1.45743776377989,-0.0426996652075199,0.568172785427157,-0.150178024044348,0.0780496709067598,-0.108684118043994,-0.00533951730007761,0.143289324011149,0.0522633014729586,0.0404366161954424,0.0494468441505488,0.142297075389347,10.8746561015515,1.73095937732185,0.854287599144024,0.874117032755056,0.747805305874761,0.34642444161213,0.431609236447116,0.320106924222882,0.339972601248994,0.272301455895039,0.300513075485324,0.297657406571378,0.307196205874455,275.862068965517,97.7777777777778,0.00701503439689362,0.0113114963073262,3.9039375,2571.46293851103,1345.2969052236
03-01-05-01-02-02-07,7,angry,-48.2332146865028,1.57112213218251,0.282399387856895,0.668865297517859,0.000740915384715243,0.0744826311823037,-0.175711561606145,-0.0418393319872418,0.0342457000003091,-0.0890157664487232,0.176777096366033,-0.0578011486665733,0.0763471382017299,19.5789707689995,1.70619948213346,0.691784845125834,0.973710782647842,0.769076671016274,0.33943338191704,0.417524808444948,0.321293858909001,0.348468318749513,0.297824043034054,0.305128591109812,0.260625708990261,0.221145231400585,158.415841584158,375,0.0101142697578708,0.01475349585524,4.004,2006.82055342844,1384.3476662459
03-01-05-01-02-02-08,8,angry,-44.1423308098615,1.92499145349327,0.614329048701422,0.508076691356062,0.101832852226895,0.418930400147793,0.116094120274785,0.0457393978257365,0.0686309017329008,0.0228008933868262,-0.0253661285623452,0.0801592503453619,-0.0236607127139614,7.15195031229264,1.65640330451612,0.644902840944581,0.733067790187725,0.576958642627571,0.405164692411239,0.322445971281744,0.327530695084115,0.257958245026694,0.251512297436264,0.261200052874538,0.298228902791867,0.245508481776152,222.222222222222,133.030990173847,0.00819978958541518,0.0116786870011225,3.57025,1697.10727603967,1117.66358014847
03-01-05-01-02-02-09,9,angry,-44.2826212062871,1.67211204864456,-0.115093908428037,0.912994836645895,0.416145721267542,0.209729422528704,-0.0293262465644751,-0.149224221967408,0.120298023817994,-0.119209053663266,-0.0731596517793633,0.0900623154098583,-0.11160141290982,6.60628670490337,1.93213252158996,0.786468880503772,0.782048924913731,0.457298251180055,0.441257647583576,0.351021146390719,0.408503817945149,0.30777012287681,0.289145085038849,0.250020943465018,0.233550741000849,0.295846560951502,126.984126984127,44.1866887600111,0.00374058733343222,0.0049822502333987,3.536875,2152.34390326349,1070.76476582279
03-01-05-01-02-02-10,10,angry,-40.1546653877174,2.10404423218645,0.00755033527586488,0.643670179790094,0.125054149594843,0.230196256391097,-0.513603972559031,0.0611539235148358,-0.0447026707016989,-0.029977019856567,-0.00462516682382375,0.0327427941163445,-0.0362007161575332,6.45661258216126,1.93116791450644,0.968869412809107,0.549259763497672,0.623063295322668,0.38810966518084,0.491912427056372,0.472365291264275,0.318767822036437,0.274471315629747,0.29503994240427,0.246799745966879,0.32624954349079,202.53164556962,71.8188914910226,0.0145751310053862,0.0182078252786664,4.1375,2118.03057097381,1219.88558535119
03-01-05-01-02-02-11,11,angry,-42.9871333224729,1.91478963287992,0.637790382909623,0.366666786914379,0.261558787470403,0.218813974868817,0.136357945028869,-0.0796647212949304,-0.00664108662769071,0.0795643366263364,-0.0272272018809685,0.0244115166823199,0.0505935360575509,7.98748281149762,1.87255236013378,0.658467814038426,0.727656808200126,0.597553117291824,0.38155543989814,0.319147491332469,0.346902284569569,0.28823327473284,0.277991370830859,0.246867245147452,0.305863312414141,0.21106925234739,168.421052631579,93.1392931392931,0.0103035660733568,0.0146871774415952,3.737125,1893.06779735236,1176.86329941406
03-01-05-01-02-02-12,12,angry,-47.5710480859751,1.77608691821449,0.240671794219946,0.505244095042614,0.11186916280626,0.274682526418393,-0.142639132994598,0.0762779545618645,0.00699002974884435,0.0349611971301208,0.0290914851548325,-0.0449605256755009,0.200084470284699,14.9085668463414,1.61222102884961,0.596090048356309,0.740953348882437,0.588489337396978,0.316770343664986,0.521233795408888,0.325166571174971,0.322953466703895,0.266703105823275,0.242209535245069,0.247799562839845,0.254508502527712,173.913043478261,123.164647184604,0.00446289739947331,0.00663551939575246,4.1375,2292.81177619507,1346.04218425715
03-01-05-01-02-02-13,13,angry,-45.2228450794025,1.65178192939291,0.216096779636402,0.553938173818605,0.204782971907454,0.176795781840832,0.0381856999984239,-0.261916734466917,0.0612378472065714,-0.152521728806442,0.0148219545465087,0.0429035737566058,-0.0136570302217754,9.86258288593478,1.60389006611722,0.578187519173851,0.870425045700827,0.616741468350222,0.441290772626405,0.335133669546167,0.448433137626416,0.273302656956278,0.341802887423311,0.351356594971394,0.21667490323343,0.282139576740575,164.965986394558,55.7426547439322,0.00827351435713652,0.0126938049532021,3.3700625,2268.0923210202,1054.93839516461
03-01-05-01-02-02-14,14,angry,-49.0721917504852,1.12630823043578,0.141402321897682,0.197540297215394,-0.151247984567455,0.114216613107529,-0.198232359611575,-0.0635373360326479,-0.041145653442912,-0.102571372833295,-0.172876420581788,-0.15449434119234,-0.134827354469671,19.6826881106975,1.57878209682483,0.687562031683304,0.76067809666422,0.61226445187677,0.359838241193068,0.420271649638468,0.368594151163095,0.386209381551808,0.396619001019902,0.495421707183132,0.364569520115322,0.394767538751238,400,233.333333333333,0.00783965927051319,0.01217552733268,3.9039375,2421.34378334904,1525.22410482717
03-01-05-01-02-02-15,15,angry,-43.1052287833945,1.69267708745046,-0.0177211255052945,0.625864980603332,0.0230384462384473,0.193383333775672,0.120962789685272,-0.0317167034452248,0.157559585378852,-0.0687139573912309,0.11160489006535,-0.0235048329662299,0.156965001639999,8.95576777263076,1.57262005760717,0.745263788861597,0.786356123584223,0.673465363842284,0.353753826273606,0.409061067854965,0.424091782813121,0.255765881087011,0.31837151338104,0.255785647895834,0.267516769099608,0.23537477116142,191.62363740677,96.4483545128707,0.015803138780958,0.0253102151957974,3.536875,2023.84083649778,996.942649483784
03-01-05-01-02-02-16,16,angry,-46.24859767869,1.53625961812798,0.384648399768483,0.577930000131553,0.0649606206547421,0.204114955196837,-0.122861714523749,-0.0100195989480599,0.129662739446911,-0.161094410060459,0.0497553517831485,0.0954988692613959,-0.0153180930225195,18.2479092894472,1.60746728328087,0.771309872241268,0.871622355981448,0.698665413518941,0.406954038775568,0.51485412605908,0.340861698681639,0.313894693851546,0.29397688770455,0.279350792718138,0.238509883681524,0.208048018832449,228.571428571429,142.222222222222,0.0160106728768325,0.0245554911367569,3.9039375,2243.69185675879,1431.91888438165
03-01-05-01-02-02-17,17,angry,-44.0506776515694,1.51574095492616,0.179933388626987,0.6734532263754,0.26417584120777,0.443619118983027,-0.134637875193403,-0.00824560277044787,0.150884669602136,-0.217547465019879,0.13976786165637,-0.0242754628586041,0.0155088176243963,6.34356608590656,1.82269289265585,0.696533762756818,0.654622251596058,0.619237530238085,0.357242291838825,0.363075646926995,0.335925470318611,0.280403124095827,0.337280488010704,0.292738305685065,0.275364648846568,0.235238607775224,108.843537414966,83.3897387302017,0.00449512539936836,0.00757474796514795,3.536875,2134.3470450732,1070.37244260052
03-01-05-01-02-02-18,18,angry,-49.3822225657203,1.68845099036095,0.0121597549732039,0.308702702649267,-0.0611881671791238,0.261953687308571,-0.0294642355510948,-0.133097151591555,0.0450243524570488,0.030215342398612,-0.00732974082953443,0.0260133339528091,0.0662626296154688,18.2985166501495,1.7930983774596,0.873492086666212,0.769528893664198,0.530105717845519,0.400973519554662,0.359276032510339,0.304639319637723,0.278143900438764,0.261602778825369,0.256915847423824,0.25004548382938,0.220006864559471,242.424242424242,155.555555555556,0.00843418734881866,0.0117555298061547,3.637,2328.63367435489,1500.0640477989
03-01-05-01-02-02-19,19,angry,-42.8890142008947,1.92036239008961,0.554156414565395,0.558194147203883,0.161711154570537,0.285080118913691,0.150828600972783,-0.167517694406929,0.128266842068957,0.0302083394785851,-0.0908489716294035,0.036431792091104,-0.00749367250812589,6.95473130571855,1.73805404315147,0.713718229376391,0.848016964031166,0.730216597186316,0.444716404041281,0.370861389064677,0.424360620463395,0.347959198536773,0.317782133184069,0.307936000764417,0.235944288955011,0.235305555326296,184.005287508262,269.905533063428,0.0089775312296571,0.0133996170355544,3.57025,1712.08999944697,1136.31691830198
03-01-05-01-02-02-20,20,angry,-42.7494445074873,1.41523508417954,-0.0184062314364797,0.381699342127585,-0.0122976582716122,0.107300801364633,-0.159826466581111,-0.00455532072097593,0.0411804411314815,0.14091103549821,-0.03284705895579,0.209486490933105,0.0834381607696556,10.7201465989814,1.47224660409159,0.993741972962613,0.745219998409881,0.680465368949318,0.483169967364737,0.45579752364611,0.316300242743196,0.304552773619442,0.347557180608911,0.285029446053988,0.274757962063641,0.268125337098051,285.714285714286,165.079365079365,0.00835482562258198,0.013801986685976,3.8038125,2506.2520064504,1208.89105453951
03-01-05-01-02-02-21,21,angry,-40.9663818606316,1.79481853545471,-0.102355873820433,0.872543502432903,0.0547259040272265,0.27827451145439,0.0708371616065314,-0.395448360296287,0.26057198782658,-0.0972973138818277,-0.127441337235912,0.0258200761881714,-0.0189567606642342,9.01385471494255,1.45128126196638,0.893776460852056,1.00894641768129,0.735582679716894,0.450371792275308,0.524946343306363,0.587633342910212,0.355702774085071,0.372591678175483,0.311558140650043,0.274376002414284,0.24970957368173,172.043010752688,80.0950279993212,0.0301434847866961,0.0449250403278873,3.9373125,2249.27554519476,1033.55529083034
03-01-05-01-02-02-22,22,angry,-43.072767331287,1.86209825862059,0.207471730700792,0.445677887286375,0.14142919720002,0.169256087782631,0.049803401888562,-0.191581845130859,0.196928393358079,-0.0401410414494633,-0.00972373735782059,0.0463824629887594,0.0703927712705027,7.56329534201073,1.756446409691,0.854179778496251,0.903567101795219,0.658860837079784,0.410033490133311,0.499871501219043,0.398499128322286,0.311485801382996,0.266316023531543,0.316187797015564,0.257720579173431,0.268652726300306,196.326407708522,133.912763560277,0.00780465695634802,0.0127378741959018,4.037375,2356.27615559568,1262.065291237
03-01-05-01-02-02-23,23,angry,-49.1837018028204,1.50182562422747,0.0738796347196186,0.426275846305466,0.113370072814645,0.0871699646889142,0.198686292186003,-0.0778145241662605,0.045594195817781,0.0546095663227915,-0.0446962694060149,0.0838551607893274,-0.013498032477635,17.5171411516486,1.62830992932603,0.70826254308443,0.728555251968163,0.470719998679781,0.374032816770945,0.382230115751231,0.450403870853568,0.268648589861905,0.265701178191661,0.276756838471639,0.311940347624835,0.224392631963882,238.805970149254,112.770599093808,0.0120902635940691,0.0189545217576269,3.3366875,2407.65447461286,1319.39153959689
03-01-05-01-02-02-24,24,angry,-41.9289603475029,1.84847376708522,-0.148629280724898,0.466293230266286,-0.146753668644824,0.0301871097847079,-0.354923956748645,-0.0799054736450167,-0.0120416744165822,-0.00127811506639196,-0.00109992836313722,-0.0824907222449224,0.116874325179239,10.8554197281064,1.57144609516826,0.995756383137531,0.708220956709416,0.721822900495611,0.344897799332206,0.587798052952932,0.366682241961192,0.399473990363973,0.316501573669449,0.356647608903196,0.309435923890873,0.292888435725818,250,77.5757575757576,0.0161888513002997,0.023469517996166,4.2041875,2247.29630239726,1185.67150198829
03-01-05-02-01-01-01,1,angry,-38.5483291985114,1.26868394041419,-0.0307477306449787,0.282525836060863,0.174557289068919,0.14741134235882,-0.134399021710972,-0.146334165200151,-0.0923192369793739,-0.00608357327128718,-0.035798559341107,-0.137816254528735,-0.0828899871991381,10.8194183276059,1.14081262474111,0.631084502099044,0.607039312171469,0.749244152840677,0.337889357236339,0.400462841501609,0.352552178754567,0.356720978813243,0.288620491121152,0.276126377681431,0.342511796294695,0.33777187531079,347.826086956522,174.898785425101,0.0497466430478663,0.0738437874344702,4.104125,2471.80005783263,896.542080772251
03-01-05-02-01-01-02,2,angry,-48.4241761136743,1.19119556872312,-0.0343446593624773,0.345230994162318,-0.191241446632474,0.204024201194496,-0.309063538058303,0.0622889536629444,-0.0844773063874432,0.0567783175613341,-0.130222517707532,-0.0358347824699963,-0.101877120477549,22.4843297637073,1.50641623344508,0.849018023735611,0.734441189935709,0.693713538248364,0.417647605118642,0.594547966884809,0.432544917955929,0.355484241325943,0.285498529262252,0.394757232901652,0.368485742912488,0.422891667011959,355.555555555556,194.847775175644,0.0219941887608039,0.0364862393799715,3.9039375,2016.36281731961,1197.37686909675
03-01-05-02-01-01-03,3,angry,-35.4777793854405,1.26105856143237,0.0182356860566236,0.458819111887614,0.0329710448470828,0.347933644751852,-0.277476512007681,0.108243327986198,-0.14466638252216,0.0399501921548173,-0.0499928246442986,0.0375177243903607,-0.111870993555979,6.31553509600709,1.1607949640282,0.691995443764094,0.808922458121629,0.778317479991173,0.440170377040884,0.402365823309514,0.397420355243874,0.315313335579474,0.304027422098122,0.322818473822435,0.29452386973207,0.270435719988396,275.862068965517,117.117117117117,0.0518543456074064,0.0727983779681003,4.4044375,2294.01190388826,807.516058397044
03-01-05-02-01-01-04,4,angry,-47.9663127423278,0.860261557225124,-0.13660156461357,0.0989541017806776,-0.183322186934613,0.212897915936287,-0.337842506590069,-0.0555912457017325,-0.131516785380261,-0.0836694030223829,-0.296794425634005,0.001298084162742,-0.222451449066231,23.8852237744343,1.13602148303988,0.844059772272768,0.755054047889713,0.511894570827049,0.479897691336911,0.478456388485519,0.499506791676884,0.383208741233134,0.377630815552081,0.41764636396844,0.449164918149945,0.501499852108904,326.530612244898,204.14673046252,0.0331385334035513,0.0608930049609625,3.7704375,2129.2536823622,1240.02582126944
03-01-05-02-01-01-05,5,angry,-40.7842131935566,1.3643749569317,-0.3698090441651,0.460503990101052,0.134416588187343,-0.0814922499257198,0.0921871569026965,-0.196395591419607,-0.0242121286789165,0.182852945483898,0.0189314811517993,0.140691173194144,-0.00422428901706557,9.93611409826314,1.31904369046082,0.669019265208313,0.773777006283533,0.577866911650745,0.494736744932376,0.421692946862786,0.464314858643665,0.306056448678908,0.319394846812763,0.277269150918738,0.286378196952132,0.264286417210513,296.296296296296,118.203309692671,0.0357537543034731,0.0594398847466629,3.4034375,2314.34552562071,819.592620088592
03-01-05-02-01-01-06,6,angry,-38.3568350196707,1.06685193359333,-0.865041513953424,0.247177596352817,-0.452885530724374,-0.118838916582812,-0.512490509820399,-0.326876208848869,-0.221352743494486,-0.225150262739651,0.113367337406677,0.208870782730371,0.192578009654974,8.80029534592671,1.21613763941087,1.17974200891758,0.645409649365147,0.757623259976362,0.437555641011573,0.595592294797349,0.563267521506004,0.614883517947895,0.477118218383727,0.479181474449341,0.592136224229739,0.51462434596423,301.88679245283,351.851851851852,0.0635461112899464,0.0984119520983779,4.104125,2476.3409652337,871.689950792285
03-01-05-02-01-01-07,7,angry,-39.727112244615,1.85164042100799,-0.0772849597604764,0.835825603115263,0.101703061406593,-0.0866695659625299,-0.147267706015589,-0.242161045349792,0.0638165914105615,-0.182460623578085,0.126057509797176,-0.0209206466034551,-0.00762508894368479,7.215168864099,1.19984006702247,0.734212543612153,0.928530467431677,0.640762893311418,0.449996351066969,0.540324001804398,0.41507853421547,0.341465878172775,0.276144304237104,0.307454121327818,0.222057374391384,0.24250765373567,242.424242424242,142.857142857143,0.0213391996798772,0.034636736039839,3.603625,1466.21782706837,953.189046783232
03-01-05-02-01-01-08,8,angry,-40.9305282198144,1.84320144177412,0.0222819826198152,0.29459062531957,-0.274939671888386,0.487569721944133,-0.0360848923855522,-0.0479802041000779,0.0287163428026661,0.0407824829871975,-0.016169946917677,-0.00559690532051295,-0.0310917645020047,7.60179832374151,1.5506169785975,0.870133604666348,0.996605478069515,0.679691735283617,0.487223568604165,0.409930141831048,0.354340344097001,0.257738983872198,0.315840088417278,0.335103905526768,0.275497005416932,0.26890205085712,301.88679245283,214.285714285714,0.0204588383894456,0.0316502972633048,3.970625,1774.47932225159,858.146565481924
03-01-05-02-01-01-09,9,angry,-38.2809135958221,1.68902088154829,-0.483056098664404,0.625784166878248,0.17968698312696,-0.026187601605493,-0.290495878281234,-0.163214282525873,0.0715475532290859,-0.0250397789723155,0.0205229975859399,0.0884688103181668,-0.0275094507897689,8.77604757868288,1.29130217057124,0.728948420875828,0.617626482675223,0.763921522540043,0.585877318552447,0.524301197575531,0.370405180772514,0.321187218744166,0.310669474402389,0.325069056982612,0.311069874909455,0.363420756911939,347.826086956522,203.703703703704,0.0538789536675455,0.0806597980312628,3.8038125,1789.56381876454,751.792286622672
03-01-05-02-01-01-10,10,angry,-38.5180642786906,2.06258807760262,-0.359051612349404,0.644061200832882,-0.0163487538159086,0.319249550528738,-0.485552228531264,-0.246035816287762,0.0760023360891805,-0.140207050696017,-0.0156278813387783,0.0227195281628179,0.020160675058141,7.72352972552211,1.30795584419423,0.79997500135982,0.978882243011518,0.704529159464142,0.357069695039396,0.54295185828767,0.598413568564558,0.388521108463434,0.288140345096798,0.30979067193193,0.280356832066936,0.334949677496793,275.862068965517,168.021680216802,0.0469843177609325,0.0748850318955193,4.170875,1906.98771535648,769.130303659511
03-01-05-02-01-01-11,11,angry,-42.1880400898551,1.72439608912199,0.49852523608825,0.434344214061836,0.0876333322027971,0.134092566367277,0.246377219757017,-0.0287089469202684,-0.0422778944656869,0.0965392090073002,0.0297095004691792,-0.00102566921751187,0.0472969467265193,9.34558632003298,1.40950696649535,0.504409334580225,0.736339067654011,0.577126940463056,0.382724933943952,0.327742933139462,0.347387744318017,0.270370429213833,0.264522230520638,0.267225153194947,0.260026166056077,0.245750610515329,201.26582278481,302.167182662539,0.0215807976690986,0.0317363997583204,3.536875,1904.22391670835,880.511950390848
03-01-05-02-01-01-12,12,angry,-44.1913027156219,1.67815791263068,-0.0913461096803357,0.366581684268503,-0.0407867406053444,0.262411667445207,0.0284699785653962,-0.00604895687543041,0.0536079290733742,0.0312032994402537,0.103359753743899,-0.103997981893294,0.180265925764971,15.9602506799548,1.41807088221605,0.750813271739405,0.805244230896565,0.576917110180893,0.321243099707966,0.401009956834948,0.362111788557908,0.309736195988288,0.260916327760999,0.31320973268173,0.283122019323478,0.307970409590293,285.714285714286,222.222222222222,0.0214104647799419,0.0394191815150298,3.637,1764.16748389625,1069.07727085436
03-01-05-02-01-01-13,13,angry,-41.0239482201617,1.16234312673969,0.0336441798567372,0.210626392359053,0.116545219264612,0.0184213215852996,0.011516080901472,-0.0892902547356538,0.0662584085308601,0.0671636271732111,0.022298293056867,0.239273937928916,0.0120745514038363,10.2357977697117,1.07578572332366,0.673327521947704,0.799324784314577,0.645429391961493,0.460130708464254,0.367245612371414,0.328282219328715,0.305146174703731,0.256063636377694,0.267784280829523,0.228909693938887,0.286471214256014,326.530612244898,69.8412698412698,0.0488867564832853,0.0862911670973788,3.670375,2278.64238991821,731.162347430184
03-01-05-02-01-01-14,14,angry,-46.3245146672077,1.04549914418478,-0.379900669937713,0.134565245291716,-0.489097836545579,0.125310371187809,-0.346169497645914,-0.0571167732731837,-0.302854442593581,-0.137705181259396,-0.252422547962397,-0.106527367736454,-0.0415611983768012,22.5813298250735,1.42823632401474,0.87516916613418,0.856482029541714,0.834842815012334,0.482156579965908,0.529082247973016,0.342274968770581,0.467174976654664,0.362781062107328,0.477502472842554,0.32940175044466,0.386458664061342,484.848484848485,237.704918032787,0.0441813960963447,0.0762956203427256,4.2709375,2214.56265523442,1231.73761546364
03-01-05-02-01-01-15,15,angry,-45.0635651693554,1.3993701137295,-0.0857790643274784,0.468961663372291,-0.0363112647601281,0.207680825368382,0.0966957590948247,-0.0365418080921091,0.142188499859479,-0.0396556932635707,0.0859381189868602,-0.0108446121408324,0.0660555058697988,12.1317928697895,1.55375772945285,0.744485572440204,0.768526261612263,0.702531053838349,0.363556649319781,0.404272415824783,0.407185352564072,0.318126396382932,0.31132092766237,0.278062018924907,0.279819217498569,0.295836897401943,235.294117647059,103.525211958947,0.0188201992373234,0.0321480413919684,3.536875,2517.07545578122,1081.04460231218
03-01-05-02-01-01-16,16,angry,-48.446891304561,1.49979943727777,0.144757972095575,0.487892297163343,-0.185164571653487,0.201639654251821,-0.158445021387373,-0.0105427984025036,0.121640937172018,-0.15929464785634,0.083681923302778,0.0792077453884079,0.0998873424273078,22.0316768891567,1.55291702914023,0.857276358465563,0.82258322158964,0.726109585824367,0.428622190755753,0.458518822507132,0.346927914101234,0.331104581085469,0.280001547996693,0.275478299720276,0.282381045600628,0.274752575150891,290.909090909091,155.876807039598,0.0224383204089091,0.0396012026567264,3.9706875,1957.4307751998,1238.14398737969
03-01-05-02-01-01-17,17,angry,-41.0472624126849,1.4569829216179,-0.2208696445698,0.723889755151003,0.216795224568643,0.486015182306109,0.0331970202032353,-0.101016252414949,0.178541274382713,-0.216641371370826,0.182434711386474,0.0218797270964444,0.00494676288817082,7.79703570288912,1.57274796040522,0.706602679523561,0.741947861005612,0.677870910697001,0.31109416913534,0.359060331273116,0.420651887929593,0.330778064846242,0.370111791656029,0.322747697446515,0.262069632006545,0.263266860004189,164.106879865348,211.393273850377,0.022815406868407,0.0431769706943155,3.5035,2039.04358169225,864.929956354515
03-01-05-02-01-01-18,18,angry,-42.6688006862676,0.543474664888785,-0.520162162624401,0.0924114247039889,-0.296014036482841,0.0226918986710953,0.0104207219134279,-0.144499904810313,-0.136023125083309,-0.258307190843474,-0.38806540974243,-0.322428783443899,-0.0652222280064348,10.692235666094,0.838050141195415,0.790223223794305,0.693222185937766,0.541436620312248,0.361113655918675,0.44554995988547,0.493478572890862,0.438352353159464,0.510132694949185,0.587326569697675,0.627590650916646,0.459634685996456,470.588235294118,246.031746031746,0.0486923107993539,0.0889721379825465,3.70375,2896.16079047599,726.194240872117
03-01-05-02-01-01-19,19,angry,-41.1556048179402,1.20748078205248,-0.157097381923948,0.455447167727419,-0.0322894933130651,0.112032597560183,0.120591075992229,-0.331058841643772,0.120390203399073,-0.00883904928761879,-0.141520487471657,0.17470979621129,-0.0992047916645427,10.2025818015079,1.17974237431896,0.792504788458409,0.78400896015286,0.763600776670812,0.484434177567554,0.414319692323665,0.473471482023503,0.320148139710732,0.317848726617789,0.310205171043638,0.335199927950685,0.285594698146954,313.725490196078,115.942028985507,0.0350092469978973,0.0568253120330703,3.9706875,2372.35959277597,847.587886031695
03-01-05-02-01-01-20,20,angry,-39.2492922017889,1.16486884344277,0.298084600720191,0.469078783680743,-0.105405084108979,0.245136302499585,-0.189006112998855,0.0611498818908465,-0.128574530798483,0.0117671110587994,-0.111333719485648,0.0295177755983114,0.0271314622433611,7.17416925366956,1.72090656173663,0.762731021074704,0.77568509681479,0.756710019138515,0.529572660600187,0.488679810773388,0.303899602150285,0.377933545421128,0.342115001864177,0.253768564421685,0.269783504230224,0.298332531831084,250,135.802469135802,0.0179835891354311,0.028575838919298,4.1375,2586.09851578011,1143.11809142712
03-01-05-02-01-01-21,21,angry,-38.2788172346518,1.60109038779345,-0.451004849388545,0.881396005268326,0.0286392207739578,0.0868903434138686,-0.0422281961621922,-0.417745946365446,0.222199512727165,-0.0738424349265382,-0.140268617514572,0.0566165920113713,0.0394619504192669,8.57728413166266,1.41868558463923,1.06555433862952,0.796829677267719,0.731513159983821,0.460250723541758,0.608875844524488,0.475672623261249,0.34713298525035,0.408698871886553,0.334088216039549,0.28965478321916,0.276574655738074,219.178082191781,70.3849175176748,0.0568997247601052,0.0875490842024395,4.3710625,2267.0073220256,834.081691290362
03-01-05-02-01-01-22,22,angry,-42.0946354104655,1.54962646177279,-0.0866637654814557,0.517318004784596,-0.00433228624458111,0.0774675536128757,-0.0911712398415413,-0.112454246187124,0.189776565764066,-0.0695288619594556,0.0393039677994291,-0.0569132216493582,0.202074347225918,9.38586007210709,1.49329875166567,0.824906027448421,0.955801363519357,0.664667155830649,0.407705907359322,0.44936900136373,0.311834893191488,0.377235354502266,0.284396327615088,0.352869519615192,0.258523687554458,0.270772530880202,258.064516129032,190.89282163452,0.0175022969667613,0.0272199282347155,3.8705625,2451.01063227985,1042.62710231208
03-01-05-02-01-01-23,23,angry,-44.5761581890636,1.4148103510946,-0.0711190851591958,0.304728828696468,0.0294726915849604,0.0770966359337346,0.117913061224792,-0.0404555335629606,-0.0168909422575021,0.0540019914786532,-0.0510520548414806,0.0666245502792387,-0.0658664637070429,12.9709485299143,1.38864776845807,0.529598306837168,0.6144112055273,0.507117367454219,0.363284506364234,0.357472185726401,0.340486894879352,0.305600962262223,0.27362339917607,0.300743180016063,0.295140180838125,0.307027483377702,307.692307692308,158.35984446801,0.0336332560316053,0.061218416183652,3.4034375,2389.32699045829,1008.24587811543
03-01-05-02-01-01-24,24,angry,-47.0328975476507,1.40453407138648,0.121027509130315,0.389437503366418,-0.301746614296954,0.22317206168357,-0.253105118831616,0.115769966050278,-0.131094764403769,0.0201863954821191,0.07282029880976,-0.0913412380077013,0.153674340459205,21.7343772136101,1.31655625620314,0.857595081419708,0.930161914133743,0.823801858861829,0.408090584316164,0.58333995686703,0.319904281423609,0.39469402598509,0.266429550664391,0.347566755897636,0.270350266310178,0.291686536688568,285.714285714286,109.401709401709,0.0287064803047031,0.0467150472821342,4.3710625,2075.45606600633,1171.90678587659
03-01-05-02-01-02-01,1,angry,-37.0700386706071,1.17974148748675,-0.0281031075665613,0.366348444477343,0.209237784240111,0.185535664265925,-0.000390019504476487,-0.292371500533168,-0.0374044471504186,-0.0376321711764788,-0.0304032383498446,-0.0206235828179587,0.029268113913937,6.61010253947534,1.66898304167799,0.662492050884728,0.798978816292453,0.769414327250866,0.384301121161012,0.511733833809552,0.475780365464242,0.352091131850338,0.274988700612051,0.312785317470173,0.32597829335518,0.28708869781361,275.862068965517,161.582158636651,0.0305036918928313,0.0442272034127417,4.3710625,2550.62186411659,1121.56401946475
03-01-05-02-01-02-02,2,angry,-48.6340324404623,1.23850845641827,-0.056622337464824,0.325793929834574,-0.218691898724279,0.306043132339718,-0.190627791962389,0.0768580023092736,-0.0517679800390216,0.119639027267877,-0.1046072632859,0.0382827839096297,-0.0101724159435751,21.875396207198,1.48946882353328,0.844754990340729,0.789891866844723,0.668987803913989,0.47265110935314,0.585737392848756,0.379651162020558,0.383523379318188,0.313903280656408,0.284885840458329,0.281416940467037,0.338847170604834,299.091544374563,202.020202020202,0.0173410738243939,0.0282899676481763,4.004,2095.32448510298,1210.95830445153
03-01-05-02-01-02-03,3,angry,-35.4586204558309,1.39321057969358,-0.0362489581567249,0.568024239983751,0.145170474696183,0.258369197158801,-0.271128417045762,0.0235492126966325,-0.0493937454332714,0.0297696443665627,-0.0664199210214643,0.0653443333461511,-0.0537756633502483,5.93790422174447,1.2194519773521,0.778649777933798,0.835203554273722,0.706228470580093,0.363966799589075,0.392035233407869,0.461842704104201,0.305042375286677,0.292726707258389,0.303932651846163,0.317401643264937,0.261275980934801,275.862068965517,114.155251141552,0.0478092947074592,0.073405700270757,4.4044375,2198.3397588385,817.680297048286
03-01-05-02-01-02-04,4,angry,-49.620001573437,1.07858720832857,0.0480725777360621,0.150398121322753,-0.113198179108441,0.197148755768634,-0.279702961550465,-0.00879446000342073,-0.0804048437710879,-0.0451145920269889,-0.182008483444778,0.13349829782587,-0.100054969726573,23.9565169440018,1.37413456360128,0.814619180750453,0.678272120402919,0.513988168299573,0.476682960281162,0.538368646163533,0.363083363975838,0.411431537317814,0.427496822696711,0.42447037398897,0.404628993924202,0.357587454678422,275.862068965517,167.832167832168,0.0252408588397835,0.0435341324029666,3.8705625,2063.73762339184,1235.2612526265
03-01-05-02-01-02-05,5,angry,-40.2749725096996,1.47470743636,-0.0865962899832891,0.503321055362289,0.118190396093312,0.0117319688084074,0.0178775289281601,-0.155889487835438,-0.0357264350845739,0.156773143522083,-0.00260104127294872,0.164941335277041,-0.12076983946447,9.22544969868074,1.48843257121913,0.657544858069927,0.720394209126742,0.573951793600166,0.445218950922263,0.367308292013817,0.420839733205151,0.314167507426107,0.337119570096645,0.287772849677354,0.248869618176112,0.2711492866914,280.788177339901,190.967741935484,0.0328533632650777,0.0517178649014761,3.57025,2076.53846193784,1012.59507412338
03-01-05-02-01-02-06,6,angry,-37.4074064973615,1.00462542067926,-0.891230286061965,0.31880051047442,-0.437639718120947,-0.131307616190937,-0.421753427950966,-0.242041381142584,-0.207997587495931,-0.264990065031642,0.0206296462565296,0.186848371004549,0.191756041485926,7.42089465345606,1.14006268593907,1.15548815476207,0.675157705244791,0.684411655672941,0.496679775899991,0.564518124516607,0.607238005830786,0.617909143467629,0.453349422372681,0.500816326379554,0.526990759720775,0.53758562457106,290.909090909091,227.106227106227,0.0581913952068141,0.0872907391384077,4.2041875,2473.77647027123,802.940217727317
03-01-05-02-01-02-07,7,angry,-39.0212798681239,1.39974123555312,-0.0196079828713155,0.848842732071469,-0.0635741647964103,-0.0468564971545861,0.0501150140901511,-0.145975032527756,0.131074390341566,-0.106954549533363,0.101084635252093,-0.0172993813941054,0.0291357002767077,8.33053211085627,1.2941328609386,0.73902178805351,0.968795864891777,0.811633549448846,0.461733082966562,0.460148086809595,0.317328578865691,0.336674696690848,0.293674455331685,0.290746915614501,0.328184340262536,0.282973711842151,275.862068965517,242.016806722689,0.0417445718994345,0.0703644723129216,4.004,1672.63391711628,1074.29824154385
03-01-05-02-01-02-08,8,angry,-39.8208820294946,1.54064064751659,-0.240051090972257,0.521112372949418,-0.308099774357673,0.353584350675027,-0.0635176733418669,-0.0172232544706949,-0.00182527252754909,0.00053315947539838,-0.170055750890963,-0.105816073871018,-0.241204790181991,8.31892700793819,1.10887972970539,0.901721209296262,0.796257857794057,0.76842783625237,0.478335892979633,0.384880020344157,0.383756604775825,0.366530261040191,0.35739881766066,0.319252204954065,0.428355925134909,0.507753848919947,333.333333333333,146.718146718147,0.0449400006781799,0.0843033673646261,3.7704375,1880.6580517223,715.531847660506
03-01-05-02-01-02-09,9,angry,-37.9327585152909,1.53113648994358,-0.491435030059922,0.687219812146508,0.0669287051263721,0.0765852198269914,-0.288756082222199,-0.176308092438436,0.000208011356749197,0.0482781422335964,-0.00259280721792604,-0.0117201881114242,0.0133553941682532,8.13432028226917,1.51646790832018,0.716985729694367,0.549465581839741,0.704425724491065,0.565694501863953,0.484610022484412,0.35872998603714,0.337168186945964,0.310677794890525,0.277597047949653,0.26101808413517,0.328744819626182,290.909090909091,297.674418604651,0.0429224556161808,0.0623880601986408,3.7704375,2119.11577396985,811.548727066448
03-01-05-02-01-02-10,10,angry,-38.1757560599643,2.21010876680899,-0.49938563477809,0.366568133174597,-0.00354244187104217,0.333619688100463,-0.373957495888936,-0.451203023674299,0.139492396101064,-0.108700339557349,-0.130974632035376,-0.224543695495174,-0.0296166107753655,7.80351541790916,1.18202328907991,0.698758956436051,0.95245986568211,0.813429460531918,0.422272659602515,0.577337196860204,0.588369414327694,0.403820120995618,0.314863098072134,0.397829591190775,0.498199664144592,0.384136541101542,363.636363636364,351.515151515152,0.0544544826793931,0.0763819938896435,4.471125,1795.36152151423,673.572460119283
03-01-05-02-01-02-11,11,angry,-39.4402816779636,1.58979465425465,0.214205336522344,0.285100474791667,-0.00355353128737946,0.205229792862608,0.188028176109631,-0.107334435031754,-0.120590924398106,0.0717624041204719,-0.0401339021378761,0.0375300073207958,0.012987916970282,9.3956209545277,1.28594910778774,0.598164492626107,0.741546728862899,0.662985403137062,0.503890706034065,0.371009507934761,0.372829967850935,0.289404155070403,0.302500164046539,0.322599781222518,0.337540361404431,0.331360041838265,285.714285714286,174.962292609351,0.0482047167629063,0.0661332595004893,3.970625,1931.48700988652,767.480428529013
03-01-05-02-01-02-12,12,angry,-38.535300846035,1.64465980593873,-0.300181082804888,0.355147825926002,-0.0183799680525499,0.286328470207564,-0.0496833811703741,-0.00269006299794458,-0.0212233302831886,-0.00817931907829956,0.0419292186325931,-0.202563650122558,0.145527918055418,7.68410727444722,1.17509776586093,0.762629919777587,0.773193422646054,0.62569123298023,0.329754192320142,0.392835147915142,0.384057161556808,0.392933524329618,0.286237805042127,0.348665236707347,0.407041217684968,0.397731351278513,333.333333333333,230.880230880231,0.0464550965717567,0.0764562022565901,3.670375,1901.31801629399,1091.66481657896
03-01-05-02-01-02-13,13,angry,-41.3125494410535,1.57021551037279,0.185571846647637,0.51478839330874,0.0989620889232002,0.017620770682313,0.168663225301358,-0.093038110792362,0.167990987685249,-0.0251103783759765,0.0400083052134061,0.156622018372371,-0.00893156429212565,9.08614051771477,1.31382984476558,0.724205686077677,0.881970905743909,0.633481804668961,0.435680949826271,0.325276838918132,0.36023164961414,0.289486694757577,0.32045029615188,0.260940393456059,0.241057809103938,0.229286421707628,258.064516129032,144.175824175824,0.0258884044618064,0.0424475041910461,4.2709375,1912.01399922325,829.180042147441
03-01-05-02-01-02-14,14,angry,-46.576186631377,0.912691390790306,-0.31419256231709,0.077013174547036,-0.536677757666917,0.0815768706503375,-0.4248691284857,-0.0354559869864096,-0.254542228381136,-0.0442123590838696,-0.177498946121239,-0.0536108554666787,-0.0143368690564779,22.1618270056653,1.32002762319007,0.839075448086259,0.774334346031076,0.835272154079714,0.530957329086717,0.539588343340159,0.455427661116044,0.533971233728802,0.515528230916076,0.501039868074356,0.390059753143786,0.429015527458364,405.128205128205,224.137931034483,0.0308352781082461,0.0528493303570622,4.3710625,2300.34857863513,1271.82701532649
03-01-05-02-01-02-15,15,angry,-41.8139964719527,1.73586929360657,-0.0840118459328866,0.574559353839239,-0.0821593422362307,0.244076413406168,0.110532056212688,-0.0546747481975015,0.12495446359645,0.0245080884966265,0.169398308557427,-0.0232455856059283,0.151110415139333,8.69674534637473,1.60348299942219,0.815675397953101,0.902700456984466,0.664994929652967,0.367050561182313,0.405677423175664,0.443895582954796,0.319300705325786,0.351400633080224,0.273826232544969,0.276707742207459,0.272596993485809,242.424242424242,178.420735382761,0.0228599004938319,0.0381658220254366,3.737125,2077.73859849813,922.383253524387
03-01-05-02-01-02-16,16,angry,-46.7648830666728,1.28838270948288,-0.0986983452010524,0.449492735788359,-0.186537862590801,0.260691077237595,-0.235171476555964,-0.105825611230897,0.140714709813211,-0.136272057862564,0.0735959624721025,-0.0269736619828762,-0.0456186780515042,20.5764753543082,1.52701734329534,0.918900216278196,0.80445640905942,0.746408813287297,0.444043177068275,0.441080926791651,0.405234025054472,0.328917224780614,0.321967739380164,0.326203209616548,0.43861047175057,0.427325922960971,320,190.47619047619,0.0324769381620237,0.0673741485207258,3.7370625,2103.98447149584,1179.07104157776
03-01-05-02-01-02-17,17,angry,-38.8667468770971,1.37973433208701,-0.159296289770351,0.750287338449025,0.0196318491243338,0.358934756062046,-0.047785264826383,-0.18766893934143,0.192604355081936,-0.247027911418876,0.193632277866733,0.0439452057610144,0.0058056877442688,7.94510824845062,1.53356377403064,0.689224690136213,0.72545978140828,0.675033374381302,0.372747448455647,0.358627635463955,0.39778981210172,0.355207587847018,0.331593941623016,0.294497511739,0.299194264030948,0.236846412578352,200,135.947712418301,0.0418528771791427,0.0707104345706614,3.7370625,2268.78962718106,865.110676937428
03-01-05-02-01-02-18,18,angry,-44.4277581920195,0.343642171235779,-0.491596497780091,-0.0928442391091409,-0.210738099890733,0.0897412153302803,0.00054195763630613,-0.0992770084177129,-0.318030169490941,-0.404741765361412,-0.311888205999255,-0.0439013690288143,0.28197818058675,15.3502069785684,0.904214116361117,0.823550746639609,0.625291373738692,0.493545527073879,0.425155928494074,0.458480009740487,0.624377633062461,0.417372592910966,0.587930830420448,0.599037862262853,0.555792175187535,0.582499008429257,296.296296296296,228.813559322034,0.0630921016404886,0.109196185137466,3.7704375,2864.04227530403,885.603046174007
03-01-05-02-01-02-19,19,angry,-38.0042634165654,1.24705539449473,-0.417749186863125,0.234643583894796,-0.206507564006727,0.0659418431407374,0.0261360816843882,-0.38781524810239,0.12210848973864,0.122716244770428,-0.13425666602156,0.20981775088145,-0.174382936221689,9.73820917645677,0.986338099303568,0.778566558338175,0.839947458316642,0.907800505313078,0.410168971280869,0.508466934417869,0.425179428076364,0.311657877915311,0.374449041393167,0.299626859666944,0.362212344020709,0.356637313438786,340.425531914894,105.090311986864,0.0642779063184334,0.0825515890359377,4.8048125,2151.41898879648,722.081167632363
03-01-05-02-01-02-20,20,angry,-39.0860765758145,0.947705147628082,-0.250427538489933,0.105882452026384,-0.403324963991396,-0.0270363998931122,-0.370647977391862,-0.157669226513994,-0.169782244447398,0.0284281687805009,-0.139800186214411,-0.15594420440252,-0.172472851860792,9.94065760682464,1.61631168030958,0.90010138621118,0.722039952137928,0.854165678850474,0.576829831353247,0.538115744490237,0.362014067801123,0.435854113671508,0.445247598864029,0.511655651047666,0.409612736043339,0.42327477832224,390.243902439024,292.207792207792,0.0524794658338611,0.0884537463345081,4.07075,2712.41626624868,1225.10151290905
03-01-05-02-01-02-21,21,angry,-38.4066099356466,1.5427864987447,-0.443068702395336,0.872563349420852,0.124787365429609,0.138188170293277,-0.0267334157212075,-0.358251726087926,0.240102706741181,-0.0494708461414862,-0.02828845078841,0.114058082350606,0.0488401223599575,8.93567211306972,1.34078754736914,1.08857643455368,0.799582729496876,0.707208518169015,0.381548297455938,0.570391102891057,0.479434467910813,0.327358897165848,0.382365969108245,0.318993624030188,0.259564434324738,0.268947261403886,238.805970149254,105.820105820106,0.0529261468206722,0.0745660422928418,4.471125,2328.40417020182,812.54760630105
03-01-05-02-01-02-22,22,angry,-42.0415783460177,1.77380744846799,-0.112244636086331,0.495649427715054,0.0824949303176516,0.124230914920915,0.0505101963722997,-0.190756291390226,0.179166182963649,-0.0625928908472889,0.038870719966816,-0.037689204809777,0.193778721704943,8.20143435625185,1.57946590961105,0.775358616751045,0.98980665009666,0.662394211465899,0.423152294073133,0.492865028035289,0.35463780692595,0.309455186097245,0.276779248122167,0.363013719678771,0.264482478878249,0.281929669669931,266.666666666667,111.111111111111,0.0169895429671664,0.0276494374273052,3.9039375,2223.62671336913,897.46786277407
03-01-05-02-01-02-23,23,angry,-42.836936674384,1.51793262478116,-0.057750335786918,0.320216236145894,0.0134348187736045,0.218185988399397,0.170839181900758,-0.00769806283606028,-0.0248221890399415,-0.0272694511324267,0.02068183225397,0.0348347762497218,-0.0598150816127841,9.54089036905126,1.29963374471523,0.613689886069922,0.613743860680506,0.505190267238002,0.344217502421964,0.35738800004428,0.341514778047334,0.268945501761567,0.296948929944247,0.295135680049845,0.271354448774502,0.328422278051545,307.692307692308,144.090056285178,0.0329008865607538,0.0610449727031714,3.3366875,2293.76249847924,876.687413044079
03-01-05-02-01-02-24,24,angry,-50.1638252047657,1.37860173518134,0.00399496441226679,0.379294175870816,-0.244692302592022,0.212946385271285,-0.191191975713059,0.0715302545748179,-0.0630192874905123,-0.0377109448964931,0.152599769461915,-0.0861568806121601,0.188344024147275,23.7049387529494,1.28930393858751,0.92266103319718,0.989568171174635,0.690606544439696,0.348964235390828,0.602494849966911,0.306948284692157,0.393488532801776,0.29044863031361,0.380138844297491,0.259048409786188,0.271484962323445,275.862068965517,131.752305665349,0.0218943346330161,0.0350324447138868,4.3710625,1992.19139135171,1229.45951097056
03-01-05-02-02-01-01,1,angry,-37.7593220642765,1.01524417101393,0.00757231743873779,0.408242671652116,0.216608632510403,0.165353687235084,-0.0254880568050527,-0.256410744062045,0.036290576251021,-0.0648044369254551,-0.0276552158982721,-0.0724894018899947,-0.0275968320865537,6.72836703376868,1.62376312980035,0.697451156207811,0.60018099952522,0.708502445256735,0.365316163012523,0.492318186823489,0.44271673475335,0.274982028110661,0.246921307086114,0.291359203121062,0.30825845883768,0.268140840436863,250,203.636363636364,0.0303833302638317,0.0468817446548775,4.1375,2753.11186326085,1114.10027932268
03-01-05-02-02-01-02,2,angry,-44.0953006904216,1.30964938115743,-0.159695508355584,0.294923622449305,-0.215666157497709,0.250753005227338,-0.29160485848742,0.0453640045336617,-0.0571994504422055,0.0372994482610543,-0.141679469287297,-0.1116986972226,-0.156647649661411,16.837643960207,1.30058135300309,0.939599802084731,0.787419533363728,0.832512814683759,0.48287435879376,0.575666029352436,0.375049847875267,0.412216803026746,0.266192409796326,0.392523713220731,0.438069114647998,0.40286832454425,355.555555555556,148.148148148148,0.0429465674359851,0.0680514581497323,4.004,2400.54448695829,1141.21849920345
03-01-05-02-02-01-03,3,angry,-36.3020266692267,1.53879239905506,0.0394676765001812,0.438912890747175,0.0720747877699081,0.38281239262648,-0.266426522779795,-0.00309982280756012,-0.0603234742379838,0.034173136265131,-0.0272835157633241,0.0719746343487341,-0.170612711023444,6.88620416579927,1.29846410673187,0.714957795411591,0.772115698376178,0.829348033494602,0.391273504620336,0.418283396614479,0.384770772000994,0.378320403705569,0.373498604349141,0.290001220722775,0.281808366292388,0.297341680723387,258.064516129032,269.84126984127,0.0450540992207054,0.0653316929148657,4.2375625,2240.88226284907,1044.32455627413
03-01-05-02-02-01-04,4,angry,-39.5904697928069,0.973474935972723,-0.0480601916592361,0.299209324530097,-0.131754411058505,0.18275380795894,-0.333068046800454,-0.0679896257648119,0.0290047246084962,-0.0134095108207102,-0.183370861083882,0.0574654101772995,-0.211191740954905,8.34257523683329,1.03024259666881,0.725042411975998,0.631546250076342,0.584788995773547,0.489716844245613,0.503939708955278,0.368009245047789,0.349828250067579,0.30175594089991,0.297480493600231,0.385320017974239,0.423844658687068,333.333333333333,130.143540669856,0.0352144604307009,0.0622593816485801,3.7036875,2767.97798485147,918.744500145903
03-01-05-02-02-01-05,5,angry,-40.6254924157459,1.50987752456259,-0.130363855369536,0.351338900862455,0.208773915763443,-0.190797782813448,0.0906773224921381,-0.272964688638085,-0.0333671168955082,0.298685735398704,0.0423303311986255,0.070835631861524,0.0462919498933428,9.93848613264003,1.47978457345679,0.764551815786892,0.58789045462352,0.614199688585247,0.653196230299829,0.44515392633065,0.441739720809204,0.322689048474212,0.277046359567062,0.301873422365381,0.298756222364874,0.235148929440123,340.425531914894,109.765940274415,0.0512544782962434,0.0961938084120257,3.637,2265.26874901355,1014.39234464193
03-01-05-02-02-01-06,6,angry,-38.3749392554184,1.14414931910949,-0.703620496820153,0.270168458218115,-0.422146955760692,0.0293521721631037,-0.293220182611215,-0.12973971912638,-0.0894080013256982,-0.352742312185078,-0.28371063219495,-0.320872930639654,-0.0197377051919521,8.10455186690174,1.15035118959052,1.11390128394407,0.685822146240254,0.89135334568139,0.462904471419664,0.537679532684027,0.461079100587261,0.542964608641596,0.574493498530577,0.523458622584707,0.639069511239263,0.57308374154875,432.432432432432,233.333333333333,0.0527340377563427,0.0745132679139479,4.4378125,2490.74144555244,968.276641013397
03-01-05-02-02-01-07,7,angry,-38.6700520708018,1.29020938320165,-0.284552715887112,0.718120424041759,-0.0968644936606144,0.0781748812427406,-0.219497121504127,-0.28856241321096,0.128418221704262,-0.200864575052579,-0.0282807630668839,-0.103991881906505,-0.0816326403422488,9.0359110132437,1.21299924829368,0.842798592552158,0.732200908763132,0.916622398258771,0.4672704025295,0.517438830824092,0.39584788595549,0.317298326265915,0.422357258758356,0.421660441232775,0.42584903651819,0.340975509573476,333.333333333333,194.7261663286,0.0637562722330324,0.102037958248429,3.8371875,2166.52660347974,946.451162900832
03-01-05-02-02-01-08,8,angry,-42.669337262501,1.82259486449754,0.386192715662101,0.282672082553692,-0.0594122289973143,0.459479263052416,-0.0258163684328976,0.0400632341650252,0.0367810640247561,0.0607329322607764,-0.0160687641844157,0.108497060311293,0.0337510692423724,8.27861752682193,1.28814808113168,0.750807671817802,0.832320112940634,0.641145997360184,0.516419085482795,0.391072500260549,0.360212881025111,0.313961110588221,0.300829872849188,0.297561248763133,0.30431364708189,0.254369645383506,275.862068965517,111.854103343465,0.0201359976257034,0.0323360425705436,3.603625,1831.35775732128,937.691038115729
03-01-05-02-02-01-09,9,angry,-37.595543885152,1.74293002529364,-0.405513724028448,0.484544058756482,0.0552801751585723,-0.0878135157076576,-0.250560154644893,-0.171106485409547,-0.0661229403923126,0.0781822294165106,0.0189696032209249,0.0903593048900494,-0.132147054438436,8.534735129848,1.33529295899949,0.834654570891709,0.529056718264831,0.729601314670104,0.67981037699553,0.509328234014188,0.473195033308171,0.445181341067853,0.347399512060328,0.343409222551505,0.3330602826471,0.386875123526639,347.826086956522,352.967525195969,0.0591619057471075,0.0835998793888914,4.3710625,1921.48197743778,868.363553637464
03-01-05-02-02-01-10,10,angry,-38.3781207838856,1.55813722479428,0.0357512789055651,0.448919037445661,-0.198317702100514,0.288099805119906,-0.115789130267853,-0.233939999406852,-0.03285684531389,-0.0333965065566067,-0.313042412796382,-0.199582604283107,-0.0822253132062876,7.2283172630747,1.53611670802903,0.785900645175477,0.802181981483237,0.673933213324007,0.425828898901472,0.427052857385271,0.383246832026328,0.405567926927855,0.326191877681009,0.390745238769784,0.462622453819018,0.39449951225339,333.333333333333,273.057371096587,0.0514891691842673,0.0803134158922547,3.8705625,2370.73781870505,1024.34883123613
03-01-05-02-02-01-11,11,angry,-38.4903848892466,1.85773497217165,0.440518797228629,0.477651023123625,-0.0561821660686874,0.243948211429254,0.236528200412181,-0.0715169099520158,-0.0987389698594079,0.0853185508659145,0.0119396855007408,0.13014382570639,0.120078636035797,8.31706478129971,1.39666315635771,0.65586484053062,0.737304269000651,0.693139476801199,0.409972432353167,0.416691323889657,0.335165372800311,0.272062071639224,0.315359274225799,0.315857668289558,0.316345259198832,0.221205931061688,242.424242424242,114.871794871795,0.0453807699543253,0.0637535262710595,3.9373125,1673.40549682938,1058.79602797612
03-01-05-02-02-01-12,12,angry,-41.3553388778233,1.93075893267535,0.00124309034420602,0.446275258307707,0.0428887378062349,0.341000029516641,-0.0265074173038289,-0.00146806201916294,0.0181920661330216,0.03385810145551,0.140902839711024,-0.0435497640102584,0.22348762775766,8.40020735496324,1.38618483602698,0.744668474241539,0.882977814862321,0.639867058312386,0.317444140502948,0.469183180232395,0.355330645481218,0.307658407425682,0.261155784773472,0.277095180756502,0.275315203064196,0.280869638366954,253.968253968254,187.134502923977,0.0197345331846642,0.0326629227806767,3.8038125,2173.52793822977,1146.13174632872
03-01-05-02-02-01-13,13,angry,-41.4220044272813,1.29354411957127,0.174031246597446,0.176495026140555,0.156954959251254,0.0414190198668552,0.0374352268965754,-0.174694347401607,0.0386724721769589,0.042832768155448,0.0522784373576277,0.196916018591825,0.0571026614468843,10.6320966493823,1.07382148083757,0.675324565264285,0.755451491635379,0.634805856677162,0.451786646126142,0.359669474849236,0.387370605843889,0.291398097656503,0.270606918766346,0.303648590685688,0.260967520323982,0.272278534842498,296.296296296296,220.779220779221,0.0389294239836116,0.0559121492017295,3.57025,2372.30606352256,884.040771898323
03-01-05-02-02-01-14,14,angry,-46.9173401029304,0.925368184672077,-0.413891937026159,-0.0121063715227985,-0.453649938617261,0.106491323635397,-0.487060369078787,-0.11179725455186,-0.235150100288325,-0.00178457751761184,-0.113660615361036,0.0348763602105962,-0.0864096864368039,21.3397893454447,1.07961916437894,0.811739370779082,0.698508581129554,0.837256407042852,0.488515583782549,0.608990452732076,0.353520067539597,0.523062191278472,0.466867898382801,0.51008966425434,0.529739737501148,0.503322157322891,363.636363636364,171.428571428571,0.0436992610195924,0.0735519523254869,4.170875,2310.12615178409,1179.38426381673
03-01-05-02-02-01-15,15,angry,-42.1132806597226,1.69502715423131,-0.0519810190241268,0.675046542151308,0.242966539798561,0.0887016047239826,0.0370086676109057,-0.0836887451637243,-0.0478132418613244,-0.00624916784337813,0.046875947309132,-0.0214981811653007,0.116168986735574,8.30619680026497,1.53244547702035,0.729379914957803,0.793128784418295,0.523646499841312,0.372963525602506,0.412734653357982,0.34847840813199,0.273000141610894,0.29347787728897,0.298791503370189,0.236987247912526,0.213641478828411,183.908045977011,111.876935371092,0.0147483782706951,0.0237897768502114,3.4701875,1877.54699266901,1063.15598349146
03-01-05-02-02-01-16,16,angry,-48.2068986602051,1.20326062949369,-0.0334661352834735,0.481013235664953,-0.207157948531873,0.337618765009625,-0.235289100092041,-0.0261810484233333,0.193035376603733,-0.132322126783879,0.0757390099545427,0.0083493998593485,-0.0637224377385323,22.0936929113835,1.4280462012847,1.00087962371353,0.822700102496595,0.813345787311778,0.433388909688858,0.523874800330143,0.341108915729566,0.330921114084375,0.278265991424982,0.25255659718844,0.356564007572349,0.426892675202242,313.725490196078,174.3679163034,0.0349307821852113,0.059245393527142,3.8038125,2206.7429379441,1405.52200977023
03-01-05-02-02-01-17,17,angry,-41.0571724090078,1.80315897858982,-0.212986423146227,0.621158336264615,0.0746682216136859,0.409206316568318,0.131840305449268,-0.216740867491335,0.118102334830098,-0.197241551808023,0.117017563857394,-0.00948878765007805,-0.0139524140060889,8.46297755071114,1.5084709004774,0.757242302041814,0.757554412120151,0.707445748656849,0.438086847545845,0.394054271212366,0.403796747318022,0.329291911475309,0.359031883027713,0.292098090350509,0.285735909952079,0.253281872740375,190.47619047619,61.9047619047619,0.028087643440332,0.0473382255048226,3.637,1956.71052280052,979.882066385274
03-01-05-02-02-01-18,18,angry,-44.2993765002381,0.421867793386624,-0.506055587623798,-0.0546519509924913,-0.151522248512898,0.0350664374087575,-0.0722123533276915,-0.104846315007226,-0.099307642466875,-0.387059505592658,-0.4107159177037,-0.256512373558178,0.0742974326378404,15.3255413178692,0.976562572052033,0.930892938424623,0.718820059836444,0.566772479096426,0.408817601303538,0.443481564198332,0.52144110890168,0.414951375168306,0.5941175191415,0.574136588948379,0.473490213474845,0.541363924224789,432.432432432432,241.935483870968,0.0555535229145967,0.0914987903720939,3.8371875,2892.18694214074,978.80499052481
03-01-05-02-02-01-19,19,angry,-36.2012793686547,1.029328047396,-0.521454902328003,0.191083556997424,-0.170588279381446,0.0264298998213651,0.0484890692172891,-0.336097802246681,0.0586313567274714,0.0364154948180254,-0.0627692046903888,0.160079929796292,-0.155239299642557,8.09696852216136,1.41120756183292,0.803767439798176,0.722888006320243,0.810726679836762,0.590471754624723,0.52235384097453,0.416769053003729,0.389623899360378,0.303937149210441,0.353367469783531,0.387659498142133,0.336892765401613,333.333333333333,208.909370199693,0.0790617124583633,0.115894527647785,4.3376875,2469.43505719413,944.170347807669
03-01-05-02-02-01-20,20,angry,-45.9947343500848,1.04951345483946,-0.298933827279372,0.0708308460220563,-0.283062861260678,0.017380485738815,-0.134312499465159,-0.0985609698516614,-0.0549911747671248,-0.0602445232312537,-0.228627884444375,-0.0833096520334975,-0.139157125741318,22.6588999752133,1.2422909380509,1.01779660837714,0.6248565919544,0.679883603197608,0.470355640348406,0.440404526987357,0.392729781432196,0.440471941968431,0.449935811721022,0.395626216266697,0.475422082580651,0.54918980271484,432.432432432432,237.704918032787,0.0565580643571895,0.105361726068244,4.4044375,2269.63372792178,1396.36171299836
03-01-05-02-02-01-21,21,angry,-39.9744097090697,1.65004678281918,-0.272087691271208,0.777084173275973,0.0639620745733895,0.215722497697961,-0.0606759027335616,-0.412237777317974,0.221615793426541,-0.0951058975673785,-0.141685355488024,-0.0213821586493709,0.0249576125367854,9.16460614817359,1.36925318452257,0.939673217051091,0.880831522726954,0.772767463890571,0.409445712413809,0.555696271968469,0.499010563133432,0.310428588315943,0.361920624976071,0.369890961212884,0.276782774339008,0.282950639690276,202.53164556962,260.869565217391,0.042741622345072,0.0671186224826338,4.104125,2336.96282346046,993.188841217911
03-01-05-02-02-01-22,22,angry,-40.8090498320146,1.61617394858436,0.00679462705703796,0.488390845935356,0.0968087192536367,0.206614078948163,-0.0776352789311527,-0.255812076814077,0.186506696607259,-0.0890588454511206,0.0683381998754391,-0.01843830808771,0.220367658222711,8.83160152666955,1.43558239952863,0.895361819420358,0.928108316756718,0.734928683323395,0.384440138615427,0.550312038274887,0.396428509619501,0.333422698465292,0.333380734642638,0.379652741437466,0.319505722016583,0.278465414794557,266.666666666667,119.254658385093,0.0296123630548127,0.0464414438591473,4.237625,2391.21054530591,1109.4625799928
03-01-05-02-02-01-23,23,angry,-42.7524792951403,1.42978742486788,-0.0851147414331109,0.292685227934874,0.0979409357634485,0.183425080341299,0.0857217731490216,0.0645078204794091,0.0872806198476942,0.018593639140228,0.00746919563852123,0.0652118029197479,-0.0195149473221725,9.62981023483643,1.29479079697041,0.688513705967069,0.572131939118538,0.529531146479545,0.296406945919358,0.3528298589235,0.382952444015329,0.278864432224445,0.304604923058473,0.286228443480936,0.3146771750468,0.252224036528727,323.265306122449,132.179386309992,0.0399734298534556,0.0856476353785706,3.2365625,2144.55103098108,810.081140806644
03-01-05-02-02-01-24,24,angry,-45.927257882796,1.58168999877725,0.186264080116846,0.287972722558276,-0.0849429725097202,0.115970866279917,-0.218299550706787,0.000539854650630471,-0.174432445908824,0.0371536099362237,0.0845159531969981,-0.0445842260449104,0.12757010931628,16.3774454042538,1.74651637617947,0.842130644619704,0.933587340752874,0.635502246501485,0.383626736644866,0.55696446479383,0.340310396798201,0.382400444858644,0.29458816870826,0.349113304706067,0.256685247443866,0.284514721355616,242.424242424242,318.181818181818,0.0156217381649889,0.024594710587029,4.170875,2405.26392492085,1408.68325064212
03-01-05-02-02-02-01,1,angry,-35.4291994527643,1.02146230510384,-0.17515277074153,0.21178490071096,0.256983962079454,0.0543380540846324,-0.187995134162047,-0.344525082254997,-0.105238044713652,-0.0549941215618281,-0.145340389878228,-0.194421414245421,-0.15452995252628,7.46734874308741,1.20754023735428,0.67288146183369,0.594987772311632,0.739961116740016,0.42842721566725,0.487962851765201,0.456176408394868,0.29995937842595,0.286307631038644,0.340265289467413,0.405777255909906,0.287253127139002,363.636363636364,129.554655870445,0.0860311996034336,0.122280424917117,4.4378125,2720.05662232138,984.933299481644
03-01-05-02-02-02-02,2,angry,-45.8001397747524,1.23532680076354,-0.187022870199628,0.234109128904694,-0.204294096310867,0.28491396242496,-0.316202031444205,0.117556377275189,-0.0487968808226125,0.0429656565039569,-0.140693785591922,-0.0745868418770175,-0.138084604601737,19.6894745955264,1.29461926894148,0.923398428170643,0.769593107581359,0.827041494779523,0.503486380236946,0.556845516281947,0.397231395500916,0.438539583722454,0.28006153337529,0.441232560044474,0.430535049965414,0.420749762316261,320,203.921568627451,0.0378376221568497,0.0573983119407982,4.004,2256.97630014421,1192.05152141734
03-01-05-02-02-02-03,3,angry,-35.5626366218622,1.44844843578066,0.0604841855096519,0.430227489571535,0.0616795679228757,0.337359495831447,-0.21155332759064,-0.0625519230827672,-0.0728861280288607,0.095525125156604,-0.0615801152916853,0.104148571446792,-0.0763728669076999,7.22763608497809,1.12227039085321,0.736268278341099,0.795109588846036,0.881474373607176,0.515901438009775,0.482939647761666,0.362648160926785,0.33039044993521,0.33466616843589,0.278291080807321,0.323817787554734,0.27743437593797,271.186440677966,253.574504737295,0.0615635925675045,0.0847200558163928,4.5045,2340.1056473338,940.961241566271
03-01-05-02-02-02-04,4,angry,-45.9400796710803,0.899441971298423,0.0691695790365715,0.0174880386326124,-0.115421331873402,0.152782428976636,-0.297951142841304,-0.0478253526526697,-0.124907469059479,-0.0395356119255996,-0.149363498975313,0.0415242281832894,-0.17412979702368,18.909068784084,1.11888268335898,0.9045345691719,0.768482881250042,0.558297335694673,0.463838016610858,0.547054995376231,0.376662334029299,0.467989317881479,0.427091809403029,0.363116037943464,0.422099672568654,0.486321765663943,320,186.379928315412,0.0239963932361777,0.0376430652547518,3.8371875,2588.69552460428,1312.82331500937
03-01-05-02-02-02-05,5,angry,-40.2382762632509,1.4200517979263,-0.277477565671588,0.274458138845498,0.185112123301552,-0.0869365923593551,0.244082521823234,-0.346105595093194,-0.138576957910636,0.224703403849739,-0.0496253515422448,0.0418826191588403,0.0871576609880349,10.2402679786184,1.4584948321118,0.776632816779695,0.724339763765148,0.577096118069929,0.668389353191787,0.401204257387326,0.471968763414553,0.290417727888247,0.280731344479203,0.348779994259875,0.259692249796793,0.284806447981449,296.296296296296,195.121951219512,0.0563593487351341,0.0941921529999724,3.637,2256.24881314175,951.323385752501
03-01-05-02-02-02-06,6,angry,-37.8460550347998,1.0854449669347,-0.716037479323336,0.404093614745015,-0.461244291598847,0.134137149773609,-0.342964857823947,-0.155478058525346,-0.107300876858193,-0.488605922215999,-0.403928336190404,-0.162055657465716,0.151282003497487,6.72285087257775,1.15516078849758,1.01691085380429,0.8696679104847,0.814562806835836,0.480398338287461,0.507315559786557,0.45757305534648,0.540136554421857,0.605407322304025,0.555760754339409,0.525863158792567,0.695571620476246,275.862068965517,237.704918032787,0.0495367340476876,0.072987719588276,4.471125,2446.19032758401,980.113135442626
03-01-05-02-02-02-07,7,angry,-38.3135467593433,1.53610691542975,-0.113787979407748,0.790646817511016,0.0162801282573429,0.136904484739499,-0.0766126477960422,-0.30983588793585,0.202842345104886,-0.106448449893172,0.0296468763476301,0.139001504768183,0.0162996073780823,8.48178327374518,1.24751982361297,0.877736881029239,0.910330186516042,0.878539640767786,0.451995551883802,0.536901742449275,0.423865280233624,0.321092535045743,0.335357385806856,0.280473758106311,0.259496855112282,0.278376127698752,280.701754385965,142.146410803127,0.0544662934985998,0.0793530990913183,4.3376875,1788.81326401405,1228.76975606365
03-01-05-02-02-02-08,8,angry,-41.9342270645256,1.86941118192102,0.271212644274174,0.479354623640303,-0.112505994148222,0.410569163467473,-0.0677251619442504,-0.0342514511202248,-0.114403335008378,0.0105948077043841,-0.0600842083196679,-0.0325959961483854,-0.113084965405987,7.84975169637172,1.2128150531745,0.899477198578395,0.903465940878815,0.749212491215719,0.547996449527957,0.376104618951604,0.364507231782981,0.374723700726877,0.321999454976828,0.312611222902942,0.302505638469807,0.377099669597169,313.725490196078,199.730094466937,0.0213411425013199,0.0357599132660202,3.637,1824.99747115929,913.412533840508
03-01-05-02-02-02-09,9,angry,-37.8487052517227,1.62686465718539,-0.421632500487451,0.37699052873439,0.108043206451593,0.035029231359695,-0.317334612352929,-0.0997859088999526,-0.0858876216206198,0.128839898678432,-0.0870776506212423,0.0721762401711919,-0.115750885212309,8.50306946760542,1.51127366630484,0.878290278697564,0.416719406547585,0.750201834396743,0.602150584279557,0.478888028031884,0.381138138367318,0.328805757288499,0.292549769119103,0.338607900905469,0.314152072879321,0.401632972582253,355.555555555556,113.36032388664,0.0546659735690788,0.0773592556095845,3.9706875,1946.39671888793,955.741026016958
03-01-05-02-02-02-10,10,angry,-38.6081971035565,1.58959091500366,0.135445439248829,0.446848739763271,-0.0548858561323289,0.261378255559587,-0.208202420989636,-0.0797348398416807,0.011736633622608,-0.00511136368931693,-0.13066972863633,-0.0544595510951747,0.0266883491682497,8.41285957732282,1.35691209876066,0.831217068373945,0.919247779968047,0.750248495105991,0.387019121266575,0.487441206963617,0.407547634382922,0.371950389071807,0.36144839492917,0.288947076104428,0.316958904713323,0.324532946373239,280.701754385965,227.956989247312,0.0549685331379793,0.0743446763668968,4.1375,2343.13014096833,1073.54935203557
03-01-05-02-02-02-11,11,angry,-38.0186640646157,1.48989727083776,0.392888531728335,0.303678697191098,-0.0469615900405407,0.257984867287236,0.126812851223687,-0.051652643978708,-0.124115795617807,0.137659988438192,-0.0467815394204461,0.018249804313021,0.0825294885247229,8.57982063636709,1.15920290208264,0.650744688499092,0.640606492668136,0.704062643727418,0.490421144005091,0.418642245267811,0.350350348570638,0.309980919587624,0.297758654831262,0.235284904633836,0.326987037798722,0.263492275838877,301.88679245283,122.887864823349,0.0568692077134133,0.0864564465834807,3.7704375,2088.21379764095,933.712972155865
03-01-05-02-02-02-12,12,angry,-43.3824239563316,1.78380393139695,-0.169962000143436,0.223661559318211,-0.0260541340897947,0.163947577778204,0.00934682130970765,-0.0339605943463052,0.143996956752574,0.0387320962087314,0.0956667599070796,-0.0745426601276964,0.0449239597688426,17.1443182459754,1.46939016641658,0.901999598714592,0.897620556528109,0.589781614917462,0.304820327982506,0.414305040433369,0.443579469935463,0.323842801520567,0.297375458888402,0.313511450069469,0.310140479676398,0.366332109430461,355.555555555556,171.052631578947,0.0350340305954478,0.0581288866226441,3.8371875,1783.936429276,1289.61271614131
03-01-05-02-02-02-13,13,angry,-39.6510564481204,1.04966712977844,0.0566225794156126,-0.115051984109355,-0.0524681786687669,-0.0945288843197455,-0.0498960854355191,-0.0489336149732667,0.0939203371428205,0.21343272927209,0.0723579769649408,0.145265838651553,-0.067592171333976,11.9005449228342,1.06102407607597,0.744784274763064,0.765946133622818,0.660784272809797,0.447138998370481,0.373174968546538,0.326457219672611,0.319539120369595,0.317111895515817,0.316064144660242,0.307236218974635,0.374284783006717,363.636363636364,109.090909090909,0.0837621561446699,0.127317875410021,4.170875,2507.86504790512,824.00831962918
03-01-05-02-02-02-14,14,angry,-43.1006893476859,1.05493041771964,-0.0207107986434291,0.106366749871133,-0.327256771611618,0.223404996047515,-0.373338100650623,-0.0116449729213025,-0.227368479521465,-0.076788689012931,-0.250979973636864,-0.150856450006519,-0.147665175079277,14.914493572502,1.37826031538129,0.792994099782918,0.799071296300168,0.836109470873476,0.492524788585755,0.534024596476599,0.344263606251572,0.439007025394045,0.383664319367959,0.505069482767491,0.452874686558947,0.454649107064462,444.444444444444,354.545454545455,0.0306460947236344,0.0525460940610859,4.4044375,2706.99497594975,1200.6570818543
03-01-05-02-02-02-15,15,angry,-41.1036374130432,1.50320119312677,-0.157991815891444,0.754859357026831,0.0994914430288632,0.173788800718482,0.0141093466954152,-0.0382973263463506,0.00756424247595193,0.0242964246019733,0.128487530807806,-0.0347013591649619,0.0677120123906882,8.5970761086987,1.46973360629331,0.863907787606375,0.80477336648877,0.719146736037027,0.379314523615382,0.483161942542001,0.398241062374214,0.287442746120385,0.335682946800558,0.306787407109003,0.300451507132888,0.280838030001065,275.862068965517,202.008608321377,0.0262816188022671,0.0473772631770129,3.603625,2083.97039882205,936.371816487149
03-01-05-02-02-02-16,16,angry,-46.5025760554795,1.42840468413833,-0.00406607364401944,0.483407192019311,-0.180267748750546,0.327664325854573,-0.245231455640801,-0.0207525917716378,0.213836214535612,-0.158441343656925,0.143537017899245,0.0256535413093699,0.0409975950431721,19.5012745870372,1.66544002458554,0.849147156579567,0.821409909142062,0.780865607567996,0.381937185817755,0.535919835669841,0.36962985305839,0.330149283446064,0.31565403464616,0.288206416710331,0.292590847955767,0.279327707339658,285.714285714286,150,0.025978920953009,0.0441677118491867,4.07075,2237.74489472666,1460.4890873061
03-01-05-02-02-02-17,17,angry,-39.0579747984141,1.15868475354352,-0.153120272457177,0.746331744316821,0.167757896722307,0.393346022770434,0.0151765622647987,-0.214353820188475,0.187566620416125,-0.275686417043818,0.141136753709492,0.00117818708718673,-0.0135662704993322,7.27387147788028,1.75813235573467,0.857736028521283,0.747617305799366,0.702323368736384,0.381418380637898,0.360128461454552,0.462072193645099,0.330504633288005,0.319793476303866,0.316875425980606,0.273452543962223,0.239100888062671,195.121951219512,79.1589363017935,0.0290446159749013,0.0460721991461567,3.8038125,2428.74268084687,1021.95733393752
03-01-05-02-02-02-18,18,angry,-43.4401373450895,0.443359480228804,-0.472869583473209,-0.159595438783229,-0.231539157900022,0.0368039325642073,-0.103572875401406,-0.0315289085871582,-0.124871484015355,-0.345733746084589,-0.395853443527617,-0.278348682187787,0.0305554604751248,14.2973902788395,0.927453287604029,0.905468528280813,0.677883045312247,0.508169861215584,0.462967739205086,0.377625719331465,0.56757300206073,0.389922551254598,0.53196385120363,0.522609402383548,0.545190625798712,0.536389428399314,390.243902439024,241.935483870968,0.060251177749062,0.105330558571432,4.2375625,2908.02545914587,969.857467340117
03-01-05-02-02-02-19,19,angry,-41.0164681944299,1.14755427056166,-0.0368963758547539,0.559995278155976,-0.0916251918399909,0.00209284985078005,0.115792530636345,-0.293351420691831,0.145625109125936,0.0898945075920764,-0.0134570650507639,0.275617302720973,-0.0544117971813848,10.1179546388895,1.47261582288141,0.832389793201749,0.811674303526806,0.770565739755779,0.519940927072884,0.419539898306665,0.518498714338622,0.312053574943334,0.301273350577845,0.302450391388,0.393379638290712,0.26995341563295,310.708898944193,121.212121212121,0.0355591853903768,0.0545968289290309,4.104125,2399.39750619623,1003.94406718432
03-01-05-02-02-02-20,20,angry,-42.2975275480414,0.891134844637976,0.257157193424816,0.432093191145854,0.169291687958944,0.236240792788249,-0.207604633905633,-0.0525371420067644,-0.111317725050932,0.0488065019139583,-0.154864934272075,-0.0199395492727541,-0.0963156113316465,8.42412773947261,1.39751906763652,0.876919804836389,0.59490809903608,0.683941999647254,0.327377082780319,0.49502067825263,0.424629330216654,0.375579073504083,0.347176344313757,0.315350933742601,0.302952467081868,0.309671046215017,372.093023255814,241.956241956242,0.0146250726048694,0.0274137725408394,3.536875,2809.85194365002,1106.37681750194
03-01-05-02-02-02-21,21,angry,-39.1320741956599,1.37245595147696,-0.245070032762077,0.799120415808128,0.0801693811548605,0.147611017166067,-0.0458684171170439,-0.379466974089132,0.137615060954651,-0.0841003753400069,-0.102423468490443,0.0482478931226171,0.0803615855655486,9.14088190801308,1.44846680627814,1.0774977840249,0.93942686892317,0.757267095582168,0.396967176207946,0.539658977838692,0.522410920780914,0.3345734786671,0.355457159127093,0.315908778691346,0.260141035691657,0.23557841853023,231.884057971014,108.250825082508,0.0503093563108772,0.0728274512827455,4.2375625,2558.37032913643,1039.49766589226
03-01-05-02-02-02-22,22,angry,-40.5824775039131,1.61706163908571,-0.0816987442203424,0.456670397815668,0.0534266860876339,0.183783022309919,-0.116796980804749,-0.257139742909151,0.252424900539244,-0.0632659504130226,0.0908142482815109,0.0189260058322664,0.189649374281845,8.94639930872848,1.34686365122023,0.839708393155104,0.934212202521322,0.798051660207086,0.391959395155024,0.477653608685629,0.390330967256405,0.324046304699149,0.297892534024069,0.355393669573689,0.237361926778345,0.271381407203957,271.186440677966,144.458281444583,0.0290013067717829,0.0424473504429357,4.20425,2416.17392613721,1045.45083430818
03-01-05-02-02-02-23,23,angry,-44.1034811197458,1.41543429269674,0.00665948276538697,0.33973210558502,0.0513525811394626,0.119265705344515,0.114678671752825,-0.0391332687359859,0.0671467071910581,-0.000326645694063757,0.00128901853541118,0.078230364738792,-0.0178961283688141,11.8442919022987,1.50085540928414,0.653656785331113,0.622362767025531,0.536625176195163,0.298808902317121,0.346377609444075,0.41049548790521,0.291115469614197,0.29702521151441,0.275806978487552,0.268324978167997,0.216245441463428,326.530612244898,134.798534798535,0.0343012144344531,0.0740543960114257,3.3033125,2488.3848566998,1138.18822613532
03-01-05-02-02-02-24,24,angry,-47.6916641105869,1.40185041656859,0.154702854375323,0.240491486305953,-0.171589184093001,0.215858850932192,-0.203473304013043,0.066804348396962,-0.113058568563767,0.0639520020442756,0.124043007716396,-0.0972779785065888,0.163052234824505,20.6210890104913,1.58380756200807,0.836462637259323,0.881438000238515,0.691272967872147,0.368804957893099,0.559943299774075,0.321159929019298,0.352894449711084,0.311786914235487,0.391402737246467,0.264044209483292,0.28044706988256,262.295081967213,76.5346797767739,0.0178673232409821,0.028043308412656,5.105125,2179.27998491065,1443.69143365892
