RecordingID,ActorID,Fold,Partition
03-01-01-01-01-01-01,1,1,test
03-01-01-01-01-01-02,2,1,train
03-01-01-01-01-01-03,3,1,train
03-01-01-01-01-01-04,4,1,train
03-01-01-01-01-01-05,5,1,train
03-01-01-01-01-01-06,6,1,train
03-01-01-01-01-01-07,7,1,train
03-01-01-01-01-01-08,8,1,train
03-01-01-01-01-01-09,9,1,train
03-01-01-01-01-01-10,10,1,train
03-01-01-01-01-01-11,11,1,train
03-01-01-01-01-01-12,12,1,train
03-01-01-01-01-01-13,13,1,test
03-01-01-01-01-01-14,14,1,train
03-01-01-01-01-01-15,15,1,train
03-01-01-01-01-01-16,16,1,train
03-01-01-01-01-01-17,17,1,train
03-01-01-01-01-01-18,18,1,train
03-01-01-01-01-01-19,19,1,train
03-01-01-01-01-01-20,20,1,train
03-01-01-01-01-01-21,21,1,train
03-01-01-01-01-01-22,22,1,train
03-01-01-01-01-01-23,23,1,test
03-01-01-01-01-01-24,24,1,test
03-01-01-01-01-02-01,1,1,test
03-01-01-01-01-02-02,2,1,train
03-01-01-01-01-02-03,3,1,train
03-01-01-01-01-02-04,4,1,train
03-01-01-01-01-02-05,5,1,train
03-01-01-01-01-02-06,6,1,train
03-01-01-01-01-02-07,7,1,train
03-01-01-01-01-02-08,8,1,train
03-01-01-01-01-02-09,9,1,train
03-01-01-01-01-02-10,10,1,train
03-01-01-01-01-02-11,11,1,train
03-01-01-01-01-02-12,12,1,train
03-01-01-01-01-02-13,13,1,test
03-01-01-01-01-02-14,14,1,train
03-01-01-01-01-02-15,15,1,train
03-01-01-01-01-02-16,16,1,train
03-01-01-01-01-02-17,17,1,train
03-01-01-01-01-02-18,18,1,train
03-01-01-01-01-02-19,19,1,train
03-01-01-01-01-02-20,20,1,train
03-01-01-01-01-02-21,21,1,train
03-01-01-01-01-02-22,22,1,train
03-01-01-01-01-02-23,23,1,test
03-01-01-01-01-02-24,24,1,test
03-01-01-01-02-01-01,1,1,test
03-01-01-01-02-01-02,2,1,train
03-01-01-01-02-01-03,3,1,train
03-01-01-01-02-01-04,4,1,train
03-01-01-01-02-01-05,5,1,train
03-01-01-01-02-01-06,6,1,train
03-01-01-01-02-01-07,7,1,train
03-01-01-01-02-01-08,8,1,train
03-01-01-01-02-01-09,9,1,train
03-01-01-01-02-01-10,10,1,train
03-01-01-01-02-01-11,11,1,train
03-01-01-01-02-01-12,12,1,train
03-01-01-01-02-01-13,13,1,test
03-01-01-01-02-01-14,14,1,train
03-01-01-01-02-01-15,15,1,train
03-01-01-01-02-01-16,16,1,train
03-01-01-01-02-01-17,17,1,train
03-01-01-01-02-01-18,18,1,train
03-01-01-01-02-01-19,19,1,train
03-01-01-01-02-01-20,20,1,train
03-01-01-01-02-01-21,21,1,train
03-01-01-01-02-01-22,22,1,train
03-01-01-01-02-01-23,23,1,test
03-01-01-01-02-01-24,24,1,test
03-01-01-01-02-02-01,1,1,test
03-01-01-01-02-02-02,2,1,train
03-01-01-01-02-02-03,3,1,train
03-01-01-01-02-02-04,4,1,train
03-01-01-01-02-02-05,5,1,train
03-01-01-01-02-02-06,6,1,train
03-01-01-01-02-02-07,7,1,train
03-01-01-01-02-02-08,8,1,train
03-01-01-01-02-02-09,9,1,train
03-01-01-01-02-02-10,10,1,train
03-01-01-01-02-02-11,11,1,train
03-01-01-01-02-02-12,12,1,train
03-01-01-01-02-02-13,13,1,test
03-01-01-01-02-02-14,14,1,train
03-01-01-01-02-02-15,15,1,train
03-01-01-01-02-02-16,16,1,train
03-01-01-01-02-02-17,17,1,train
03-01-01-01-02-02-18,18,1,train
03-01-01-01-02-02-19,19,1,train
03-01-01-01-02-02-20,20,1,train
03-01-01-01-02-02-21,21,1,train
03-01-01-01-02-02-22,22,1,train
03-01-01-01-02-02-23,23,1,test
03-01-01-01-02-02-24,24,1,test
03-01-03-01-01-01-01,1,1,test
03-01-03-01-01-01-02,2,1,train
03-01-03-01-01-01-03,3,1,train
03-01-03-01-01-01-04,4,1,train
03-01-03-01-01-01-05,5,1,train
03-01-03-01-01-01-06,6,1,train
03-01-03-01-01-01-07,7,1,train
03-01-03-01-01-01-08,8,1,train
03-01-03-01-01-01-09,9,1,train
03-01-03-01-01-01-10,10,1,train
03-01-03-01-01-01-11,11,1,train
03-01-03-01-01-01-12,12,1,train
03-01-03-01-01-01-13,13,1,test
03-01-03-01-01-01-14,14,1,train
03-01-03-01-01-01-15,15,1,train
03-01-03-01-01-01-16,16,1,train
03-01-03-01-01-01-17,17,1,train
03-01-03-01-01-01-18,18,1,train
03-01-03-01-01-01-19,19,1,train
03-01-03-01-01-01-20,20,1,train
03-01-03-01-01-01-21,21,1,train
03-01-03-01-01-01-22,22,1,train
03-01-03-01-01-01-23,23,1,test
03-01-03-01-01-01-24,24,1,test
03-01-03-01-01-02-01,1,1,test
03-01-03-01-01-02-02,2,1,train
03-01-03-01-01-02-03,3,1,train
03-01-03-01-01-02-04,4,1,train
03-01-03-01-01-02-05,5,1,train
03-01-03-01-01-02-06,6,1,train
03-01-03-01-01-02-07,7,1,train
03-01-03-01-01-02-08,8,1,train
03-01-03-01-01-02-09,9,1,train
03-01-03-01-01-02-10,10,1,train
03-01-03-01-01-02-11,11,1,train
03-01-03-01-01-02-12,12,1,train
03-01-03-01-01-02-13,13,1,test
03-01-03-01-01-02-14,14,1,train
03-01-03-01-01-02-15,15,1,train
03-01-03-01-01-02-16,16,1,train
03-01-03-01-01-02-17,17,1,train
03-01-03-01-01-02-18,18,1,train
03-01-03-01-01-02-19,19,1,train
03-01-03-01-01-02-20,20,1,train
03-01-03-01-01-02-21,21,1,train
03-01-03-01-01-02-22,22,1,train
03-01-03-01-01-02-23,23,1,test
03-01-03-01-01-02-24,24,1,test
03-01-03-01-02-01-01,1,1,test
03-01-03-01-02-01-02,2,1,train
03-01-03-01-02-01-03,3,1,train
03-01-03-01-02-01-04,4,1,train
03-01-03-01-02-01-05,5,1,train
03-01-03-01-02-01-06,6,1,train
03-01-03-01-02-01-07,7,1,train
03-01-03-01-02-01-08,8,1,train
03-01-03-01-02-01-09,9,1,train
03-01-03-01-02-01-10,10,1,train
03-01-03-01-02-01-11,11,1,train
03-01-03-01-02-01-12,12,1,train
03-01-03-01-02-01-13,13,1,test
03-01-03-01-02-01-14,14,1,train
03-01-03-01-02-01-15,15,1,train
03-01-03-01-02-01-16,16,1,train
03-01-03-01-02-01-17,17,1,train
03-01-03-01-02-01-18,18,1,train
03-01-03-01-02-01-19,19,1,train
03-01-03-01-02-01-20,20,1,train
03-01-03-01-02-01-21,21,1,train
03-01-03-01-02-01-22,22,1,train
03-01-03-01-02-01-23,23,1,test
03-01-03-01-02-01-24,24,1,test
03-01-03-01-02-02-01,1,1,test
03-01-03-01-02-02-02,2,1,train
03-01-03-01-02-02-03,3,1,train
03-01-03-01-02-02-04,4,1,train
03-01-03-01-02-02-05,5,1,train
03-01-03-01-02-02-06,6,1,train
03-01-03-01-02-02-07,7,1,train
03-01-03-01-02-02-08,8,1,train
03-01-03-01-02-02-09,9,1,train
03-01-03-01-02-02-10,10,1,train
03-01-03-01-02-02-11,11,1,train
03-01-03-01-02-02-12,12,1,train
03-01-03-01-02-02-13,13,1,test
03-01-03-01-02-02-14,14,1,train
03-01-03-01-02-02-15,15,1,train
03-01-03-01-02-02-16,16,1,train
03-01-03-01-02-02-17,17,1,train
03-01-03-01-02-02-18,18,1,train
03-01-03-01-02-02-19,19,1,train
03-01-03-01-02-02-20,20,1,train
03-01-03-01-02-02-21,21,1,train
03-01-03-01-02-02-22,22,1,train
03-01-03-01-02-02-23,23,1,test
03-01-03-01-02-02-24,24,1,test
03-01-03-02-01-01-01,1,1,test
03-01-03-02-01-01-02,2,1,train
03-01-03-02-01-01-03,3,1,train
03-01-03-02-01-01-04,4,1,train
03-01-03-02-01-01-05,5,1,train
03-01-03-02-01-01-06,6,1,train
03-01-03-02-01-01-07,7,1,train
03-01-03-02-01-01-08,8,1,train
03-01-03-02-01-01-09,9,1,train
03-01-03-02-01-01-10,10,1,train
03-01-03-02-01-01-11,11,1,train
03-01-03-02-01-01-12,12,1,train
03-01-03-02-01-01-13,13,1,test
03-01-03-02-01-01-14,14,1,train
03-01-03-02-01-01-15,15,1,train
03-01-03-02-01-01-16,16,1,train
03-01-03-02-01-01-17,17,1,train
03-01-03-02-01-01-18,18,1,train
03-01-03-02-01-01-19,19,1,train
03-01-03-02-01-01-20,20,1,train
03-01-03-02-01-01-21,21,1,train
03-01-03-02-01-01-22,22,1,train
03-01-03-02-01-01-23,23,1,test
03-01-03-02-01-01-24,24,1,test
03-01-03-02-01-02-01,1,1,test
03-01-03-02-01-02-02,2,1,train
03-01-03-02-01-02-03,3,1,train
03-01-03-02-01-02-04,4,1,train
03-01-03-02-01-02-05,5,1,train
03-01-03-02-01-02-06,6,1,train
03-01-03-02-01-02-07,7,1,train
03-01-03-02-01-02-08,8,1,train
03-01-03-02-01-02-09,9,1,train
03-01-03-02-01-02-10,10,1,train
03-01-03-02-01-02-11,11,1,train
03-01-03-02-01-02-12,12,1,train
03-01-03-02-01-02-13,13,1,test
03-01-03-02-01-02-14,14,1,train
03-01-03-02-01-02-15,15,1,train
03-01-03-02-01-02-16,16,1,train
03-01-03-02-01-02-17,17,1,train
03-01-03-02-01-02-18,18,1,train
03-01-03-02-01-02-19,19,1,train
03-01-03-02-01-02-20,20,1,train
03-01-03-02-01-02-21,21,1,train
03-01-03-02-01-02-22,22,1,train
03-01-03-02-01-02-23,23,1,test
03-01-03-02-01-02-24,24,1,test
03-01-03-02-02-01-01,1,1,test
03-01-03-02-02-01-02,2,1,train
03-01-03-02-02-01-03,3,1,train
03-01-03-02-02-01-04,4,1,train
03-01-03-02-02-01-05,5,1,train
03-01-03-02-02-01-06,6,1,train
03-01-03-02-02-01-07,7,1,train
03-01-03-02-02-01-08,8,1,train
03-01-03-02-02-01-09,9,1,train
03-01-03-02-02-01-10,10,1,train
03-01-03-02-02-01-11,11,1,train
03-01-03-02-02-01-12,12,1,train
03-01-03-02-02-01-13,13,1,test
03-01-03-02-02-01-14,14,1,train
03-01-03-02-02-01-15,15,1,train
03-01-03-02-02-01-16,16,1,train
03-01-03-02-02-01-17,17,1,train
03-01-03-02-02-01-18,18,1,train
03-01-03-02-02-01-19,19,1,train
03-01-03-02-02-01-20,20,1,train
03-01-03-02-02-01-21,21,1,train
03-01-03-02-02-01-22,22,1,train
03-01-03-02-02-01-23,23,1,test
03-01-03-02-02-01-24,24,1,test
03-01-03-02-02-02-01,1,1,test
03-01-03-02-02-02-02,2,1,train
03-01-03-02-02-02-03,3,1,train
03-01-03-02-02-02-04,4,1,train
03-01-03-02-02-02-05,5,1,train
03-01-03-02-02-02-06,6,1,train
03-01-03-02-02-02-07,7,1,train
03-01-03-02-02-02-08,8,1,train
03-01-03-02-02-02-09,9,1,train
03-01-03-02-02-02-10,10,1,train
03-01-03-02-02-02-11,11,1,train
03-01-03-02-02-02-12,12,1,train
03-01-03-02-02-02-13,13,1,test
03-01-03-02-02-02-14,14,1,train
03-01-03-02-02-02-15,15,1,train
03-01-03-02-02-02-16,16,1,train
03-01-03-02-02-02-17,17,1,train
03-01-03-02-02-02-18,18,1,train
03-01-03-02-02-02-19,19,1,train
03-01-03-02-02-02-20,20,1,train
03-01-03-02-02-02-21,21,1,train
03-01-03-02-02-02-22,22,1,train
03-01-03-02-02-02-23,23,1,test
03-01-03-02-02-02-24,24,1,test
03-01-04-01-01-01-01,1,1,test
03-01-04-01-01-01-02,2,1,train
03-01-04-01-01-01-03,3,1,train
03-01-04-01-01-01-04,4,1,train
03-01-04-01-01-01-05,5,1,train
03-01-04-01-01-01-06,6,1,train
03-01-04-01-01-01-07,7,1,train
03-01-04-01-01-01-08,8,1,train
03-01-04-01-01-01-09,9,1,train
03-01-04-01-01-01-10,10,1,train
03-01-04-01-01-01-11,11,1,train
03-01-04-01-01-01-12,12,1,train
03-01-04-01-01-01-13,13,1,test
03-01-04-01-01-01-14,14,1,train
03-01-04-01-01-01-15,15,1,train
03-01-04-01-01-01-16,16,1,train
03-01-04-01-01-01-17,17,1,train
03-01-04-01-01-01-18,18,1,train
03-01-04-01-01-01-19,19,1,train
03-01-04-01-01-01-20,20,1,train
03-01-04-01-01-01-21,21,1,train
03-01-04-01-01-01-22,22,1,train
03-01-04-01-01-01-23,23,1,test
03-01-04-01-01-01-24,24,1,test
03-01-04-01-01-02-01,1,1,test
03-01-04-01-01-02-02,2,1,train
03-01-04-01-01-02-03,3,1,train
03-01-04-01-01-02-04,4,1,train
03-01-04-01-01-02-05,5,1,train
03-01-04-01-01-02-06,6,1,train
03-01-04-01-01-02-07,7,1,train
03-01-04-01-01-02-08,8,1,train
03-01-04-01-01-02-09,9,1,train
03-01-04-01-01-02-10,10,1,train
03-01-04-01-01-02-11,11,1,train
03-01-04-01-01-02-12,12,1,train
03-01-04-01-01-02-13,13,1,test
03-01-04-01-01-02-14,14,1,train
03-01-04-01-01-02-15,15,1,train
03-01-04-01-01-02-16,16,1,train
03-01-04-01-01-02-17,17,1,train
03-01-04-01-01-02-18,18,1,train
03-01-04-01-01-02-19,19,1,train
03-01-04-01-01-02-20,20,1,train
03-01-04-01-01-02-21,21,1,train
03-01-04-01-01-02-22,22,1,train
03-01-04-01-01-02-23,23,1,test
03-01-04-01-01-02-24,24,1,test
03-01-04-01-02-01-01,1,1,test
03-01-04-01-02-01-02,2,1,train
03-01-04-01-02-01-03,3,1,train
03-01-04-01-02-01-04,4,1,train
03-01-04-01-02-01-05,5,1,train
03-01-04-01-02-01-06,6,1,train
03-01-04-01-02-01-07,7,1,train
03-01-04-01-02-01-08,8,1,train
03-01-04-01-02-01-09,9,1,train
03-01-04-01-02-01-10,10,1,train
03-01-04-01-02-01-11,11,1,train
03-01-04-01-02-01-12,12,1,train
03-01-04-01-02-01-13,13,1,test
03-01-04-01-02-01-14,14,1,train
03-01-04-01-02-01-15,15,1,train
03-01-04-01-02-01-16,16,1,train
03-01-04-01-02-01-17,17,1,train
03-01-04-01-02-01-18,18,1,train
03-01-04-01-02-01-19,19,1,train
03-01-04-01-02-01-20,20,1,train
03-01-04-01-02-01-21,21,1,train
03-01-04-01-02-01-22,22,1,train
03-01-04-01-02-01-23,23,1,test
03-01-04-01-02-01-24,24,1,test
03-01-04-01-02-02-01,1,1,test
03-01-04-01-02-02-02,2,1,train
03-01-04-01-02-02-03,3,1,train
03-01-04-01-02-02-04,4,1,train
03-01-04-01-02-02-05,5,1,train
03-01-04-01-02-02-06,6,1,train
03-01-04-01-02-02-07,7,1,train
03-01-04-01-02-02-08,8,1,train
03-01-04-01-02-02-09,9,1,train
03-01-04-01-02-02-10,10,1,train
03-01-04-01-02-02-11,11,1,train
03-01-04-01-02-02-12,12,1,train
03-01-04-01-02-02-13,13,1,test
03-01-04-01-02-02-14,14,1,train
03-01-04-01-02-02-15,15,1,train
03-01-04-01-02-02-16,16,1,train
03-01-04-01-02-02-17,17,1,train
03-01-04-01-02-02-18,18,1,train
03-01-04-01-02-02-19,19,1,train
03-01-04-01-02-02-20,20,1,train
03-01-04-01-02-02-21,21,1,train
03-01-04-01-02-02-22,22,1,train
03-01-04-01-02-02-23,23,1,test
03-01-04-01-02-02-24,24,1,test
03-01-04-02-01-01-01,1,1,test
03-01-04-02-01-01-02,2,1,train
03-01-04-02-01-01-03,3,1,train
03-01-04-02-01-01-04,4,1,train
03-01-04-02-01-01-05,5,1,train
03-01-04-02-01-01-06,6,1,train
03-01-04-02-01-01-07,7,1,train
03-01-04-02-01-01-08,8,1,train
03-01-04-02-01-01-09,9,1,train
03-01-04-02-01-01-10,10,1,train
03-01-04-02-01-01-11,11,1,train
03-01-04-02-01-01-12,12,1,train
03-01-04-02-01-01-13,13,1,test
03-01-04-02-01-01-14,14,1,train
03-01-04-02-01-01-15,15,1,train
03-01-04-02-01-01-16,16,1,train
03-01-04-02-01-01-17,17,1,train
03-01-04-02-01-01-18,18,1,train
03-01-04-02-01-01-19,19,1,train
03-01-04-02-01-01-20,20,1,train
03-01-04-02-01-01-21,21,1,train
03-01-04-02-01-01-22,22,1,train
03-01-04-02-01-01-23,23,1,test
03-01-04-02-01-01-24,24,1,test
03-01-04-02-01-02-01,1,1,test
03-01-04-02-01-02-02,2,1,train
03-01-04-02-01-02-03,3,1,train
03-01-04-02-01-02-04,4,1,train
03-01-04-02-01-02-05,5,1,train
03-01-04-02-01-02-06,6,1,train
03-01-04-02-01-02-07,7,1,train
03-01-04-02-01-02-08,8,1,train
03-01-04-02-01-02-09,9,1,train
03-01-04-02-01-02-10,10,1,train
03-01-04-02-01-02-11,11,1,train
03-01-04-02-01-02-12,12,1,train
03-01-04-02-01-02-13,13,1,test
03-01-04-02-01-02-14,14,1,train
03-01-04-02-01-02-15,15,1,train
03-01-04-02-01-02-16,16,1,train
03-01-04-02-01-02-17,17,1,train
03-01-04-02-01-02-18,18,1,train
03-01-04-02-01-02-19,19,1,train
03-01-04-02-01-02-20,20,1,train
03-01-04-02-01-02-21,21,1,train
03-01-04-02-01-02-22,22,1,train
03-01-04-02-01-02-23,23,1,test
03-01-04-02-01-02-24,24,1,test
03-01-04-02-02-01-01,1,1,test
03-01-04-02-02-01-02,2,1,train
03-01-04-02-02-01-03,3,1,train
03-01-04-02-02-01-04,4,1,train
03-01-04-02-02-01-05,5,1,train
03-01-04-02-02-01-06,6,1,train
03-01-04-02-02-01-07,7,1,train
03-01-04-02-02-01-08,8,1,train
03-01-04-02-02-01-09,9,1,train
03-01-04-02-02-01-10,10,1,train
03-01-04-02-02-01-11,11,1,train
03-01-04-02-02-01-12,12,1,train
03-01-04-02-02-01-13,13,1,test
03-01-04-02-02-01-14,14,1,train
03-01-04-02-02-01-15,15,1,train
03-01-04-02-02-01-16,16,1,train
03-01-04-02-02-01-17,17,1,train
03-01-04-02-02-01-18,18,1,train
03-01-04-02-02-01-19,19,1,train
03-01-04-02-02-01-20,20,1,train
03-01-04-02-02-01-21,21,1,train
03-01-04-02-02-01-22,22,1,train
03-01-04-02-02-01-23,23,1,test
03-01-04-02-02-01-24,24,1,test
03-01-04-02-02-02-01,1,1,test
03-01-04-02-02-02-02,2,1,train
03-01-04-02-02-02-03,3,1,train
03-01-04-02-02-02-04,4,1,train
03-01-04-02-02-02-05,5,1,train
03-01-04-02-02-02-06,6,1,train
03-01-04-02-02-02-07,7,1,train
03-01-04-02-02-02-08,8,1,train
03-01-04-02-02-02-09,9,1,train
03-01-04-02-02-02-10,10,1,train
03-01-04-02-02-02-11,11,1,train
03-01-04-02-02-02-12,12,1,train
03-01-04-02-02-02-13,13,1,test
03-01-04-02-02-02-14,14,1,train
03-01-04-02-02-02-15,15,1,train
03-01-04-02-02-02-16,16,1,train
03-01-04-02-02-02-17,17,1,train
03-01-04-02-02-02-18,18,1,train
03-01-04-02-02-02-19,19,1,train
03-01-04-02-02-02-20,20,1,train
03-01-04-02-02-02-21,21,1,train
03-01-04-02-02-02-22,22,1,train
03-01-04-02-02-02-23,23,1,test
03-01-04-02-02-02-24,24,1,test
03-01-05-01-01-01-01,1,1,test
03-01-05-01-01-01-02,2,1,train
03-01-05-01-01-01-03,3,1,train
03-01-05-01-01-01-04,4,1,train
03-01-05-01-01-01-05,5,1,train
03-01-05-01-01-01-06,6,1,train
03-01-05-01-01-01-07,7,1,train
03-01-05-01-01-01-08,8,1,train
03-01-05-01-01-01-09,9,1,train
03-01-05-01-01-01-10,10,1,train
03-01-05-01-01-01-11,11,1,train
03-01-05-01-01-01-12,12,1,train
03-01-05-01-01-01-13,13,1,test
03-01-05-01-01-01-14,14,1,train
03-01-05-01-01-01-15,15,1,train
03-01-05-01-01-01-16,16,1,train
03-01-05-01-01-01-17,17,1,train
03-01-05-01-01-01-18,18,1,train
03-01-05-01-01-01-19,19,1,train
03-01-05-01-01-01-20,20,1,train
03-01-05-01-01-01-21,21,1,train
03-01-05-01-01-01-22,22,1,train
03-01-05-01-01-01-23,23,1,test
03-01-05-01-01-01-24,24,1,test
03-01-05-01-01-02-01,1,1,test
03-01-05-01-01-02-02,2,1,train
03-01-05-01-01-02-03,3,1,train
03-01-05-01-01-02-04,4,1,train
03-01-05-01-01-02-05,5,1,train
03-01-05-01-01-02-06,6,1,train
03-01-05-01-01-02-07,7,1,train
03-01-05-01-01-02-08,8,1,train
03-01-05-01-01-02-09,9,1,train
03-01-05-01-01-02-10,10,1,train
03-01-05-01-01-02-11,11,1,train
03-01-05-01-01-02-12,12,1,train
03-01-05-01-01-02-13,13,1,test
03-01-05-01-01-02-14,14,1,train
03-01-05-01-01-02-15,15,1,train
03-01-05-01-01-02-16,16,1,train
03-01-05-01-01-02-17,17,1,train
03-01-05-01-01-02-18,18,1,train
03-01-05-01-01-02-19,19,1,train
03-01-05-01-01-02-20,20,1,train
03-01-05-01-01-02-21,21,1,train
03-01-05-01-01-02-22,22,1,train
03-01-05-01-01-02-23,23,1,test
03-01-05-01-01-02-24,24,1,test
03-01-05-01-02-01-01,1,1,test
03-01-05-01-02-01-02,2,1,train
03-01-05-01-02-01-03,3,1,train
03-01-05-01-02-01-04,4,1,train
03-01-05-01-02-01-05,5,1,train
03-01-05-01-02-01-06,6,1,train
03-01-05-01-02-01-07,7,1,train
03-01-05-01-02-01-08,8,1,train
03-01-05-01-02-01-09,9,1,train
03-01-05-01-02-01-10,10,1,train
03-01-05-01-02-01-11,11,1,train
03-01-05-01-02-01-12,12,1,train
03-01-05-01-02-01-13,13,1,test
03-01-05-01-02-01-14,14,1,train
03-01-05-01-02-01-15,15,1,train
03-01-05-01-02-01-16,16,1,train
03-01-05-01-02-01-17,17,1,train
03-01-05-01-02-01-18,18,1,train
03-01-05-01-02-01-19,19,1,train
03-01-05-01-02-01-20,20,1,train
03-01-05-01-02-01-21,21,1,train
03-01-05-01-02-01-22,22,1,train
03-01-05-01-02-01-23,23,1,test
03-01-05-01-02-01-24,24,1,test
03-01-05-01-02-02-01,1,1,test
03-01-05-01-02-02-02,2,1,train
03-01-05-01-02-02-03,3,1,train
03-01-05-01-02-02-04,4,1,train
03-01-05-01-02-02-05,5,1,train
03-01-05-01-02-02-06,6,1,train
03-01-05-01-02-02-07,7,1,train
03-01-05-01-02-02-08,8,1,train
03-01-05-01-02-02-09,9,1,train
03-01-05-01-02-02-10,10,1,train
03-01-05-01-02-02-11,11,1,train
03-01-05-01-02-02-12,12,1,train
03-01-05-01-02-02-13,13,1,test
03-01-05-01-02-02-14,14,1,train
03-01-05-01-02-02-15,15,1,train
03-01-05-01-02-02-16,16,1,train
03-01-05-01-02-02-17,17,1,train
03-01-05-01-02-02-18,18,1,train
03-01-05-01-02-02-19,19,1,train
03-01-05-01-02-02-20,20,1,train
03-01-05-01-02-02-21,21,1,train
03-01-05-01-02-02-22,22,1,train
03-01-05-01-02-02-23,23,1,test
03-01-05-01-02-02-24,24,1,test
03-01-05-02-01-01-01,1,1,test
03-01-05-02-01-01-02,2,1,train
03-01-05-02-01-01-03,3,1,train
03-01-05-02-01-01-04,4,1,train
03-01-05-02-01-01-05,5,1,train
03-01-05-02-01-01-06,6,1,train
03-01-05-02-01-01-07,7,1,train
03-01-05-02-01-01-08,8,1,train
03-01-05-02-01-01-09,9,1,train
03-01-05-02-01-01-10,10,1,train
03-01-05-02-01-01-11,11,1,train
03-01-05-02-01-01-12,12,1,train
03-01-05-02-01-01-13,13,1,test
03-01-05-02-01-01-14,14,1,train
03-01-05-02-01-01-15,15,1,train
03-01-05-02-01-01-16,16,1,train
03-01-05-02-01-01-17,17,1,train
03-01-05-02-01-01-18,18,1,train
03-01-05-02-01-01-19,19,1,train
03-01-05-02-01-01-20,20,1,train
03-01-05-02-01-01-21,21,1,train
03-01-05-02-01-01-22,22,1,train
03-01-05-02-01-01-23,23,1,test
03-01-05-02-01-01-24,24,1,test
03-01-05-02-01-02-01,1,1,test
03-01-05-02-01-02-02,2,1,train
03-01-05-02-01-02-03,3,1,train
03-01-05-02-01-02-04,4,1,train
03-01-05-02-01-02-05,5,1,train
03-01-05-02-01-02-06,6,1,train
03-01-05-02-01-02-07,7,1,train
03-01-05-02-01-02-08,8,1,train
03-01-05-02-01-02-09,9,1,train
03-01-05-02-01-02-10,10,1,train
03-01-05-02-01-02-11,11,1,train
03-01-05-02-01-02-12,12,1,train
03-01-05-02-01-02-13,13,1,test
03-01-05-02-01-02-14,14,1,train
03-01-05-02-01-02-15,15,1,train
03-01-05-02-01-02-16,16,1,train
03-01-05-02-01-02-17,17,1,train
03-01-05-02-01-02-18,18,1,train
03-01-05-02-01-02-19,19,1,train
03-01-05-02-01-02-20,20,1,train
03-01-05-02-01-02-21,21,1,train
03-01-05-02-01-02-22,22,1,train
03-01-05-02-01-02-23,23,1,test
03-01-05-02-01-02-24,24,1,test
03-01-05-02-02-01-01,1,1,test
03-01-05-02-02-01-02,2,1,train
03-01-05-02-02-01-03,3,1,train
03-01-05-02-02-01-04,4,1,train
03-01-05-02-02-01-05,5,1,train
03-01-05-02-02-01-06,6,1,train
03-01-05-02-02-01-07,7,1,train
03-01-05-02-02-01-08,8,1,train
03-01-05-02-02-01-09,9,1,train
03-01-05-02-02-01-10,10,1,train
03-01-05-02-02-01-11,11,1,train
03-01-05-02-02-01-12,12,1,train
03-01-05-02-02-01-13,13,1,test
03-01-05-02-02-01-14,14,1,train
03-01-05-02-02-01-15,15,1,train
03-01-05-02-02-01-16,16,1,train
03-01-05-02-02-01-17,17,1,train
03-01-05-02-02-01-18,18,1,train
03-01-05-02-02-01-19,19,1,train
03-01-05-02-02-01-20,20,1,train
03-01-05-02-02-01-21,21,1,train
03-01-05-02-02-01-22,22,1,train
03-01-05-02-02-01-23,23,1,test
03-01-05-02-02-01-24,24,1,test
03-01-05-02-02-02-01,1,1,test
03-01-05-02-02-02-02,2,1,train
03-01-05-02-02-02-03,3,1,train
03-01-05-02-02-02-04,4,1,train
03-01-05-02-02-02-05,5,1,train
03-01-05-02-02-02-06,6,1,train
03-01-05-02-02-02-07,7,1,train
03-01-05-02-02-02-08,8,1,train
03-01-05-02-02-02-09,9,1,train
03-01-05-02-02-02-10,10,1,train
03-01-05-02-02-02-11,11,1,train
03-01-05-02-02-02-12,12,1,train
03-01-05-02-02-02-13,13,1,test
03-01-05-02-02-02-14,14,1,train
03-01-05-02-02-02-15,15,1,train
03-01-05-02-02-02-16,16,1,train
03-01-05-02-02-02-17,17,1,train
03-01-05-02-02-02-18,18,1,train
03-01-05-02-02-02-19,19,1,train
03-01-05-02-02-02-20,20,1,train
03-01-05-02-02-02-21,21,1,train
03-01-05-02-02-02-22,22,1,train
03-01-05-02-02-02-23,23,1,test
03-01-05-02-02-02-24,24,1,test
03-01-01-01-01-01-01,1,2,train
03-01-01-01-01-01-02,2,2,train
03-01-01-01-01-01-03,3,2,train
03-01-01-01-01-01-04,4,2,train
03-01-01-01-01-01-05,5,2,test
03-01-01-01-01-01-06,6,2,train
03-01-01-01-01-01-07,7,2,test
03-01-01-01-01-01-08,8,2,train
03-01-01-01-01-01-09,9,2,train
03-01-01-01-01-01-10,10,2,train
03-01-01-01-01-01-11,11,2,train
03-01-01-01-01-01-12,12,2,train
03-01-01-01-01-01-13,13,2,train
03-01-01-01-01-01-14,14,2,train
03-01-01-01-01-01-15,15,2,train
03-01-01-01-01-01-16,16,2,test
03-01-01-01-01-01-17,17,2,train
03-01-01-01-01-01-18,18,2,train
03-01-01-01-01-01-19,19,2,train
03-01-01-01-01-01-20,20,2,train
03-01-01-01-01-01-21,21,2,test
03-01-01-01-01-01-22,22,2,train
03-01-01-01-01-01-23,23,2,train
03-01-01-01-01-01-24,24,2,train
03-01-01-01-01-02-01,1,2,train
03-01-01-01-01-02-02,2,2,train
03-01-01-01-01-02-03,3,2,train
03-01-01-01-01-02-04,4,2,train
03-01-01-01-01-02-05,5,2,test
03-01-01-01-01-02-06,6,2,train
03-01-01-01-01-02-07,7,2,test
03-01-01-01-01-02-08,8,2,train
03-01-01-01-01-02-09,9,2,train
03-01-01-01-01-02-10,10,2,train
03-01-01-01-01-02-11,11,2,train
03-01-01-01-01-02-12,12,2,train
03-01-01-01-01-02-13,13,2,train
03-01-01-01-01-02-14,14,2,train
03-01-01-01-01-02-15,15,2,train
03-01-01-01-01-02-16,16,2,test
03-01-01-01-01-02-17,17,2,train
03-01-01-01-01-02-18,18,2,train
03-01-01-01-01-02-19,19,2,train
03-01-01-01-01-02-20,20,2,train
03-01-01-01-01-02-21,21,2,test
03-01-01-01-01-02-22,22,2,train
03-01-01-01-01-02-23,23,2,train
03-01-01-01-01-02-24,24,2,train
03-01-01-01-02-01-01,1,2,train
03-01-01-01-02-01-02,2,2,train
03-01-01-01-02-01-03,3,2,train
03-01-01-01-02-01-04,4,2,train
03-01-01-01-02-01-05,5,2,test
03-01-01-01-02-01-06,6,2,train
03-01-01-01-02-01-07,7,2,test
03-01-01-01-02-01-08,8,2,train
03-01-01-01-02-01-09,9,2,train
03-01-01-01-02-01-10,10,2,train
03-01-01-01-02-01-11,11,2,train
03-01-01-01-02-01-12,12,2,train
03-01-01-01-02-01-13,13,2,train
03-01-01-01-02-01-14,14,2,train
03-01-01-01-02-01-15,15,2,train
03-01-01-01-02-01-16,16,2,test
03-01-01-01-02-01-17,17,2,train
03-01-01-01-02-01-18,18,2,train
03-01-01-01-02-01-19,19,2,train
03-01-01-01-02-01-20,20,2,train
03-01-01-01-02-01-21,21,2,test
03-01-01-01-02-01-22,22,2,train
03-01-01-01-02-01-23,23,2,train
03-01-01-01-02-01-24,24,2,train
03-01-01-01-02-02-01,1,2,train
03-01-01-01-02-02-02,2,2,train
03-01-01-01-02-02-03,3,2,train
03-01-01-01-02-02-04,4,2,train
03-01-01-01-02-02-05,5,2,test
03-01-01-01-02-02-06,6,2,train
03-01-01-01-02-02-07,7,2,test
03-01-01-01-02-02-08,8,2,train
03-01-01-01-02-02-09,9,2,train
03-01-01-01-02-02-10,10,2,train
03-01-01-01-02-02-11,11,2,train
03-01-01-01-02-02-12,12,2,train
03-01-01-01-02-02-13,13,2,train
03-01-01-01-02-02-14,14,2,train
03-01-01-01-02-02-15,15,2,train
03-01-01-01-02-02-16,16,2,test
03-01-01-01-02-02-17,17,2,train
03-01-01-01-02-02-18,18,2,train
03-01-01-01-02-02-19,19,2,train
03-01-01-01-02-02-20,20,2,train
03-01-01-01-02-02-21,21,2,test
03-01-01-01-02-02-22,22,2,train
03-01-01-01-02-02-23,23,2,train
03-01-01-01-02-02-24,24,2,train
03-01-03-01-01-01-01,1,2,train
03-01-03-01-01-01-02,2,2,train
03-01-03-01-01-01-03,3,2,train
03-01-03-01-01-01-04,4,2,train
03-01-03-01-01-01-05,5,2,test
03-01-03-01-01-01-06,6,2,train
03-01-03-01-01-01-07,7,2,test
03-01-03-01-01-01-08,8,2,train
03-01-03-01-01-01-09,9,2,train
03-01-03-01-01-01-10,10,2,train
03-01-03-01-01-01-11,11,2,train
03-01-03-01-01-01-12,12,2,train
03-01-03-01-01-01-13,13,2,train
03-01-03-01-01-01-14,14,2,train
03-01-03-01-01-01-15,15,2,train
03-01-03-01-01-01-16,16,2,test
03-01-03-01-01-01-17,17,2,train
03-01-03-01-01-01-18,18,2,train
03-01-03-01-01-01-19,19,2,train
03-01-03-01-01-01-20,20,2,train
03-01-03-01-01-01-21,21,2,test
03-01-03-01-01-01-22,22,2,train
03-01-03-01-01-01-23,23,2,train
03-01-03-01-01-01-24,24,2,train
03-01-03-01-01-02-01,1,2,train
03-01-03-01-01-02-02,2,2,train
03-01-03-01-01-02-03,3,2,train
03-01-03-01-01-02-04,4,2,train
03-01-03-01-01-02-05,5,2,test
03-01-03-01-01-02-06,6,2,train
03-01-03-01-01-02-07,7,2,test
03-01-03-01-01-02-08,8,2,train
03-01-03-01-01-02-09,9,2,train
03-01-03-01-01-02-10,10,2,train
03-01-03-01-01-02-11,11,2,train
03-01-03-01-01-02-12,12,2,train
03-01-03-01-01-02-13,13,2,train
03-01-03-01-01-02-14,14,2,train
03-01-03-01-01-02-15,15,2,train
03-01-03-01-01-02-16,16,2,test
03-01-03-01-01-02-17,17,2,train
03-01-03-01-01-02-18,18,2,train
03-01-03-01-01-02-19,19,2,train
03-01-03-01-01-02-20,20,2,train
03-01-03-01-01-02-21,21,2,test
03-01-03-01-01-02-22,22,2,train
03-01-03-01-01-02-23,23,2,train
03-01-03-01-01-02-24,24,2,train
03-01-03-01-02-01-01,1,2,train
03-01-03-01-02-01-02,2,2,train
03-01-03-01-02-01-03,3,2,train
03-01-03-01-02-01-04,4,2,train
03-01-03-01-02-01-05,5,2,test
03-01-03-01-02-01-06,6,2,train
03-01-03-01-02-01-07,7,2,test
03-01-03-01-02-01-08,8,2,train
03-01-03-01-02-01-09,9,2,train
03-01-03-01-02-01-10,10,2,train
03-01-03-01-02-01-11,11,2,train
03-01-03-01-02-01-12,12,2,train
03-01-03-01-02-01-13,13,2,train
03-01-03-01-02-01-14,14,2,train
03-01-03-01-02-01-15,15,2,train
03-01-03-01-02-01-16,16,2,test
03-01-03-01-02-01-17,17,2,train
03-01-03-01-02-01-18,18,2,train
03-01-03-01-02-01-19,19,2,train
03-01-03-01-02-01-20,20,2,train
03-01-03-01-02-01-21,21,2,test
03-01-03-01-02-01-22,22,2,train
03-01-03-01-02-01-23,23,2,train
03-01-03-01-02-01-24,24,2,train
03-01-03-01-02-02-01,1,2,train
03-01-03-01-02-02-02,2,2,train
03-01-03-01-02-02-03,3,2,train
03-01-03-01-02-02-04,4,2,train
03-01-03-01-02-02-05,5,2,test
03-01-03-01-02-02-06,6,2,train
03-01-03-01-02-02-07,7,2,test
03-01-03-01-02-02-08,8,2,train
03-01-03-01-02-02-09,9,2,train
03-01-03-01-02-02-10,10,2,train
03-01-03-01-02-02-11,11,2,train
03-01-03-01-02-02-12,12,2,train
03-01-03-01-02-02-13,13,2,train
03-01-03-01-02-02-14,14,2,train
03-01-03-01-02-02-15,15,2,train
03-01-03-01-02-02-16,16,2,test
03-01-03-01-02-02-17,17,2,train
03-01-03-01-02-02-18,18,2,train
03-01-03-01-02-02-19,19,2,train
03-01-03-01-02-02-20,20,2,train
03-01-03-01-02-02-21,21,2,test
03-01-03-01-02-02-22,22,2,train
03-01-03-01-02-02-23,23,2,train
03-01-03-01-02-02-24,24,2,train
03-01-03-02-01-01-01,1,2,train
03-01-03-02-01-01-02,2,2,train
03-01-03-02-01-01-03,3,2,train
03-01-03-02-01-01-04,4,2,train
03-01-03-02-01-01-05,5,2,test
03-01-03-02-01-01-06,6,2,train
03-01-03-02-01-01-07,7,2,test
03-01-03-02-01-01-08,8,2,train
03-01-03-02-01-01-09,9,2,train
03-01-03-02-01-01-10,10,2,train
03-01-03-02-01-01-11,11,2,train
03-01-03-02-01-01-12,12,2,train
03-01-03-02-01-01-13,13,2,train
03-01-03-02-01-01-14,14,2,train
03-01-03-02-01-01-15,15,2,train
03-01-03-02-01-01-16,16,2,test
03-01-03-02-01-01-17,17,2,train
03-01-03-02-01-01-18,18,2,train
03-01-03-02-01-01-19,19,2,train
03-01-03-02-01-01-20,20,2,train
03-01-03-02-01-01-21,21,2,test
03-01-03-02-01-01-22,22,2,train
03-01-03-02-01-01-23,23,2,train
03-01-03-02-01-01-24,24,2,train
03-01-03-02-01-02-01,1,2,train
03-01-03-02-01-02-02,2,2,train
03-01-03-02-01-02-03,3,2,train
03-01-03-02-01-02-04,4,2,train
03-01-03-02-01-02-05,5,2,test
03-01-03-02-01-02-06,6,2,train
03-01-03-02-01-02-07,7,2,test
03-01-03-02-01-02-08,8,2,train
03-01-03-02-01-02-09,9,2,train
03-01-03-02-01-02-10,10,2,train
03-01-03-02-01-02-11,11,2,train
03-01-03-02-01-02-12,12,2,train
03-01-03-02-01-02-13,13,2,train
03-01-03-02-01-02-14,14,2,train
03-01-03-02-01-02-15,15,2,train
03-01-03-02-01-02-16,16,2,test
03-01-03-02-01-02-17,17,2,train
03-01-03-02-01-02-18,18,2,train
03-01-03-02-01-02-19,19,2,train
03-01-03-02-01-02-20,20,2,train
03-01-03-02-01-02-21,21,2,test
03-01-03-02-01-02-22,22,2,train
03-01-03-02-01-02-23,23,2,train
03-01-03-02-01-02-24,24,2,train
03-01-03-02-02-01-01,1,2,train
03-01-03-02-02-01-02,2,2,train
03-01-03-02-02-01-03,3,2,train
03-01-03-02-02-01-04,4,2,train
03-01-03-02-02-01-05,5,2,test
03-01-03-02-02-01-06,6,2,train
03-01-03-02-02-01-07,7,2,test
03-01-03-02-02-01-08,8,2,train
03-01-03-02-02-01-09,9,2,train
03-01-03-02-02-01-10,10,2,train
03-01-03-02-02-01-11,11,2,train
03-01-03-02-02-01-12,12,2,train
03-01-03-02-02-01-13,13,2,train
03-01-03-02-02-01-14,14,2,train
03-01-03-02-02-01-15,15,2,train
03-01-03-02-02-01-16,16,2,test
03-01-03-02-02-01-17,17,2,train
03-01-03-02-02-01-18,18,2,train
03-01-03-02-02-01-19,19,2,train
03-01-03-02-02-01-20,20,2,train
03-01-03-02-02-01-21,21,2,test
03-01-03-02-02-01-22,22,2,train
03-01-03-02-02-01-23,23,2,train
03-01-03-02-02-01-24,24,2,train
03-01-03-02-02-02-01,1,2,train
03-01-03-02-02-02-02,2,2,train
03-01-03-02-02-02-03,3,2,train
03-01-03-02-02-02-04,4,2,train
03-01-03-02-02-02-05,5,2,test
03-01-03-02-02-02-06,6,2,train
03-01-03-02-02-02-07,7,2,test
03-01-03-02-02-02-08,8,2,train
03-01-03-02-02-02-09,9,2,train
03-01-03-02-02-02-10,10,2,train
03-01-03-02-02-02-11,11,2,train
03-01-03-02-02-02-12,12,2,train
03-01-03-02-02-02-13,13,2,train
03-01-03-02-02-02-14,14,2,train
03-01-03-02-02-02-15,15,2,train
03-01-03-02-02-02-16,16,2,test
03-01-03-02-02-02-17,17,2,train
03-01-03-02-02-02-18,18,2,train
03-01-03-02-02-02-19,19,2,train
03-01-03-02-02-02-20,20,2,train
03-01-03-02-02-02-21,21,2,test
03-01-03-02-02-02-22,22,2,train
03-01-03-02-02-02-23,23,2,train
03-01-03-02-02-02-24,24,2,train
03-01-04-01-01-01-01,1,2,train
03-01-04-01-01-01-02,2,2,train
03-01-04-01-01-01-03,3,2,train
03-01-04-01-01-01-04,4,2,train
03-01-04-01-01-01-05,5,2,test
03-01-04-01-01-01-06,6,2,train
03-01-04-01-01-01-07,7,2,test
03-01-04-01-01-01-08,8,2,train
03-01-04-01-01-01-09,9,2,train
03-01-04-01-01-01-10,10,2,train
03-01-04-01-01-01-11,11,2,train
03-01-04-01-01-01-12,12,2,train
03-01-04-01-01-01-13,13,2,train
03-01-04-01-01-01-14,14,2,train
03-01-04-01-01-01-15,15,2,train
03-01-04-01-01-01-16,16,2,test
03-01-04-01-01-01-17,17,2,train
03-01-04-01-01-01-18,18,2,train
03-01-04-01-01-01-19,19,2,train
03-01-04-01-01-01-20,20,2,train
03-01-04-01-01-01-21,21,2,test
03-01-04-01-01-01-22,22,2,train
03-01-04-01-01-01-23,23,2,train
03-01-04-01-01-01-24,24,2,train
03-01-04-01-01-02-01,1,2,train
03-01-04-01-01-02-02,2,2,train
03-01-04-01-01-02-03,3,2,train
03-01-04-01-01-02-04,4,2,train
03-01-04-01-01-02-05,5,2,test
03-01-04-01-01-02-06,6,2,train
03-01-04-01-01-02-07,7,2,test
03-01-04-01-01-02-08,8,2,train
03-01-04-01-01-02-09,9,2,train
03-01-04-01-01-02-10,10,2,train
03-01-04-01-01-02-11,11,2,train
03-01-04-01-01-02-12,12,2,train
03-01-04-01-01-02-13,13,2,train
03-01-04-01-01-02-14,14,2,train
03-01-04-01-01-02-15,15,2,train
03-01-04-01-01-02-16,16,2,test
03-01-04-01-01-02-17,17,2,train
03-01-04-01-01-02-18,18,2,train
03-01-04-01-01-02-19,19,2,train
03-01-04-01-01-02-20,20,2,train
03-01-04-01-01-02-21,21,2,test
03-01-04-01-01-02-22,22,2,train
03-01-04-01-01-02-23,23,2,train
03-01-04-01-01-02-24,24,2,train
03-01-04-01-02-01-01,1,2,train
03-01-04-01-02-01-02,2,2,train
03-01-04-01-02-01-03,3,2,train
03-01-04-01-02-01-04,4,2,train
03-01-04-01-02-01-05,5,2,test
03-01-04-01-02-01-06,6,2,train
03-01-04-01-02-01-07,7,2,test
03-01-04-01-02-01-08,8,2,train
03-01-04-01-02-01-09,9,2,train
03-01-04-01-02-01-10,10,2,train
03-01-04-01-02-01-11,11,2,train
03-01-04-01-02-01-12,12,2,train
03-01-04-01-02-01-13,13,2,train
03-01-04-01-02-01-14,14,2,train
03-01-04-01-02-01-15,15,2,train
03-01-04-01-02-01-16,16,2,test
03-01-04-01-02-01-17,17,2,train
03-01-04-01-02-01-18,18,2,train
03-01-04-01-02-01-19,19,2,train
03-01-04-01-02-01-20,20,2,train
03-01-04-01-02-01-21,21,2,test
03-01-04-01-02-01-22,22,2,train
03-01-04-01-02-01-23,23,2,train
03-01-04-01-02-01-24,24,2,train
03-01-04-01-02-02-01,1,2,train
03-01-04-01-02-02-02,2,2,train
03-01-04-01-02-02-03,3,2,train
03-01-04-01-02-02-04,4,2,train
03-01-04-01-02-02-05,5,2,test
03-01-04-01-02-02-06,6,2,train
03-01-04-01-02-02-07,7,2,test
03-01-04-01-02-02-08,8,2,train
03-01-04-01-02-02-09,9,2,train
03-01-04-01-02-02-10,10,2,train
03-01-04-01-02-02-11,11,2,train
03-01-04-01-02-02-12,12,2,train
03-01-04-01-02-02-13,13,2,train
03-01-04-01-02-02-14,14,2,train
03-01-04-01-02-02-15,15,2,train
03-01-04-01-02-02-16,16,2,test
03-01-04-01-02-02-17,17,2,train
03-01-04-01-02-02-18,18,2,train
03-01-04-01-02-02-19,19,2,train
03-01-04-01-02-02-20,20,2,train
03-01-04-01-02-02-21,21,2,test
03-01-04-01-02-02-22,22,2,train
03-01-04-01-02-02-23,23,2,train
03-01-04-01-02-02-24,24,2,train
03-01-04-02-01-01-01,1,2,train
03-01-04-02-01-01-02,2,2,train
03-01-04-02-01-01-03,3,2,train
03-01-04-02-01-01-04,4,2,train
03-01-04-02-01-01-05,5,2,test
03-01-04-02-01-01-06,6,2,train
03-01-04-02-01-01-07,7,2,test
03-01-04-02-01-01-08,8,2,train
03-01-04-02-01-01-09,9,2,train
03-01-04-02-01-01-10,10,2,train
03-01-04-02-01-01-11,11,2,train
03-01-04-02-01-01-12,12,2,train
03-01-04-02-01-01-13,13,2,train
03-01-04-02-01-01-14,14,2,train
03-01-04-02-01-01-15,15,2,train
03-01-04-02-01-01-16,16,2,test
03-01-04-02-01-01-17,17,2,train
03-01-04-02-01-01-18,18,2,train
03-01-04-02-01-01-19,19,2,train
03-01-04-02-01-01-20,20,2,train
03-01-04-02-01-01-21,21,2,test
03-01-04-02-01-01-22,22,2,train
03-01-04-02-01-01-23,23,2,train
03-01-04-02-01-01-24,24,2,train
03-01-04-02-01-02-01,1,2,train
03-01-04-02-01-02-02,2,2,train
03-01-04-02-01-02-03,3,2,train
03-01-04-02-01-02-04,4,2,train
03-01-04-02-01-02-05,5,2,test
03-01-04-02-01-02-06,6,2,train
03-01-04-02-01-02-07,7,2,test
03-01-04-02-01-02-08,8,2,train
03-01-04-02-01-02-09,9,2,train
03-01-04-02-01-02-10,10,2,train
03-01-04-02-01-02-11,11,2,train
03-01-04-02-01-02-12,12,2,train
03-01-04-02-01-02-13,13,2,train
03-01-04-02-01-02-14,14,2,train
03-01-04-02-01-02-15,15,2,train
03-01-04-02-01-02-16,16,2,test
03-01-04-02-01-02-17,17,2,train
03-01-04-02-01-02-18,18,2,train
03-01-04-02-01-02-19,19,2,train
03-01-04-02-01-02-20,20,2,train
03-01-04-02-01-02-21,21,2,test
03-01-04-02-01-02-22,22,2,train
03-01-04-02-01-02-23,23,2,train
03-01-04-02-01-02-24,24,2,train
03-01-04-02-02-01-01,1,2,train
03-01-04-02-02-01-02,2,2,train
03-01-04-02-02-01-03,3,2,train
03-01-04-02-02-01-04,4,2,train
03-01-04-02-02-01-05,5,2,test
03-01-04-02-02-01-06,6,2,train
03-01-04-02-02-01-07,7,2,test
03-01-04-02-02-01-08,8,2,train
03-01-04-02-02-01-09,9,2,train
03-01-04-02-02-01-10,10,2,train
03-01-04-02-02-01-11,11,2,train
03-01-04-02-02-01-12,12,2,train
03-01-04-02-02-01-13,13,2,train
03-01-04-02-02-01-14,14,2,train
03-01-04-02-02-01-15,15,2,train
03-01-04-02-02-01-16,16,2,test
03-01-04-02-02-01-17,17,2,train
03-01-04-02-02-01-18,18,2,train
03-01-04-02-02-01-19,19,2,train
03-01-04-02-02-01-20,20,2,train
03-01-04-02-02-01-21,21,2,test
03-01-04-02-02-01-22,22,2,train
03-01-04-02-02-01-23,23,2,train
03-01-04-02-02-01-24,24,2,train
03-01-04-02-02-02-01,1,2,train
03-01-04-02-02-02-02,2,2,train
03-01-04-02-02-02-03,3,2,train
03-01-04-02-02-02-04,4,2,train
03-01-04-02-02-02-05,5,2,test
03-01-04-02-02-02-06,6,2,train
03-01-04-02-02-02-07,7,2,test
03-01-04-02-02-02-08,8,2,train
03-01-04-02-02-02-09,9,2,train
03-01-04-02-02-02-10,10,2,train
03-01-04-02-02-02-11,11,2,train
03-01-04-02-02-02-12,12,2,train
03-01-04-02-02-02-13,13,2,train
03-01-04-02-02-02-14,14,2,train
03-01-04-02-02-02-15,15,2,train
03-01-04-02-02-02-16,16,2,test
03-01-04-02-02-02-17,17,2,train
03-01-04-02-02-02-18,18,2,train
03-01-04-02-02-02-19,19,2,train
03-01-04-02-02-02-20,20,2,train
03-01-04-02-02-02-21,21,2,test
03-01-04-02-02-02-22,22,2,train
03-01-04-02-02-02-23,23,2,train
03-01-04-02-02-02-24,24,2,train
03-01-05-01-01-01-01,1,2,train
03-01-05-01-01-01-02,2,2,train
03-01-05-01-01-01-03,3,2,train
03-01-05-01-01-01-04,4,2,train
03-01-05-01-01-01-05,5,2,test
03-01-05-01-01-01-06,6,2,train
03-01-05-01-01-01-07,7,2,test
03-01-05-01-01-01-08,8,2,train
03-01-05-01-01-01-09,9,2,train
03-01-05-01-01-01-10,10,2,train
03-01-05-01-01-01-11,11,2,train
03-01-05-01-01-01-12,12,2,train
03-01-05-01-01-01-13,13,2,train
03-01-05-01-01-01-14,14,2,train
03-01-05-01-01-01-15,15,2,train
03-01-05-01-01-01-16,16,2,test
03-01-05-01-01-01-17,17,2,train
03-01-05-01-01-01-18,18,2,train
03-01-05-01-01-01-19,19,2,train
03-01-05-01-01-01-20,20,2,train
03-01-05-01-01-01-21,21,2,test
03-01-05-01-01-01-22,22,2,train
03-01-05-01-01-01-23,23,2,train
03-01-05-01-01-01-24,24,2,train
03-01-05-01-01-02-01,1,2,train
03-01-05-01-01-02-02,2,2,train
03-01-05-01-01-02-03,3,2,train
03-01-05-01-01-02-04,4,2,train
03-01-05-01-01-02-05,5,2,test
03-01-05-01-01-02-06,6,2,train
03-01-05-01-01-02-07,7,2,test
03-01-05-01-01-02-08,8,2,train
03-01-05-01-01-02-09,9,2,train
03-01-05-01-01-02-10,10,2,train
03-01-05-01-01-02-11,11,2,train
03-01-05-01-01-02-12,12,2,train
03-01-05-01-01-02-13,13,2,train
03-01-05-01-01-02-14,14,2,train
03-01-05-01-01-02-15,15,2,train
03-01-05-01-01-02-16,16,2,test
03-01-05-01-01-02-17,17,2,train
03-01-05-01-01-02-18,18,2,train
03-01-05-01-01-02-19,19,2,train
03-01-05-01-01-02-20,20,2,train
03-01-05-01-01-02-21,21,2,test
03-01-05-01-01-02-22,22,2,train
03-01-05-01-01-02-23,23,2,train
03-01-05-01-01-02-24,24,2,train
03-01-05-01-02-01-01,1,2,train
03-01-05-01-02-01-02,2,2,train
03-01-05-01-02-01-03,3,2,train
03-01-05-01-02-01-04,4,2,train
03-01-05-01-02-01-05,5,2,test
03-01-05-01-02-01-06,6,2,train
03-01-05-01-02-01-07,7,2,test
03-01-05-01-02-01-08,8,2,train
03-01-05-01-02-01-09,9,2,train
03-01-05-01-02-01-10,10,2,train
03-01-05-01-02-01-11,11,2,train
03-01-05-01-02-01-12,12,2,train
03-01-05-01-02-01-13,13,2,train
03-01-05-01-02-01-14,14,2,train
03-01-05-01-02-01-15,15,2,train
03-01-05-01-02-01-16,16,2,test
03-01-05-01-02-01-17,17,2,train
03-01-05-01-02-01-18,18,2,train
03-01-05-01-02-01-19,19,2,train
03-01-05-01-02-01-20,20,2,train
03-01-05-01-02-01-21,21,2,test
03-01-05-01-02-01-22,22,2,train
03-01-05-01-02-01-23,23,2,train
03-01-05-01-02-01-24,24,2,train
03-01-05-01-02-02-01,1,2,train
03-01-05-01-02-02-02,2,2,train
03-01-05-01-02-02-03,3,2,train
03-01-05-01-02-02-04,4,2,train
03-01-05-01-02-02-05,5,2,test
03-01-05-01-02-02-06,6,2,train
03-01-05-01-02-02-07,7,2,test
03-01-05-01-02-02-08,8,2,train
03-01-05-01-02-02-09,9,2,train
03-01-05-01-02-02-10,10,2,train
03-01-05-01-02-02-11,11,2,train
03-01-05-01-02-02-12,12,2,train
03-01-05-01-02-02-13,13,2,train
03-01-05-01-02-02-14,14,2,train
03-01-05-01-02-02-15,15,2,train
03-01-05-01-02-02-16,16,2,test
03-01-05-01-02-02-17,17,2,train
03-01-05-01-02-02-18,18,2,train
03-01-05-01-02-02-19,19,2,train
03-01-05-01-02-02-20,20,2,train
03-01-05-01-02-02-21,21,2,test
03-01-05-01-02-02-22,22,2,train
03-01-05-01-02-02-23,23,2,train
03-01-05-01-02-02-24,24,2,train
03-01-05-02-01-01-01,1,2,train
03-01-05-02-01-01-02,2,2,train
03-01-05-02-01-01-03,3,2,train
03-01-05-02-01-01-04,4,2,train
03-01-05-02-01-01-05,5,2,test
03-01-05-02-01-01-06,6,2,train
03-01-05-02-01-01-07,7,2,test
03-01-05-02-01-01-08,8,2,train
03-01-05-02-01-01-09,9,2,train
03-01-05-02-01-01-10,10,2,train
03-01-05-02-01-01-11,11,2,train
03-01-05-02-01-01-12,12,2,train
03-01-05-02-01-01-13,13,2,train
03-01-05-02-01-01-14,14,2,train
03-01-05-02-01-01-15,15,2,train
03-01-05-02-01-01-16,16,2,test
03-01-05-02-01-01-17,17,2,train
03-01-05-02-01-01-18,18,2,train
03-01-05-02-01-01-19,19,2,train
03-01-05-02-01-01-20,20,2,train
03-01-05-02-01-01-21,21,2,test
03-01-05-02-01-01-22,22,2,train
03-01-05-02-01-01-23,23,2,train
03-01-05-02-01-01-24,24,2,train
03-01-05-02-01-02-01,1,2,train
03-01-05-02-01-02-02,2,2,train
03-01-05-02-01-02-03,3,2,train
03-01-05-02-01-02-04,4,2,train
03-01-05-02-01-02-05,5,2,test
03-01-05-02-01-02-06,6,2,train
03-01-05-02-01-02-07,7,2,test
03-01-05-02-01-02-08,8,2,train
03-01-05-02-01-02-09,9,2,train
03-01-05-02-01-02-10,10,2,train
03-01-05-02-01-02-11,11,2,train
03-01-05-02-01-02-12,12,2,train
03-01-05-02-01-02-13,13,2,train
03-01-05-02-01-02-14,14,2,train
03-01-05-02-01-02-15,15,2,train
03-01-05-02-01-02-16,16,2,test
03-01-05-02-01-02-17,17,2,train
03-01-05-02-01-02-18,18,2,train
03-01-05-02-01-02-19,19,2,train
03-01-05-02-01-02-20,20,2,train
03-01-05-02-01-02-21,21,2,test
03-01-05-02-01-02-22,22,2,train
03-01-05-02-01-02-23,23,2,train
03-01-05-02-01-02-24,24,2,train
03-01-05-02-02-01-01,1,2,train
03-01-05-02-02-01-02,2,2,train
03-01-05-02-02-01-03,3,2,train
03-01-05-02-02-01-04,4,2,train
03-01-05-02-02-01-05,5,2,test
03-01-05-02-02-01-06,6,2,train
03-01-05-02-02-01-07,7,2,test
03-01-05-02-02-01-08,8,2,train
03-01-05-02-02-01-09,9,2,train
03-01-05-02-02-01-10,10,2,train
03-01-05-02-02-01-11,11,2,train
03-01-05-02-02-01-12,12,2,train
03-01-05-02-02-01-13,13,2,train
03-01-05-02-02-01-14,14,2,train
03-01-05-02-02-01-15,15,2,train
03-01-05-02-02-01-16,16,2,test
03-01-05-02-02-01-17,17,2,train
03-01-05-02-02-01-18,18,2,train
03-01-05-02-02-01-19,19,2,train
03-01-05-02-02-01-20,20,2,train
03-01-05-02-02-01-21,21,2,test
03-01-05-02-02-01-22,22,2,train
03-01-05-02-02-01-23,23,2,train
03-01-05-02-02-01-24,24,2,train
03-01-05-02-02-02-01,1,2,train
03-01-05-02-02-02-02,2,2,train
03-01-05-02-02-02-03,3,2,train
03-01-05-02-02-02-04,4,2,train
03-01-05-02-02-02-05,5,2,test
03-01-05-02-02-02-06,6,2,train
03-01-05-02-02-02-07,7,2,test
03-01-05-02-02-02-08,8,2,train
03-01-05-02-02-02-09,9,2,train
03-01-05-02-02-02-10,10,2,train
03-01-05-02-02-02-11,11,2,train
03-01-05-02-02-02-12,12,2,train
03-01-05-02-02-02-13,13,2,train
03-01-05-02-02-02-14,14,2,train
03-01-05-02-02-02-15,15,2,train
03-01-05-02-02-02-16,16,2,test
03-01-05-02-02-02-17,17,2,train
03-01-05-02-02-02-18,18,2,train
03-01-05-02-02-02-19,19,2,train
03-01-05-02-02-02-20,20,2,train
03-01-05-02-02-02-21,21,2,test
03-01-05-02-02-02-22,22,2,train
03-01-05-02-02-02-23,23,2,train
03-01-05-02-02-02-24,24,2,train
03-01-01-01-01-01-01,1,3,train
03-01-01-01-01-01-02,2,3,test
03-01-01-01-01-01-03,3,3,train
03-01-01-01-01-01-04,4,3,test
03-01-01-01-01-01-05,5,3,train
03-01-01-01-01-01-06,6,3,train
03-01-01-01-01-01-07,7,3,train
03-01-01-01-01-01-08,8,3,train
03-01-01-01-01-01-09,9,3,train
03-01-01-01-01-01-10,10,3,train
03-01-01-01-01-01-11,11,3,train
03-01-01-01-01-01-12,12,3,test
03-01-01-01-01-01-13,13,3,train
03-01-01-01-01-01-14,14,3,train
03-01-01-01-01-01-15,15,3,train
03-01-01-01-01-01-16,16,3,train
03-01-01-01-01-01-17,17,3,test
03-01-01-01-01-01-18,18,3,train
03-01-01-01-01-01-19,19,3,train
03-01-01-01-01-01-20,20,3,train
03-01-01-01-01-01-21,21,3,train
03-01-01-01-01-01-22,22,3,train
03-01-01-01-01-01-23,23,3,train
03-01-01-01-01-01-24,24,3,train
03-01-01-01-01-02-01,1,3,train
03-01-01-01-01-02-02,2,3,test
03-01-01-01-01-02-03,3,3,train
03-01-01-01-01-02-04,4,3,test
03-01-01-01-01-02-05,5,3,train
03-01-01-01-01-02-06,6,3,train
03-01-01-01-01-02-07,7,3,train
03-01-01-01-01-02-08,8,3,train
03-01-01-01-01-02-09,9,3,train
03-01-01-01-01-02-10,10,3,train
03-01-01-01-01-02-11,11,3,train
03-01-01-01-01-02-12,12,3,test
03-01-01-01-01-02-13,13,3,train
03-01-01-01-01-02-14,14,3,train
03-01-01-01-01-02-15,15,3,train
03-01-01-01-01-02-16,16,3,train
03-01-01-01-01-02-17,17,3,test
03-01-01-01-01-02-18,18,3,train
03-01-01-01-01-02-19,19,3,train
03-01-01-01-01-02-20,20,3,train
03-01-01-01-01-02-21,21,3,train
03-01-01-01-01-02-22,22,3,train
03-01-01-01-01-02-23,23,3,train
03-01-01-01-01-02-24,24,3,train
03-01-01-01-02-01-01,1,3,train
03-01-01-01-02-01-02,2,3,test
03-01-01-01-02-01-03,3,3,train
03-01-01-01-02-01-04,4,3,test
03-01-01-01-02-01-05,5,3,train
03-01-01-01-02-01-06,6,3,train
03-01-01-01-02-01-07,7,3,train
03-01-01-01-02-01-08,8,3,train
03-01-01-01-02-01-09,9,3,train
03-01-01-01-02-01-10,10,3,train
03-01-01-01-02-01-11,11,3,train
03-01-01-01-02-01-12,12,3,test
03-01-01-01-02-01-13,13,3,train
03-01-01-01-02-01-14,14,3,train
03-01-01-01-02-01-15,15,3,train
03-01-01-01-02-01-16,16,3,train
03-01-01-01-02-01-17,17,3,test
03-01-01-01-02-01-18,18,3,train
03-01-01-01-02-01-19,19,3,train
03-01-01-01-02-01-20,20,3,train
03-01-01-01-02-01-21,21,3,train
03-01-01-01-02-01-22,22,3,train
03-01-01-01-02-01-23,23,3,train
03-01-01-01-02-01-24,24,3,train
03-01-01-01-02-02-01,1,3,train
03-01-01-01-02-02-02,2,3,test
03-01-01-01-02-02-03,3,3,train
03-01-01-01-02-02-04,4,3,test
03-01-01-01-02-02-05,5,3,train
03-01-01-01-02-02-06,6,3,train
03-01-01-01-02-02-07,7,3,train
03-01-01-01-02-02-08,8,3,train
03-01-01-01-02-02-09,9,3,train
03-01-01-01-02-02-10,10,3,train
03-01-01-01-02-02-11,11,3,train
03-01-01-01-02-02-12,12,3,test
03-01-01-01-02-02-13,13,3,train
03-01-01-01-02-02-14,14,3,train
03-01-01-01-02-02-15,15,3,train
03-01-01-01-02-02-16,16,3,train
03-01-01-01-02-02-17,17,3,test
03-01-01-01-02-02-18,18,3,train
03-01-01-01-02-02-19,19,3,train
03-01-01-01-02-02-20,20,3,train
03-01-01-01-02-02-21,21,3,train
03-01-01-01-02-02-22,22,3,train
03-01-01-01-02-02-23,23,3,train
03-01-01-01-02-02-24,24,3,train
03-01-03-01-01-01-01,1,3,train
03-01-03-01-01-01-02,2,3,test
03-01-03-01-01-01-03,3,3,train
03-01-03-01-01-01-04,4,3,test
03-01-03-01-01-01-05,5,3,train
03-01-03-01-01-01-06,6,3,train
03-01-03-01-01-01-07,7,3,train
03-01-03-01-01-01-08,8,3,train
03-01-03-01-01-01-09,9,3,train
03-01-03-01-01-01-10,10,3,train
03-01-03-01-01-01-11,11,3,train
03-01-03-01-01-01-12,12,3,test
03-01-03-01-01-01-13,13,3,train
03-01-03-01-01-01-14,14,3,train
03-01-03-01-01-01-15,15,3,train
03-01-03-01-01-01-16,16,3,train
03-01-03-01-01-01-17,17,3,test
03-01-03-01-01-01-18,18,3,train
03-01-03-01-01-01-19,19,3,train
03-01-03-01-01-01-20,20,3,train
03-01-03-01-01-01-21,21,3,train
03-01-03-01-01-01-22,22,3,train
03-01-03-01-01-01-23,23,3,train
03-01-03-01-01-01-24,24,3,train
03-01-03-01-01-02-01,1,3,train
03-01-03-01-01-02-02,2,3,test
03-01-03-01-01-02-03,3,3,train
03-01-03-01-01-02-04,4,3,test
03-01-03-01-01-02-05,5,3,train
03-01-03-01-01-02-06,6,3,train
03-01-03-01-01-02-07,7,3,train
03-01-03-01-01-02-08,8,3,train
03-01-03-01-01-02-09,9,3,train
03-01-03-01-01-02-10,10,3,train
03-01-03-01-01-02-11,11,3,train
03-01-03-01-01-02-12,12,3,test
03-01-03-01-01-02-13,13,3,train
03-01-03-01-01-02-14,14,3,train
03-01-03-01-01-02-15,15,3,train
03-01-03-01-01-02-16,16,3,train
03-01-03-01-01-02-17,17,3,test
03-01-03-01-01-02-18,18,3,train
03-01-03-01-01-02-19,19,3,train
03-01-03-01-01-02-20,20,3,train
03-01-03-01-01-02-21,21,3,train
03-01-03-01-01-02-22,22,3,train
03-01-03-01-01-02-23,23,3,train
03-01-03-01-01-02-24,24,3,train
03-01-03-01-02-01-01,1,3,train
03-01-03-01-02-01-02,2,3,test
03-01-03-01-02-01-03,3,3,train
03-01-03-01-02-01-04,4,3,test
03-01-03-01-02-01-05,5,3,train
03-01-03-01-02-01-06,6,3,train
03-01-03-01-02-01-07,7,3,train
03-01-03-01-02-01-08,8,3,train
03-01-03-01-02-01-09,9,3,train
03-01-03-01-02-01-10,10,3,train
03-01-03-01-02-01-11,11,3,train
03-01-03-01-02-01-12,12,3,test
03-01-03-01-02-01-13,13,3,train
03-01-03-01-02-01-14,14,3,train
03-01-03-01-02-01-15,15,3,train
03-01-03-01-02-01-16,16,3,train
03-01-03-01-02-01-17,17,3,test
03-01-03-01-02-01-18,18,3,train
03-01-03-01-02-01-19,19,3,train
03-01-03-01-02-01-20,20,3,train
03-01-03-01-02-01-21,21,3,train
03-01-03-01-02-01-22,22,3,train
03-01-03-01-02-01-23,23,3,train
03-01-03-01-02-01-24,24,3,train
03-01-03-01-02-02-01,1,3,train
03-01-03-01-02-02-02,2,3,test
03-01-03-01-02-02-03,3,3,train
03-01-03-01-02-02-04,4,3,test
03-01-03-01-02-02-05,5,3,train
03-01-03-01-02-02-06,6,3,train
03-01-03-01-02-02-07,7,3,train
03-01-03-01-02-02-08,8,3,train
03-01-03-01-02-02-09,9,3,train
03-01-03-01-02-02-10,10,3,train
03-01-03-01-02-02-11,11,3,train
03-01-03-01-02-02-12,12,3,test
03-01-03-01-02-02-13,13,3,train
03-01-03-01-02-02-14,14,3,train
03-01-03-01-02-02-15,15,3,train
03-01-03-01-02-02-16,16,3,train
03-01-03-01-02-02-17,17,3,test
03-01-03-01-02-02-18,18,3,train
03-01-03-01-02-02-19,19,3,train
03-01-03-01-02-02-20,20,3,train
03-01-03-01-02-02-21,21,3,train
03-01-03-01-02-02-22,22,3,train
03-01-03-01-02-02-23,23,3,train
03-01-03-01-02-02-24,24,3,train
03-01-03-02-01-01-01,1,3,train
03-01-03-02-01-01-02,2,3,test
03-01-03-02-01-01-03,3,3,train
03-01-03-02-01-01-04,4,3,test
03-01-03-02-01-01-05,5,3,train
03-01-03-02-01-01-06,6,3,train
03-01-03-02-01-01-07,7,3,train
03-01-03-02-01-01-08,8,3,train
03-01-03-02-01-01-09,9,3,train
03-01-03-02-01-01-10,10,3,train
03-01-03-02-01-01-11,11,3,train
03-01-03-02-01-01-12,12,3,test
03-01-03-02-01-01-13,13,3,train
03-01-03-02-01-01-14,14,3,train
03-01-03-02-01-01-15,15,3,train
03-01-03-02-01-01-16,16,3,train
03-01-03-02-01-01-17,17,3,test
03-01-03-02-01-01-18,18,3,train
03-01-03-02-01-01-19,19,3,train
03-01-03-02-01-01-20,20,3,train
03-01-03-02-01-01-21,21,3,train
03-01-03-02-01-01-22,22,3,train
03-01-03-02-01-01-23,23,3,train
03-01-03-02-01-01-24,24,3,train
03-01-03-02-01-02-01,1,3,train
03-01-03-02-01-02-02,2,3,test
03-01-03-02-01-02-03,3,3,train
03-01-03-02-01-02-04,4,3,test
03-01-03-02-01-02-05,5,3,train
03-01-03-02-01-02-06,6,3,train
03-01-03-02-01-02-07,7,3,train
03-01-03-02-01-02-08,8,3,train
03-01-03-02-01-02-09,9,3,train
03-01-03-02-01-02-10,10,3,train
03-01-03-02-01-02-11,11,3,train
03-01-03-02-01-02-12,12,3,test
03-01-03-02-01-02-13,13,3,train
03-01-03-02-01-02-14,14,3,train
03-01-03-02-01-02-15,15,3,train
03-01-03-02-01-02-16,16,3,train
03-01-03-02-01-02-17,17,3,test
03-01-03-02-01-02-18,18,3,train
03-01-03-02-01-02-19,19,3,train
03-01-03-02-01-02-20,20,3,train
03-01-03-02-01-02-21,21,3,train
03-01-03-02-01-02-22,22,3,train
03-01-03-02-01-02-23,23,3,train
03-01-03-02-01-02-24,24,3,train
03-01-03-02-02-01-01,1,3,train
03-01-03-02-02-01-02,2,3,test
03-01-03-02-02-01-03,3,3,train
03-01-03-02-02-01-04,4,3,test
03-01-03-02-02-01-05,5,3,train
03-01-03-02-02-01-06,6,3,train
03-01-03-02-02-01-07,7,3,train
03-01-03-02-02-01-08,8,3,train
03-01-03-02-02-01-09,9,3,train
03-01-03-02-02-01-10,10,3,train
03-01-03-02-02-01-11,11,3,train
03-01-03-02-02-01-12,12,3,test
03-01-03-02-02-01-13,13,3,train
03-01-03-02-02-01-14,14,3,train
03-01-03-02-02-01-15,15,3,train
03-01-03-02-02-01-16,16,3,train
03-01-03-02-02-01-17,17,3,test
03-01-03-02-02-01-18,18,3,train
03-01-03-02-02-01-19,19,3,train
03-01-03-02-02-01-20,20,3,train
03-01-03-02-02-01-21,21,3,train
03-01-03-02-02-01-22,22,3,train
03-01-03-02-02-01-23,23,3,train
03-01-03-02-02-01-24,24,3,train
03-01-03-02-02-02-01,1,3,train
03-01-03-02-02-02-02,2,3,test
03-01-03-02-02-02-03,3,3,train
03-01-03-02-02-02-04,4,3,test
03-01-03-02-02-02-05,5,3,train
03-01-03-02-02-02-06,6,3,train
03-01-03-02-02-02-07,7,3,train
03-01-03-02-02-02-08,8,3,train
03-01-03-02-02-02-09,9,3,train
03-01-03-02-02-02-10,10,3,train
03-01-03-02-02-02-11,11,3,train
03-01-03-02-02-02-12,12,3,test
03-01-03-02-02-02-13,13,3,train
03-01-03-02-02-02-14,14,3,train
03-01-03-02-02-02-15,15,3,train
03-01-03-02-02-02-16,16,3,train
03-01-03-02-02-02-17,17,3,test
03-01-03-02-02-02-18,18,3,train
03-01-03-02-02-02-19,19,3,train
03-01-03-02-02-02-20,20,3,train
03-01-03-02-02-02-21,21,3,train
03-01-03-02-02-02-22,22,3,train
03-01-03-02-02-02-23,23,3,train
03-01-03-02-02-02-24,24,3,train
03-01-04-01-01-01-01,1,3,train
03-01-04-01-01-01-02,2,3,test
03-01-04-01-01-01-03,3,3,train
03-01-04-01-01-01-04,4,3,test
03-01-04-01-01-01-05,5,3,train
03-01-04-01-01-01-06,6,3,train
03-01-04-01-01-01-07,7,3,train
03-01-04-01-01-01-08,8,3,train
03-01-04-01-01-01-09,9,3,train
03-01-04-01-01-01-10,10,3,train
03-01-04-01-01-01-11,11,3,train
03-01-04-01-01-01-12,12,3,test
03-01-04-01-01-01-13,13,3,train
03-01-04-01-01-01-14,14,3,train
03-01-04-01-01-01-15,15,3,train
03-01-04-01-01-01-16,16,3,train
03-01-04-01-01-01-17,17,3,test
03-01-04-01-01-01-18,18,3,train
03-01-04-01-01-01-19,19,3,train
03-01-04-01-01-01-20,20,3,train
03-01-04-01-01-01-21,21,3,train
03-01-04-01-01-01-22,22,3,train
03-01-04-01-01-01-23,23,3,train
03-01-04-01-01-01-24,24,3,train
03-01-04-01-01-02-01,1,3,train
03-01-04-01-01-02-02,2,3,test
03-01-04-01-01-02-03,3,3,train
03-01-04-01-01-02-04,4,3,test
03-01-04-01-01-02-05,5,3,train
03-01-04-01-01-02-06,6,3,train
03-01-04-01-01-02-07,7,3,train
03-01-04-01-01-02-08,8,3,train
03-01-04-01-01-02-09,9,3,train
03-01-04-01-01-02-10,10,3,train
03-01-04-01-01-02-11,11,3,train
03-01-04-01-01-02-12,12,3,test
03-01-04-01-01-02-13,13,3,train
03-01-04-01-01-02-14,14,3,train
03-01-04-01-01-02-15,15,3,train
03-01-04-01-01-02-16,16,3,train
03-01-04-01-01-02-17,17,3,test
03-01-04-01-01-02-18,18,3,train
03-01-04-01-01-02-19,19,3,train
03-01-04-01-01-02-20,20,3,train
03-01-04-01-01-02-21,21,3,train
03-01-04-01-01-02-22,22,3,train
03-01-04-01-01-02-23,23,3,train
03-01-04-01-01-02-24,24,3,train
03-01-04-01-02-01-01,1,3,train
03-01-04-01-02-01-02,2,3,test
03-01-04-01-02-01-03,3,3,train
03-01-04-01-02-01-04,4,3,test
03-01-04-01-02-01-05,5,3,train
03-01-04-01-02-01-06,6,3,train
03-01-04-01-02-01-07,7,3,train
03-01-04-01-02-01-08,8,3,train
03-01-04-01-02-01-09,9,3,train
03-01-04-01-02-01-10,10,3,train
03-01-04-01-02-01-11,11,3,train
03-01-04-01-02-01-12,12,3,test
03-01-04-01-02-01-13,13,3,train
03-01-04-01-02-01-14,14,3,train
03-01-04-01-02-01-15,15,3,train
03-01-04-01-02-01-16,16,3,train
03-01-04-01-02-01-17,17,3,test
03-01-04-01-02-01-18,18,3,train
03-01-04-01-02-01-19,19,3,train
03-01-04-01-02-01-20,20,3,train
03-01-04-01-02-01-21,21,3,train
03-01-04-01-02-01-22,22,3,train
03-01-04-01-02-01-23,23,3,train
03-01-04-01-02-01-24,24,3,train
03-01-04-01-02-02-01,1,3,train
03-01-04-01-02-02-02,2,3,test
03-01-04-01-02-02-03,3,3,train
03-01-04-01-02-02-04,4,3,test
03-01-04-01-02-02-05,5,3,train
03-01-04-01-02-02-06,6,3,train
03-01-04-01-02-02-07,7,3,train
03-01-04-01-02-02-08,8,3,train
03-01-04-01-02-02-09,9,3,train
03-01-04-01-02-02-10,10,3,train
03-01-04-01-02-02-11,11,3,train
03-01-04-01-02-02-12,12,3,test
03-01-04-01-02-02-13,13,3,train
03-01-04-01-02-02-14,14,3,train
03-01-04-01-02-02-15,15,3,train
03-01-04-01-02-02-16,16,3,train
03-01-04-01-02-02-17,17,3,test
03-01-04-01-02-02-18,18,3,train
03-01-04-01-02-02-19,19,3,train
03-01-04-01-02-02-20,20,3,train
03-01-04-01-02-02-21,21,3,train
03-01-04-01-02-02-22,22,3,train
03-01-04-01-02-02-23,23,3,train
03-01-04-01-02-02-24,24,3,train
03-01-04-02-01-01-01,1,3,train
03-01-04-02-01-01-02,2,3,test
03-01-04-02-01-01-03,3,3,train
03-01-04-02-01-01-04,4,3,test
03-01-04-02-01-01-05,5,3,train
03-01-04-02-01-01-06,6,3,train
03-01-04-02-01-01-07,7,3,train
03-01-04-02-01-01-08,8,3,train
03-01-04-02-01-01-09,9,3,train
03-01-04-02-01-01-10,10,3,train
03-01-04-02-01-01-11,11,3,train
03-01-04-02-01-01-12,12,3,test
03-01-04-02-01-01-13,13,3,train
03-01-04-02-01-01-14,14,3,train
03-01-04-02-01-01-15,15,3,train
03-01-04-02-01-01-16,16,3,train
03-01-04-02-01-01-17,17,3,test
03-01-04-02-01-01-18,18,3,train
03-01-04-02-01-01-19,19,3,train
03-01-04-02-01-01-20,20,3,train
03-01-04-02-01-01-21,21,3,train
03-01-04-02-01-01-22,22,3,train
03-01-04-02-01-01-23,23,3,train
03-01-04-02-01-01-24,24,3,train
03-01-04-02-01-02-01,1,3,train
03-01-04-02-01-02-02,2,3,test
03-01-04-02-01-02-03,3,3,train
03-01-04-02-01-02-04,4,3,test
03-01-04-02-01-02-05,5,3,train
03-01-04-02-01-02-06,6,3,train
03-01-04-02-01-02-07,7,3,train
03-01-04-02-01-02-08,8,3,train
03-01-04-02-01-02-09,9,3,train
03-01-04-02-01-02-10,10,3,train
03-01-04-02-01-02-11,11,3,train
03-01-04-02-01-02-12,12,3,test
03-01-04-02-01-02-13,13,3,train
03-01-04-02-01-02-14,14,3,train
03-01-04-02-01-02-15,15,3,train
03-01-04-02-01-02-16,16,3,train
03-01-04-02-01-02-17,17,3,test
03-01-04-02-01-02-18,18,3,train
03-01-04-02-01-02-19,19,3,train
03-01-04-02-01-02-20,20,3,train
03-01-04-02-01-02-21,21,3,train
03-01-04-02-01-02-22,22,3,train
03-01-04-02-01-02-23,23,3,train
03-01-04-02-01-02-24,24,3,train
03-01-04-02-02-01-01,1,3,train
03-01-04-02-02-01-02,2,3,test
03-01-04-02-02-01-03,3,3,train
03-01-04-02-02-01-04,4,3,test
03-01-04-02-02-01-05,5,3,train
03-01-04-02-02-01-06,6,3,train
03-01-04-02-02-01-07,7,3,train
03-01-04-02-02-01-08,8,3,train
03-01-04-02-02-01-09,9,3,train
03-01-04-02-02-01-10,10,3,train
03-01-04-02-02-01-11,11,3,train
03-01-04-02-02-01-12,12,3,test
03-01-04-02-02-01-13,13,3,train
03-01-04-02-02-01-14,14,3,train
03-01-04-02-02-01-15,15,3,train
03-01-04-02-02-01-16,16,3,train
03-01-04-02-02-01-17,17,3,test
03-01-04-02-02-01-18,18,3,train
03-01-04-02-02-01-19,19,3,train
03-01-04-02-02-01-20,20,3,train
03-01-04-02-02-01-21,21,3,train
03-01-04-02-02-01-22,22,3,train
03-01-04-02-02-01-23,23,3,train
03-01-04-02-02-01-24,24,3,train
03-01-04-02-02-02-01,1,3,train
03-01-04-02-02-02-02,2,3,test
03-01-04-02-02-02-03,3,3,train
03-01-04-02-02-02-04,4,3,test
03-01-04-02-02-02-05,5,3,train
03-01-04-02-02-02-06,6,3,train
03-01-04-02-02-02-07,7,3,train
03-01-04-02-02-02-08,8,3,train
03-01-04-02-02-02-09,9,3,train
03-01-04-02-02-02-10,10,3,train
03-01-04-02-02-02-11,11,3,train
03-01-04-02-02-02-12,12,3,test
03-01-04-02-02-02-13,13,3,train
03-01-04-02-02-02-14,14,3,train
03-01-04-02-02-02-15,15,3,train
03-01-04-02-02-02-16,16,3,train
03-01-04-02-02-02-17,17,3,test
03-01-04-02-02-02-18,18,3,train
03-01-04-02-02-02-19,19,3,train
03-01-04-02-02-02-20,20,3,train
03-01-04-02-02-02-21,21,3,train
03-01-04-02-02-02-22,22,3,train
03-01-04-02-02-02-23,23,3,train
03-01-04-02-02-02-24,24,3,train
03-01-05-01-01-01-01,1,3,train
03-01-05-01-01-01-02,2,3,test
03-01-05-01-01-01-03,3,3,train
03-01-05-01-01-01-04,4,3,test
03-01-05-01-01-01-05,5,3,train
03-01-05-01-01-01-06,6,3,train
03-01-05-01-01-01-07,7,3,train
03-01-05-01-01-01-08,8,3,train
03-01-05-01-01-01-09,9,3,train
03-01-05-01-01-01-10,10,3,train
03-01-05-01-01-01-11,11,3,train
03-01-05-01-01-01-12,12,3,test
03-01-05-01-01-01-13,13,3,train
03-01-05-01-01-01-14,14,3,train
03-01-05-01-01-01-15,15,3,train
03-01-05-01-01-01-16,16,3,train
03-01-05-01-01-01-17,17,3,test
03-01-05-01-01-01-18,18,3,train
03-01-05-01-01-01-19,19,3,train
03-01-05-01-01-01-20,20,3,train
03-01-05-01-01-01-21,21,3,train
03-01-05-01-01-01-22,22,3,train
03-01-05-01-01-01-23,23,3,train
03-01-05-01-01-01-24,24,3,train
03-01-05-01-01-02-01,1,3,train
03-01-05-01-01-02-02,2,3,test
03-01-05-01-01-02-03,3,3,train
03-01-05-01-01-02-04,4,3,test
03-01-05-01-01-02-05,5,3,train
03-01-05-01-01-02-06,6,3,train
03-01-05-01-01-02-07,7,3,train
03-01-05-01-01-02-08,8,3,train
03-01-05-01-01-02-09,9,3,train
03-01-05-01-01-02-10,10,3,train
03-01-05-01-01-02-11,11,3,train
03-01-05-01-01-02-12,12,3,test
03-01-05-01-01-02-13,13,3,train
03-01-05-01-01-02-14,14,3,train
03-01-05-01-01-02-15,15,3,train
03-01-05-01-01-02-16,16,3,train
03-01-05-01-01-02-17,17,3,test
03-01-05-01-01-02-18,18,3,train
03-01-05-01-01-02-19,19,3,train
03-01-05-01-01-02-20,20,3,train
03-01-05-01-01-02-21,21,3,train
03-01-05-01-01-02-22,22,3,train
03-01-05-01-01-02-23,23,3,train
03-01-05-01-01-02-24,24,3,train
03-01-05-01-02-01-01,1,3,train
03-01-05-01-02-01-02,2,3,test
03-01-05-01-02-01-03,3,3,train
03-01-05-01-02-01-04,4,3,test
03-01-05-01-02-01-05,5,3,train
03-01-05-01-02-01-06,6,3,train
03-01-05-01-02-01-07,7,3,train
03-01-05-01-02-01-08,8,3,train
03-01-05-01-02-01-09,9,3,train
03-01-05-01-02-01-10,10,3,train
03-01-05-01-02-01-11,11,3,train
03-01-05-01-02-01-12,12,3,test
03-01-05-01-02-01-13,13,3,train
03-01-05-01-02-01-14,14,3,train
03-01-05-01-02-01-15,15,3,train
03-01-05-01-02-01-16,16,3,train
03-01-05-01-02-01-17,17,3,test
03-01-05-01-02-01-18,18,3,train
03-01-05-01-02-01-19,19,3,train
03-01-05-01-02-01-20,20,3,train
03-01-05-01-02-01-21,21,3,train
03-01-05-01-02-01-22,22,3,train
03-01-05-01-02-01-23,23,3,train
03-01-05-01-02-01-24,24,3,train
03-01-05-01-02-02-01,1,3,train
03-01-05-01-02-02-02,2,3,test
03-01-05-01-02-02-03,3,3,train
03-01-05-01-02-02-04,4,3,test
03-01-05-01-02-02-05,5,3,train
03-01-05-01-02-02-06,6,3,train
03-01-05-01-02-02-07,7,3,train
03-01-05-01-02-02-08,8,3,train
03-01-05-01-02-02-09,9,3,train
03-01-05-01-02-02-10,10,3,train
03-01-05-01-02-02-11,11,3,train
03-01-05-01-02-02-12,12,3,test
03-01-05-01-02-02-13,13,3,train
03-01-05-01-02-02-14,14,3,train
03-01-05-01-02-02-15,15,3,train
03-01-05-01-02-02-16,16,3,train
03-01-05-01-02-02-17,17,3,test
03-01-05-01-02-02-18,18,3,train
03-01-05-01-02-02-19,19,3,train
03-01-05-01-02-02-20,20,3,train
03-01-05-01-02-02-21,21,3,train
03-01-05-01-02-02-22,22,3,train
03-01-05-01-02-02-23,23,3,train
03-01-05-01-02-02-24,24,3,train
03-01-05-02-01-01-01,1,3,train
03-01-05-02-01-01-02,2,3,test
03-01-05-02-01-01-03,3,3,train
03-01-05-02-01-01-04,4,3,test
03-01-05-02-01-01-05,5,3,train
03-01-05-02-01-01-06,6,3,train
03-01-05-02-01-01-07,7,3,train
03-01-05-02-01-01-08,8,3,train
03-01-05-02-01-01-09,9,3,train
03-01-05-02-01-01-10,10,3,train
03-01-05-02-01-01-11,11,3,train
03-01-05-02-01-01-12,12,3,test
03-01-05-02-01-01-13,13,3,train
03-01-05-02-01-01-14,14,3,train
03-01-05-02-01-01-15,15,3,train
03-01-05-02-01-01-16,16,3,train
03-01-05-02-01-01-17,17,3,test
03-01-05-02-01-01-18,18,3,train
03-01-05-02-01-01-19,19,3,train
03-01-05-02-01-01-20,20,3,train
03-01-05-02-01-01-21,21,3,train
03-01-05-02-01-01-22,22,3,train
03-01-05-02-01-01-23,23,3,train
03-01-05-02-01-01-24,24,3,train
03-01-05-02-01-02-01,1,3,train
03-01-05-02-01-02-02,2,3,test
03-01-05-02-01-02-03,3,3,train
03-01-05-02-01-02-04,4,3,test
03-01-05-02-01-02-05,5,3,train
03-01-05-02-01-02-06,6,3,train
03-01-05-02-01-02-07,7,3,train
03-01-05-02-01-02-08,8,3,train
03-01-05-02-01-02-09,9,3,train
03-01-05-02-01-02-10,10,3,train
03-01-05-02-01-02-11,11,3,train
03-01-05-02-01-02-12,12,3,test
03-01-05-02-01-02-13,13,3,train
03-01-05-02-01-02-14,14,3,train
03-01-05-02-01-02-15,15,3,train
03-01-05-02-01-02-16,16,3,train
03-01-05-02-01-02-17,17,3,test
03-01-05-02-01-02-18,18,3,train
03-01-05-02-01-02-19,19,3,train
03-01-05-02-01-02-20,20,3,train
03-01-05-02-01-02-21,21,3,train
03-01-05-02-01-02-22,22,3,train
03-01-05-02-01-02-23,23,3,train
03-01-05-02-01-02-24,24,3,train
03-01-05-02-02-01-01,1,3,train
03-01-05-02-02-01-02,2,3,test
03-01-05-02-02-01-03,3,3,train
03-01-05-02-02-01-04,4,3,test
03-01-05-02-02-01-05,5,3,train
03-01-05-02-02-01-06,6,3,train
03-01-05-02-02-01-07,7,3,train
03-01-05-02-02-01-08,8,3,train
03-01-05-02-02-01-09,9,3,train
03-01-05-02-02-01-10,10,3,train
03-01-05-02-02-01-11,11,3,train
03-01-05-02-02-01-12,12,3,test
03-01-05-02-02-01-13,13,3,train
03-01-05-02-02-01-14,14,3,train
03-01-05-02-02-01-15,15,3,train
03-01-05-02-02-01-16,16,3,train
03-01-05-02-02-01-17,17,3,test
03-01-05-02-02-01-18,18,3,train
03-01-05-02-02-01-19,19,3,train
03-01-05-02-02-01-20,20,3,train
03-01-05-02-02-01-21,21,3,train
03-01-05-02-02-01-22,22,3,train
03-01-05-02-02-01-23,23,3,train
03-01-05-02-02-01-24,24,3,train
03-01-05-02-02-02-01,1,3,train
03-01-05-02-02-02-02,2,3,test
03-01-05-02-02-02-03,3,3,train
03-01-05-02-02-02-04,4,3,test
03-01-05-02-02-02-05,5,3,train
03-01-05-02-02-02-06,6,3,train
03-01-05-02-02-02-07,7,3,train
03-01-05-02-02-02-08,8,3,train
03-01-05-02-02-02-09,9,3,train
03-01-05-02-02-02-10,10,3,train
03-01-05-02-02-02-11,11,3,train
03-01-05-02-02-02-12,12,3,test
03-01-05-02-02-02-13,13,3,train
03-01-05-02-02-02-14,14,3,train
03-01-05-02-02-02-15,15,3,train
03-01-05-02-02-02-16,16,3,train
03-01-05-02-02-02-17,17,3,test
03-01-05-02-02-02-18,18,3,train
03-01-05-02-02-02-19,19,3,train
03-01-05-02-02-02-20,20,3,train
03-01-05-02-02-02-21,21,3,train
03-01-05-02-02-02-22,22,3,train
03-01-05-02-02-02-23,23,3,train
03-01-05-02-02-02-24,24,3,train
03-01-01-01-01-01-01,1,4,train
03-01-01-01-01-01-02,2,4,train
03-01-01-01-01-01-03,3,4,train
03-01-01-01-01-01-04,4,4,train
03-01-01-01-01-01-05,5,4,train
03-01-01-01-01-01-06,6,4,train
03-01-01-01-01-01-07,7,4,train
03-01-01-01-01-01-08,8,4,train
03-01-01-01-01-01-09,9,4,train
03-01-01-01-01-01-10,10,4,train
03-01-01-01-01-01-11,11,4,test
03-01-01-01-01-01-12,12,4,train
03-01-01-01-01-01-13,13,4,train
03-01-01-01-01-01-14,14,4,test
03-01-01-01-01-01-15,15,4,train
03-01-01-01-01-01-16,16,4,train
03-01-01-01-01-01-17,17,4,train
03-01-01-01-01-01-18,18,4,test
03-01-01-01-01-01-19,19,4,train
03-01-01-01-01-01-20,20,4,train
03-01-01-01-01-01-21,21,4,train
03-01-01-01-01-01-22,22,4,test
03-01-01-01-01-01-23,23,4,train
03-01-01-01-01-01-24,24,4,train
03-01-01-01-01-02-01,1,4,train
03-01-01-01-01-02-02,2,4,train
03-01-01-01-01-02-03,3,4,train
03-01-01-01-01-02-04,4,4,train
03-01-01-01-01-02-05,5,4,train
03-01-01-01-01-02-06,6,4,train
03-01-01-01-01-02-07,7,4,train
03-01-01-01-01-02-08,8,4,train
03-01-01-01-01-02-09,9,4,train
03-01-01-01-01-02-10,10,4,train
03-01-01-01-01-02-11,11,4,test
03-01-01-01-01-02-12,12,4,train
03-01-01-01-01-02-13,13,4,train
03-01-01-01-01-02-14,14,4,test
03-01-01-01-01-02-15,15,4,train
03-01-01-01-01-02-16,16,4,train
03-01-01-01-01-02-17,17,4,train
03-01-01-01-01-02-18,18,4,test
03-01-01-01-01-02-19,19,4,train
03-01-01-01-01-02-20,20,4,train
03-01-01-01-01-02-21,21,4,train
03-01-01-01-01-02-22,22,4,test
03-01-01-01-01-02-23,23,4,train
03-01-01-01-01-02-24,24,4,train
03-01-01-01-02-01-01,1,4,train
03-01-01-01-02-01-02,2,4,train
03-01-01-01-02-01-03,3,4,train
03-01-01-01-02-01-04,4,4,train
03-01-01-01-02-01-05,5,4,train
03-01-01-01-02-01-06,6,4,train
03-01-01-01-02-01-07,7,4,train
03-01-01-01-02-01-08,8,4,train
03-01-01-01-02-01-09,9,4,train
03-01-01-01-02-01-10,10,4,train
03-01-01-01-02-01-11,11,4,test
03-01-01-01-02-01-12,12,4,train
03-01-01-01-02-01-13,13,4,train
03-01-01-01-02-01-14,14,4,test
03-01-01-01-02-01-15,15,4,train
03-01-01-01-02-01-16,16,4,train
03-01-01-01-02-01-17,17,4,train
03-01-01-01-02-01-18,18,4,test
03-01-01-01-02-01-19,19,4,train
03-01-01-01-02-01-20,20,4,train
03-01-01-01-02-01-21,21,4,train
03-01-01-01-02-01-22,22,4,test
03-01-01-01-02-01-23,23,4,train
03-01-01-01-02-01-24,24,4,train
03-01-01-01-02-02-01,1,4,train
03-01-01-01-02-02-02,2,4,train
03-01-01-01-02-02-03,3,4,train
03-01-01-01-02-02-04,4,4,train
03-01-01-01-02-02-05,5,4,train
03-01-01-01-02-02-06,6,4,train
03-01-01-01-02-02-07,7,4,train
03-01-01-01-02-02-08,8,4,train
03-01-01-01-02-02-09,9,4,train
03-01-01-01-02-02-10,10,4,train
03-01-01-01-02-02-11,11,4,test
03-01-01-01-02-02-12,12,4,train
03-01-01-01-02-02-13,13,4,train
03-01-01-01-02-02-14,14,4,test
03-01-01-01-02-02-15,15,4,train
03-01-01-01-02-02-16,16,4,train
03-01-01-01-02-02-17,17,4,train
03-01-01-01-02-02-18,18,4,test
03-01-01-01-02-02-19,19,4,train
03-01-01-01-02-02-20,20,4,train
03-01-01-01-02-02-21,21,4,train
03-01-01-01-02-02-22,22,4,test
03-01-01-01-02-02-23,23,4,train
03-01-01-01-02-02-24,24,4,train
03-01-03-01-01-01-01,1,4,train
03-01-03-01-01-01-02,2,4,train
03-01-03-01-01-01-03,3,4,train
03-01-03-01-01-01-04,4,4,train
03-01-03-01-01-01-05,5,4,train
03-01-03-01-01-01-06,6,4,train
03-01-03-01-01-01-07,7,4,train
03-01-03-01-01-01-08,8,4,train
03-01-03-01-01-01-09,9,4,train
03-01-03-01-01-01-10,10,4,train
03-01-03-01-01-01-11,11,4,test
03-01-03-01-01-01-12,12,4,train
03-01-03-01-01-01-13,13,4,train
03-01-03-01-01-01-14,14,4,test
03-01-03-01-01-01-15,15,4,train
03-01-03-01-01-01-16,16,4,train
03-01-03-01-01-01-17,17,4,train
03-01-03-01-01-01-18,18,4,test
03-01-03-01-01-01-19,19,4,train
03-01-03-01-01-01-20,20,4,train
03-01-03-01-01-01-21,21,4,train
03-01-03-01-01-01-22,22,4,test
03-01-03-01-01-01-23,23,4,train
03-01-03-01-01-01-24,24,4,train
03-01-03-01-01-02-01,1,4,train
03-01-03-01-01-02-02,2,4,train
03-01-03-01-01-02-03,3,4,train
03-01-03-01-01-02-04,4,4,train
03-01-03-01-01-02-05,5,4,train
03-01-03-01-01-02-06,6,4,train
03-01-03-01-01-02-07,7,4,train
03-01-03-01-01-02-08,8,4,train
03-01-03-01-01-02-09,9,4,train
03-01-03-01-01-02-10,10,4,train
03-01-03-01-01-02-11,11,4,test
03-01-03-01-01-02-12,12,4,train
03-01-03-01-01-02-13,13,4,train
03-01-03-01-01-02-14,14,4,test
03-01-03-01-01-02-15,15,4,train
03-01-03-01-01-02-16,16,4,train
03-01-03-01-01-02-17,17,4,train
03-01-03-01-01-02-18,18,4,test
03-01-03-01-01-02-19,19,4,train
03-01-03-01-01-02-20,20,4,train
03-01-03-01-01-02-21,21,4,train
03-01-03-01-01-02-22,22,4,test
03-01-03-01-01-02-23,23,4,train
03-01-03-01-01-02-24,24,4,train
03-01-03-01-02-01-01,1,4,train
03-01-03-01-02-01-02,2,4,train
03-01-03-01-02-01-03,3,4,train
03-01-03-01-02-01-04,4,4,train
03-01-03-01-02-01-05,5,4,train
03-01-03-01-02-01-06,6,4,train
03-01-03-01-02-01-07,7,4,train
03-01-03-01-02-01-08,8,4,train
03-01-03-01-02-01-09,9,4,train
03-01-03-01-02-01-10,10,4,train
03-01-03-01-02-01-11,11,4,test
03-01-03-01-02-01-12,12,4,train
03-01-03-01-02-01-13,13,4,train
03-01-03-01-02-01-14,14,4,test
03-01-03-01-02-01-15,15,4,train
03-01-03-01-02-01-16,16,4,train
03-01-03-01-02-01-17,17,4,train
03-01-03-01-02-01-18,18,4,test
03-01-03-01-02-01-19,19,4,train
03-01-03-01-02-01-20,20,4,train
03-01-03-01-02-01-21,21,4,train
03-01-03-01-02-01-22,22,4,test
03-01-03-01-02-01-23,23,4,train
03-01-03-01-02-01-24,24,4,train
03-01-03-01-02-02-01,1,4,train
03-01-03-01-02-02-02,2,4,train
03-01-03-01-02-02-03,3,4,train
03-01-03-01-02-02-04,4,4,train
03-01-03-01-02-02-05,5,4,train
03-01-03-01-02-02-06,6,4,train
03-01-03-01-02-02-07,7,4,train
03-01-03-01-02-02-08,8,4,train
03-01-03-01-02-02-09,9,4,train
03-01-03-01-02-02-10,10,4,train
03-01-03-01-02-02-11,11,4,test
03-01-03-01-02-02-12,12,4,train
03-01-03-01-02-02-13,13,4,train
03-01-03-01-02-02-14,14,4,test
03-01-03-01-02-02-15,15,4,train
03-01-03-01-02-02-16,16,4,train
03-01-03-01-02-02-17,17,4,train
03-01-03-01-02-02-18,18,4,test
03-01-03-01-02-02-19,19,4,train
03-01-03-01-02-02-20,20,4,train
03-01-03-01-02-02-21,21,4,train
03-01-03-01-02-02-22,22,4,test
03-01-03-01-02-02-23,23,4,train
03-01-03-01-02-02-24,24,4,train
03-01-03-02-01-01-01,1,4,train
03-01-03-02-01-01-02,2,4,train
03-01-03-02-01-01-03,3,4,train
03-01-03-02-01-01-04,4,4,train
03-01-03-02-01-01-05,5,4,train
03-01-03-02-01-01-06,6,4,train
03-01-03-02-01-01-07,7,4,train
03-01-03-02-01-01-08,8,4,train
03-01-03-02-01-01-09,9,4,train
03-01-03-02-01-01-10,10,4,train
03-01-03-02-01-01-11,11,4,test
03-01-03-02-01-01-12,12,4,train
03-01-03-02-01-01-13,13,4,train
03-01-03-02-01-01-14,14,4,test
03-01-03-02-01-01-15,15,4,train
03-01-03-02-01-01-16,16,4,train
03-01-03-02-01-01-17,17,4,train
03-01-03-02-01-01-18,18,4,test
03-01-03-02-01-01-19,19,4,train
03-01-03-02-01-01-20,20,4,train
03-01-03-02-01-01-21,21,4,train
03-01-03-02-01-01-22,22,4,test
03-01-03-02-01-01-23,23,4,train
03-01-03-02-01-01-24,24,4,train
03-01-03-02-01-02-01,1,4,train
03-01-03-02-01-02-02,2,4,train
03-01-03-02-01-02-03,3,4,train
03-01-03-02-01-02-04,4,4,train
03-01-03-02-01-02-05,5,4,train
03-01-03-02-01-02-06,6,4,train
03-01-03-02-01-02-07,7,4,train
03-01-03-02-01-02-08,8,4,train
03-01-03-02-01-02-09,9,4,train
03-01-03-02-01-02-10,10,4,train
03-01-03-02-01-02-11,11,4,test
03-01-03-02-01-02-12,12,4,train
03-01-03-02-01-02-13,13,4,train
03-01-03-02-01-02-14,14,4,test
03-01-03-02-01-02-15,15,4,train
03-01-03-02-01-02-16,16,4,train
03-01-03-02-01-02-17,17,4,train
03-01-03-02-01-02-18,18,4,test
03-01-03-02-01-02-19,19,4,train
03-01-03-02-01-02-20,20,4,train
03-01-03-02-01-02-21,21,4,train
03-01-03-02-01-02-22,22,4,test
03-01-03-02-01-02-23,23,4,train
03-01-03-02-01-02-24,24,4,train
03-01-03-02-02-01-01,1,4,train
03-01-03-02-02-01-02,2,4,train
03-01-03-02-02-01-03,3,4,train
03-01-03-02-02-01-04,4,4,train
03-01-03-02-02-01-05,5,4,train
03-01-03-02-02-01-06,6,4,train
03-01-03-02-02-01-07,7,4,train
03-01-03-02-02-01-08,8,4,train
03-01-03-02-02-01-09,9,4,train
03-01-03-02-02-01-10,10,4,train
03-01-03-02-02-01-11,11,4,test
03-01-03-02-02-01-12,12,4,train
03-01-03-02-02-01-13,13,4,train
03-01-03-02-02-01-14,14,4,test
03-01-03-02-02-01-15,15,4,train
03-01-03-02-02-01-16,16,4,train
03-01-03-02-02-01-17,17,4,train
03-01-03-02-02-01-18,18,4,test
03-01-03-02-02-01-19,19,4,train
03-01-03-02-02-01-20,20,4,train
03-01-03-02-02-01-21,21,4,train
03-01-03-02-02-01-22,22,4,test
03-01-03-02-02-01-23,23,4,train
03-01-03-02-02-01-24,24,4,train
03-01-03-02-02-02-01,1,4,train
03-01-03-02-02-02-02,2,4,train
03-01-03-02-02-02-03,3,4,train
03-01-03-02-02-02-04,4,4,train
03-01-03-02-02-02-05,5,4,train
03-01-03-02-02-02-06,6,4,train
03-01-03-02-02-02-07,7,4,train
03-01-03-02-02-02-08,8,4,train
03-01-03-02-02-02-09,9,4,train
03-01-03-02-02-02-10,10,4,train
03-01-03-02-02-02-11,11,4,test
03-01-03-02-02-02-12,12,4,train
03-01-03-02-02-02-13,13,4,train
03-01-03-02-02-02-14,14,4,test
03-01-03-02-02-02-15,15,4,train
03-01-03-02-02-02-16,16,4,train
03-01-03-02-02-02-17,17,4,train
03-01-03-02-02-02-18,18,4,test
03-01-03-02-02-02-19,19,4,train
03-01-03-02-02-02-20,20,4,train
03-01-03-02-02-02-21,21,4,train
03-01-03-02-02-02-22,22,4,test
03-01-03-02-02-02-23,23,4,train
03-01-03-02-02-02-24,24,4,train
03-01-04-01-01-01-01,1,4,train
03-01-04-01-01-01-02,2,4,train
03-01-04-01-01-01-03,3,4,train
03-01-04-01-01-01-04,4,4,train
03-01-04-01-01-01-05,5,4,train
03-01-04-01-01-01-06,6,4,train
03-01-04-01-01-01-07,7,4,train
03-01-04-01-01-01-08,8,4,train
03-01-04-01-01-01-09,9,4,train
03-01-04-01-01-01-10,10,4,train
03-01-04-01-01-01-11,11,4,test
03-01-04-01-01-01-12,12,4,train
03-01-04-01-01-01-13,13,4,train
03-01-04-01-01-01-14,14,4,test
03-01-04-01-01-01-15,15,4,train
03-01-04-01-01-01-16,16,4,train
03-01-04-01-01-01-17,17,4,train
03-01-04-01-01-01-18,18,4,test
03-01-04-01-01-01-19,19,4,train
03-01-04-01-01-01-20,20,4,train
03-01-04-01-01-01-21,21,4,train
03-01-04-01-01-01-22,22,4,test
03-01-04-01-01-01-23,23,4,train
03-01-04-01-01-01-24,24,4,train
03-01-04-01-01-02-01,1,4,train
03-01-04-01-01-02-02,2,4,train
03-01-04-01-01-02-03,3,4,train
03-01-04-01-01-02-04,4,4,train
03-01-04-01-01-02-05,5,4,train
03-01-04-01-01-02-06,6,4,train
03-01-04-01-01-02-07,7,4,train
03-01-04-01-01-02-08,8,4,train
03-01-04-01-01-02-09,9,4,train
03-01-04-01-01-02-10,10,4,train
03-01-04-01-01-02-11,11,4,test
03-01-04-01-01-02-12,12,4,train
03-01-04-01-01-02-13,13,4,train
03-01-04-01-01-02-14,14,4,test
03-01-04-01-01-02-15,15,4,train
03-01-04-01-01-02-16,16,4,train
03-01-04-01-01-02-17,17,4,train
03-01-04-01-01-02-18,18,4,test
03-01-04-01-01-02-19,19,4,train
03-01-04-01-01-02-20,20,4,train
03-01-04-01-01-02-21,21,4,train
03-01-04-01-01-02-22,22,4,test
03-01-04-01-01-02-23,23,4,train
03-01-04-01-01-02-24,24,4,train
03-01-04-01-02-01-01,1,4,train
03-01-04-01-02-01-02,2,4,train
03-01-04-01-02-01-03,3,4,train
03-01-04-01-02-01-04,4,4,train
03-01-04-01-02-01-05,5,4,train
03-01-04-01-02-01-06,6,4,train
03-01-04-01-02-01-07,7,4,train
03-01-04-01-02-01-08,8,4,train
03-01-04-01-02-01-09,9,4,train
03-01-04-01-02-01-10,10,4,train
03-01-04-01-02-01-11,11,4,test
03-01-04-01-02-01-12,12,4,train
03-01-04-01-02-01-13,13,4,train
03-01-04-01-02-01-14,14,4,test
03-01-04-01-02-01-15,15,4,train
03-01-04-01-02-01-16,16,4,train
03-01-04-01-02-01-17,17,4,train
03-01-04-01-02-01-18,18,4,test
03-01-04-01-02-01-19,19,4,train
03-01-04-01-02-01-20,20,4,train
03-01-04-01-02-01-21,21,4,train
03-01-04-01-02-01-22,22,4,test
03-01-04-01-02-01-23,23,4,train
03-01-04-01-02-01-24,24,4,train
03-01-04-01-02-02-01,1,4,train
03-01-04-01-02-02-02,2,4,train
03-01-04-01-02-02-03,3,4,train
03-01-04-01-02-02-04,4,4,train
03-01-04-01-02-02-05,5,4,train
03-01-04-01-02-02-06,6,4,train
03-01-04-01-02-02-07,7,4,train
03-01-04-01-02-02-08,8,4,train
03-01-04-01-02-02-09,9,4,train
03-01-04-01-02-02-10,10,4,train
03-01-04-01-02-02-11,11,4,test
03-01-04-01-02-02-12,12,4,train
03-01-04-01-02-02-13,13,4,train
03-01-04-01-02-02-14,14,4,test
03-01-04-01-02-02-15,15,4,train
03-01-04-01-02-02-16,16,4,train
03-01-04-01-02-02-17,17,4,train
03-01-04-01-02-02-18,18,4,test
03-01-04-01-02-02-19,19,4,train
03-01-04-01-02-02-20,20,4,train
03-01-04-01-02-02-21,21,4,train
03-01-04-01-02-02-22,22,4,test
03-01-04-01-02-02-23,23,4,train
03-01-04-01-02-02-24,24,4,train
03-01-04-02-01-01-01,1,4,train
03-01-04-02-01-01-02,2,4,train
03-01-04-02-01-01-03,3,4,train
03-01-04-02-01-01-04,4,4,train
03-01-04-02-01-01-05,5,4,train
03-01-04-02-01-01-06,6,4,train
03-01-04-02-01-01-07,7,4,train
03-01-04-02-01-01-08,8,4,train
03-01-04-02-01-01-09,9,4,train
03-01-04-02-01-01-10,10,4,train
03-01-04-02-01-01-11,11,4,test
03-01-04-02-01-01-12,12,4,train
03-01-04-02-01-01-13,13,4,train
03-01-04-02-01-01-14,14,4,test
03-01-04-02-01-01-15,15,4,train
03-01-04-02-01-01-16,16,4,train
03-01-04-02-01-01-17,17,4,train
03-01-04-02-01-01-18,18,4,test
03-01-04-02-01-01-19,19,4,train
03-01-04-02-01-01-20,20,4,train
03-01-04-02-01-01-21,21,4,train
03-01-04-02-01-01-22,22,4,test
03-01-04-02-01-01-23,23,4,train
03-01-04-02-01-01-24,24,4,train
03-01-04-02-01-02-01,1,4,train
03-01-04-02-01-02-02,2,4,train
03-01-04-02-01-02-03,3,4,train
03-01-04-02-01-02-04,4,4,train
03-01-04-02-01-02-05,5,4,train
03-01-04-02-01-02-06,6,4,train
03-01-04-02-01-02-07,7,4,train
03-01-04-02-01-02-08,8,4,train
03-01-04-02-01-02-09,9,4,train
03-01-04-02-01-02-10,10,4,train
03-01-04-02-01-02-11,11,4,test
03-01-04-02-01-02-12,12,4,train
03-01-04-02-01-02-13,13,4,train
03-01-04-02-01-02-14,14,4,test
03-01-04-02-01-02-15,15,4,train
03-01-04-02-01-02-16,16,4,train
03-01-04-02-01-02-17,17,4,train
03-01-04-02-01-02-18,18,4,test
03-01-04-02-01-02-19,19,4,train
03-01-04-02-01-02-20,20,4,train
03-01-04-02-01-02-21,21,4,train
03-01-04-02-01-02-22,22,4,test
03-01-04-02-01-02-23,23,4,train
03-01-04-02-01-02-24,24,4,train
03-01-04-02-02-01-01,1,4,train
03-01-04-02-02-01-02,2,4,train
03-01-04-02-02-01-03,3,4,train
03-01-04-02-02-01-04,4,4,train
03-01-04-02-02-01-05,5,4,train
03-01-04-02-02-01-06,6,4,train
03-01-04-02-02-01-07,7,4,train
03-01-04-02-02-01-08,8,4,train
03-01-04-02-02-01-09,9,4,train
03-01-04-02-02-01-10,10,4,train
03-01-04-02-02-01-11,11,4,test
03-01-04-02-02-01-12,12,4,train
03-01-04-02-02-01-13,13,4,train
03-01-04-02-02-01-14,14,4,test
03-01-04-02-02-01-15,15,4,train
03-01-04-02-02-01-16,16,4,train
03-01-04-02-02-01-17,17,4,train
03-01-04-02-02-01-18,18,4,test
03-01-04-02-02-01-19,19,4,train
03-01-04-02-02-01-20,20,4,train
03-01-04-02-02-01-21,21,4,train
03-01-04-02-02-01-22,22,4,test
03-01-04-02-02-01-23,23,4,train
03-01-04-02-02-01-24,24,4,train
03-01-04-02-02-02-01,1,4,train
03-01-04-02-02-02-02,2,4,train
03-01-04-02-02-02-03,3,4,train
03-01-04-02-02-02-04,4,4,train
03-01-04-02-02-02-05,5,4,train
03-01-04-02-02-02-06,6,4,train
03-01-04-02-02-02-07,7,4,train
03-01-04-02-02-02-08,8,4,train
03-01-04-02-02-02-09,9,4,train
03-01-04-02-02-02-10,10,4,train
03-01-04-02-02-02-11,11,4,test
03-01-04-02-02-02-12,12,4,train
03-01-04-02-02-02-13,13,4,train
03-01-04-02-02-02-14,14,4,test
03-01-04-02-02-02-15,15,4,train
03-01-04-02-02-02-16,16,4,train
03-01-04-02-02-02-17,17,4,train
03-01-04-02-02-02-18,18,4,test
03-01-04-02-02-02-19,19,4,train
03-01-04-02-02-02-20,20,4,train
03-01-04-02-02-02-21,21,4,train
03-01-04-02-02-02-22,22,4,test
03-01-04-02-02-02-23,23,4,train
03-01-04-02-02-02-24,24,4,train
03-01-05-01-01-01-01,1,4,train
03-01-05-01-01-01-02,2,4,train
03-01-05-01-01-01-03,3,4,train
03-01-05-01-01-01-04,4,4,train
03-01-05-01-01-01-05,5,4,train
03-01-05-01-01-01-06,6,4,train
03-01-05-01-01-01-07,7,4,train
03-01-05-01-01-01-08,8,4,train
03-01-05-01-01-01-09,9,4,train
03-01-05-01-01-01-10,10,4,train
03-01-05-01-01-01-11,11,4,test
03-01-05-01-01-01-12,12,4,train
03-01-05-01-01-01-13,13,4,train
03-01-05-01-01-01-14,14,4,test
03-01-05-01-01-01-15,15,4,train
03-01-05-01-01-01-16,16,4,train
03-01-05-01-01-01-17,17,4,train
03-01-05-01-01-01-18,18,4,test
03-01-05-01-01-01-19,19,4,train
03-01-05-01-01-01-20,20,4,train
03-01-05-01-01-01-21,21,4,train
03-01-05-01-01-01-22,22,4,test
03-01-05-01-01-01-23,23,4,train
03-01-05-01-01-01-24,24,4,train
03-01-05-01-01-02-01,1,4,train
03-01-05-01-01-02-02,2,4,train
03-01-05-01-01-02-03,3,4,train
03-01-05-01-01-02-04,4,4,train
03-01-05-01-01-02-05,5,4,train
03-01-05-01-01-02-06,6,4,train
03-01-05-01-01-02-07,7,4,train
03-01-05-01-01-02-08,8,4,train
03-01-05-01-01-02-09,9,4,train
03-01-05-01-01-02-10,10,4,train
03-01-05-01-01-02-11,11,4,test
03-01-05-01-01-02-12,12,4,train
03-01-05-01-01-02-13,13,4,train
03-01-05-01-01-02-14,14,4,test
03-01-05-01-01-02-15,15,4,train
03-01-05-01-01-02-16,16,4,train
03-01-05-01-01-02-17,17,4,train
03-01-05-01-01-02-18,18,4,test
03-01-05-01-01-02-19,19,4,train
03-01-05-01-01-02-20,20,4,train
03-01-05-01-01-02-21,21,4,train
03-01-05-01-01-02-22,22,4,test
03-01-05-01-01-02-23,23,4,train
03-01-05-01-01-02-24,24,4,train
03-01-05-01-02-01-01,1,4,train
03-01-05-01-02-01-02,2,4,train
03-01-05-01-02-01-03,3,4,train
03-01-05-01-02-01-04,4,4,train
03-01-05-01-02-01-05,5,4,train
03-01-05-01-02-01-06,6,4,train
03-01-05-01-02-01-07,7,4,train
03-01-05-01-02-01-08,8,4,train
03-01-05-01-02-01-09,9,4,train
03-01-05-01-02-01-10,10,4,train
03-01-05-01-02-01-11,11,4,test
03-01-05-01-02-01-12,12,4,train
03-01-05-01-02-01-13,13,4,train
03-01-05-01-02-01-14,14,4,test
03-01-05-01-02-01-15,15,4,train
03-01-05-01-02-01-16,16,4,train
03-01-05-01-02-01-17,17,4,train
03-01-05-01-02-01-18,18,4,test
03-01-05-01-02-01-19,19,4,train
03-01-05-01-02-01-20,20,4,train
03-01-05-01-02-01-21,21,4,train
03-01-05-01-02-01-22,22,4,test
03-01-05-01-02-01-23,23,4,train
03-01-05-01-02-01-24,24,4,train
03-01-05-01-02-02-01,1,4,train
03-01-05-01-02-02-02,2,4,train
03-01-05-01-02-02-03,3,4,train
03-01-05-01-02-02-04,4,4,train
03-01-05-01-02-02-05,5,4,train
03-01-05-01-02-02-06,6,4,train
03-01-05-01-02-02-07,7,4,train
03-01-05-01-02-02-08,8,4,train
03-01-05-01-02-02-09,9,4,train
03-01-05-01-02-02-10,10,4,train
03-01-05-01-02-02-11,11,4,test
03-01-05-01-02-02-12,12,4,train
03-01-05-01-02-02-13,13,4,train
03-01-05-01-02-02-14,14,4,test
03-01-05-01-02-02-15,15,4,train
03-01-05-01-02-02-16,16,4,train
03-01-05-01-02-02-17,17,4,train
03-01-05-01-02-02-18,18,4,test
03-01-05-01-02-02-19,19,4,train
03-01-05-01-02-02-20,20,4,train
03-01-05-01-02-02-21,21,4,train
03-01-05-01-02-02-22,22,4,test
03-01-05-01-02-02-23,23,4,train
03-01-05-01-02-02-24,24,4,train
03-01-05-02-01-01-01,1,4,train
03-01-05-02-01-01-02,2,4,train
03-01-05-02-01-01-03,3,4,train
03-01-05-02-01-01-04,4,4,train
03-01-05-02-01-01-05,5,4,train
03-01-05-02-01-01-06,6,4,train
03-01-05-02-01-01-07,7,4,train
03-01-05-02-01-01-08,8,4,train
03-01-05-02-01-01-09,9,4,train
03-01-05-02-01-01-10,10,4,train
03-01-05-02-01-01-11,11,4,test
03-01-05-02-01-01-12,12,4,train
03-01-05-02-01-01-13,13,4,train
03-01-05-02-01-01-14,14,4,test
03-01-05-02-01-01-15,15,4,train
03-01-05-02-01-01-16,16,4,train
03-01-05-02-01-01-17,17,4,train
03-01-05-02-01-01-18,18,4,test
03-01-05-02-01-01-19,19,4,train
03-01-05-02-01-01-20,20,4,train
03-01-05-02-01-01-21,21,4,train
03-01-05-02-01-01-22,22,4,test
03-01-05-02-01-01-23,23,4,train
03-01-05-02-01-01-24,24,4,train
03-01-05-02-01-02-01,1,4,train
03-01-05-02-01-02-02,2,4,train
03-01-05-02-01-02-03,3,4,train
03-01-05-02-01-02-04,4,4,train
03-01-05-02-01-02-05,5,4,train
03-01-05-02-01-02-06,6,4,train
03-01-05-02-01-02-07,7,4,train
03-01-05-02-01-02-08,8,4,train
03-01-05-02-01-02-09,9,4,train
03-01-05-02-01-02-10,10,4,train
03-01-05-02-01-02-11,11,4,test
03-01-05-02-01-02-12,12,4,train
03-01-05-02-01-02-13,13,4,train
03-01-05-02-01-02-14,14,4,test
03-01-05-02-01-02-15,15,4,train
03-01-05-02-01-02-16,16,4,train
03-01-05-02-01-02-17,17,4,train
03-01-05-02-01-02-18,18,4,test
03-01-05-02-01-02-19,19,4,train
03-01-05-02-01-02-20,20,4,train
03-01-05-02-01-02-21,21,4,train
03-01-05-02-01-02-22,22,4,test
03-01-05-02-01-02-23,23,4,train
03-01-05-02-01-02-24,24,4,train
03-01-05-02-02-01-01,1,4,train
03-01-05-02-02-01-02,2,4,train
03-01-05-02-02-01-03,3,4,train
03-01-05-02-02-01-04,4,4,train
03-01-05-02-02-01-05,5,4,train
03-01-05-02-02-01-06,6,4,train
03-01-05-02-02-01-07,7,4,train
03-01-05-02-02-01-08,8,4,train
03-01-05-02-02-01-09,9,4,train
03-01-05-02-02-01-10,10,4,train
03-01-05-02-02-01-11,11,4,test
03-01-05-02-02-01-12,12,4,train
03-01-05-02-02-01-13,13,4,train
03-01-05-02-02-01-14,14,4,test
03-01-05-02-02-01-15,15,4,train
03-01-05-02-02-01-16,16,4,train
03-01-05-02-02-01-17,17,4,train
03-01-05-02-02-01-18,18,4,test
03-01-05-02-02-01-19,19,4,train
03-01-05-02-02-01-20,20,4,train
03-01-05-02-02-01-21,21,4,train
03-01-05-02-02-01-22,22,4,test
03-01-05-02-02-01-23,23,4,train
03-01-05-02-02-01-24,24,4,train
03-01-05-02-02-02-01,1,4,train
03-01-05-02-02-02-02,2,4,train
03-01-05-02-02-02-03,3,4,train
03-01-05-02-02-02-04,4,4,train
03-01-05-02-02-02-05,5,4,train
03-01-05-02-02-02-06,6,4,train
03-01-05-02-02-02-07,7,4,train
03-01-05-02-02-02-08,8,4,train
03-01-05-02-02-02-09,9,4,train
03-01-05-02-02-02-10,10,4,train
03-01-05-02-02-02-11,11,4,test
03-01-05-02-02-02-12,12,4,train
03-01-05-02-02-02-13,13,4,train
03-01-05-02-02-02-14,14,4,test
03-01-05-02-02-02-15,15,4,train
03-01-05-02-02-02-16,16,4,train
03-01-05-02-02-02-17,17,4,train
03-01-05-02-02-02-18,18,4,test
03-01-05-02-02-02-19,19,4,train
03-01-05-02-02-02-20,20,4,train
03-01-05-02-02-02-21,21,4,train
03-01-05-02-02-02-22,22,4,test
03-01-05-02-02-02-23,23,4,train
03-01-05-02-02-02-24,24,4,train
03-01-01-01-01-01-01,1,5,train
03-01-01-01-01-01-02,2,5,train
03-01-01-01-01-01-03,3,5,test
03-01-01-01-01-01-04,4,5,train
03-01-01-01-01-01-05,5,5,train
03-01-01-01-01-01-06,6,5,train
03-01-01-01-01-01-07,7,5,train
03-01-01-01-01-01-08,8,5,test
03-01-01-01-01-01-09,9,5,test
03-01-01-01-01-01-10,10,5,train
03-01-01-01-01-01-11,11,5,train
03-01-01-01-01-01-12,12,5,train
03-01-01-01-01-01-13,13,5,train
03-01-01-01-01-01-14,14,5,train
03-01-01-01-01-01-15,15,5,test
03-01-01-01-01-01-16,16,5,train
03-01-01-01-01-01-17,17,5,train
03-01-01-01-01-01-18,18,5,train
03-01-01-01-01-01-19,19,5,train
03-01-01-01-01-01-20,20,5,train
03-01-01-01-01-01-21,21,5,train
03-01-01-01-01-01-22,22,5,train
03-01-01-01-01-01-23,23,5,train
03-01-01-01-01-01-24,24,5,train
03-01-01-01-01-02-01,1,5,train
03-01-01-01-01-02-02,2,5,train
03-01-01-01-01-02-03,3,5,test
03-01-01-01-01-02-04,4,5,train
03-01-01-01-01-02-05,5,5,train
03-01-01-01-01-02-06,6,5,train
03-01-01-01-01-02-07,7,5,train
03-01-01-01-01-02-08,8,5,test
03-01-01-01-01-02-09,9,5,test
03-01-01-01-01-02-10,10,5,train
03-01-01-01-01-02-11,11,5,train
03-01-01-01-01-02-12,12,5,train
03-01-01-01-01-02-13,13,5,train
03-01-01-01-01-02-14,14,5,train
03-01-01-01-01-02-15,15,5,test
03-01-01-01-01-02-16,16,5,train
03-01-01-01-01-02-17,17,5,train
03-01-01-01-01-02-18,18,5,train
03-01-01-01-01-02-19,19,5,train
03-01-01-01-01-02-20,20,5,train
03-01-01-01-01-02-21,21,5,train
03-01-01-01-01-02-22,22,5,train
03-01-01-01-01-02-23,23,5,train
03-01-01-01-01-02-24,24,5,train
03-01-01-01-02-01-01,1,5,train
03-01-01-01-02-01-02,2,5,train
03-01-01-01-02-01-03,3,5,test
03-01-01-01-02-01-04,4,5,train
03-01-01-01-02-01-05,5,5,train
03-01-01-01-02-01-06,6,5,train
03-01-01-01-02-01-07,7,5,train
03-01-01-01-02-01-08,8,5,test
03-01-01-01-02-01-09,9,5,test
03-01-01-01-02-01-10,10,5,train
03-01-01-01-02-01-11,11,5,train
03-01-01-01-02-01-12,12,5,train
03-01-01-01-02-01-13,13,5,train
03-01-01-01-02-01-14,14,5,train
03-01-01-01-02-01-15,15,5,test
03-01-01-01-02-01-16,16,5,train
03-01-01-01-02-01-17,17,5,train
03-01-01-01-02-01-18,18,5,train
03-01-01-01-02-01-19,19,5,train
03-01-01-01-02-01-20,20,5,train
03-01-01-01-02-01-21,21,5,train
03-01-01-01-02-01-22,22,5,train
03-01-01-01-02-01-23,23,5,train
03-01-01-01-02-01-24,24,5,train
03-01-01-01-02-02-01,1,5,train
03-01-01-01-02-02-02,2,5,train
03-01-01-01-02-02-03,3,5,test
03-01-01-01-02-02-04,4,5,train
03-01-01-01-02-02-05,5,5,train
03-01-01-01-02-02-06,6,5,train
03-01-01-01-02-02-07,7,5,train
03-01-01-01-02-02-08,8,5,test
03-01-01-01-02-02-09,9,5,test
03-01-01-01-02-02-10,10,5,train
03-01-01-01-02-02-11,11,5,train
03-01-01-01-02-02-12,12,5,train
03-01-01-01-02-02-13,13,5,train
03-01-01-01-02-02-14,14,5,train
03-01-01-01-02-02-15,15,5,test
03-01-01-01-02-02-16,16,5,train
03-01-01-01-02-02-17,17,5,train
03-01-01-01-02-02-18,18,5,train
03-01-01-01-02-02-19,19,5,train
03-01-01-01-02-02-20,20,5,train
03-01-01-01-02-02-21,21,5,train
03-01-01-01-02-02-22,22,5,train
03-01-01-01-02-02-23,23,5,train
03-01-01-01-02-02-24,24,5,train
03-01-03-01-01-01-01,1,5,train
03-01-03-01-01-01-02,2,5,train
03-01-03-01-01-01-03,3,5,test
03-01-03-01-01-01-04,4,5,train
03-01-03-01-01-01-05,5,5,train
03-01-03-01-01-01-06,6,5,train
03-01-03-01-01-01-07,7,5,train
03-01-03-01-01-01-08,8,5,test
03-01-03-01-01-01-09,9,5,test
03-01-03-01-01-01-10,10,5,train
03-01-03-01-01-01-11,11,5,train
03-01-03-01-01-01-12,12,5,train
03-01-03-01-01-01-13,13,5,train
03-01-03-01-01-01-14,14,5,train
03-01-03-01-01-01-15,15,5,test
03-01-03-01-01-01-16,16,5,train
03-01-03-01-01-01-17,17,5,train
03-01-03-01-01-01-18,18,5,train
03-01-03-01-01-01-19,19,5,train
03-01-03-01-01-01-20,20,5,train
03-01-03-01-01-01-21,21,5,train
03-01-03-01-01-01-22,22,5,train
03-01-03-01-01-01-23,23,5,train
03-01-03-01-01-01-24,24,5,train
03-01-03-01-01-02-01,1,5,train
03-01-03-01-01-02-02,2,5,train
03-01-03-01-01-02-03,3,5,test
03-01-03-01-01-02-04,4,5,train
03-01-03-01-01-02-05,5,5,train
03-01-03-01-01-02-06,6,5,train
03-01-03-01-01-02-07,7,5,train
03-01-03-01-01-02-08,8,5,test
03-01-03-01-01-02-09,9,5,test
03-01-03-01-01-02-10,10,5,train
03-01-03-01-01-02-11,11,5,train
03-01-03-01-01-02-12,12,5,train
03-01-03-01-01-02-13,13,5,train
03-01-03-01-01-02-14,14,5,train
03-01-03-01-01-02-15,15,5,test
03-01-03-01-01-02-16,16,5,train
03-01-03-01-01-02-17,17,5,train
03-01-03-01-01-02-18,18,5,train
03-01-03-01-01-02-19,19,5,train
03-01-03-01-01-02-20,20,5,train
03-01-03-01-01-02-21,21,5,train
03-01-03-01-01-02-22,22,5,train
03-01-03-01-01-02-23,23,5,train
03-01-03-01-01-02-24,24,5,train
03-01-03-01-02-01-01,1,5,train
03-01-03-01-02-01-02,2,5,train
03-01-03-01-02-01-03,3,5,test
03-01-03-01-02-01-04,4,5,train
03-01-03-01-02-01-05,5,5,train
03-01-03-01-02-01-06,6,5,train
03-01-03-01-02-01-07,7,5,train
03-01-03-01-02-01-08,8,5,test
03-01-03-01-02-01-09,9,5,test
03-01-03-01-02-01-10,10,5,train
03-01-03-01-02-01-11,11,5,train
03-01-03-01-02-01-12,12,5,train
03-01-03-01-02-01-13,13,5,train
03-01-03-01-02-01-14,14,5,train
03-01-03-01-02-01-15,15,5,test
03-01-03-01-02-01-16,16,5,train
03-01-03-01-02-01-17,17,5,train
03-01-03-01-02-01-18,18,5,train
03-01-03-01-02-01-19,19,5,train
03-01-03-01-02-01-20,20,5,train
03-01-03-01-02-01-21,21,5,train
03-01-03-01-02-01-22,22,5,train
03-01-03-01-02-01-23,23,5,train
03-01-03-01-02-01-24,24,5,train
03-01-03-01-02-02-01,1,5,train
03-01-03-01-02-02-02,2,5,train
03-01-03-01-02-02-03,3,5,test
03-01-03-01-02-02-04,4,5,train
03-01-03-01-02-02-05,5,5,train
03-01-03-01-02-02-06,6,5,train
03-01-03-01-02-02-07,7,5,train
03-01-03-01-02-02-08,8,5,test
03-01-03-01-02-02-09,9,5,test
03-01-03-01-02-02-10,10,5,train
03-01-03-01-02-02-11,11,5,train
03-01-03-01-02-02-12,12,5,train
03-01-03-01-02-02-13,13,5,train
03-01-03-01-02-02-14,14,5,train
03-01-03-01-02-02-15,15,5,test
03-01-03-01-02-02-16,16,5,train
03-01-03-01-02-02-17,17,5,train
03-01-03-01-02-02-18,18,5,train
03-01-03-01-02-02-19,19,5,train
03-01-03-01-02-02-20,20,5,train
03-01-03-01-02-02-21,21,5,train
03-01-03-01-02-02-22,22,5,train
03-01-03-01-02-02-23,23,5,train
03-01-03-01-02-02-24,24,5,train
03-01-03-02-01-01-01,1,5,train
03-01-03-02-01-01-02,2,5,train
03-01-03-02-01-01-03,3,5,test
03-01-03-02-01-01-04,4,5,train
03-01-03-02-01-01-05,5,5,train
03-01-03-02-01-01-06,6,5,train
03-01-03-02-01-01-07,7,5,train
03-01-03-02-01-01-08,8,5,test
03-01-03-02-01-01-09,9,5,test
03-01-03-02-01-01-10,10,5,train
03-01-03-02-01-01-11,11,5,train
03-01-03-02-01-01-12,12,5,train
03-01-03-02-01-01-13,13,5,train
03-01-03-02-01-01-14,14,5,train
03-01-03-02-01-01-15,15,5,test
03-01-03-02-01-01-16,16,5,train
03-01-03-02-01-01-17,17,5,train
03-01-03-02-01-01-18,18,5,train
03-01-03-02-01-01-19,19,5,train
03-01-03-02-01-01-20,20,5,train
03-01-03-02-01-01-21,21,5,train
03-01-03-02-01-01-22,22,5,train
03-01-03-02-01-01-23,23,5,train
03-01-03-02-01-01-24,24,5,train
03-01-03-02-01-02-01,1,5,train
03-01-03-02-01-02-02,2,5,train
03-01-03-02-01-02-03,3,5,test
03-01-03-02-01-02-04,4,5,train
03-01-03-02-01-02-05,5,5,train
03-01-03-02-01-02-06,6,5,train
03-01-03-02-01-02-07,7,5,train
03-01-03-02-01-02-08,8,5,test
03-01-03-02-01-02-09,9,5,test
03-01-03-02-01-02-10,10,5,train
03-01-03-02-01-02-11,11,5,train
03-01-03-02-01-02-12,12,5,train
03-01-03-02-01-02-13,13,5,train
03-01-03-02-01-02-14,14,5,train
03-01-03-02-01-02-15,15,5,test
03-01-03-02-01-02-16,16,5,train
03-01-03-02-01-02-17,17,5,train
03-01-03-02-01-02-18,18,5,train
03-01-03-02-01-02-19,19,5,train
03-01-03-02-01-02-20,20,5,train
03-01-03-02-01-02-21,21,5,train
03-01-03-02-01-02-22,22,5,train
03-01-03-02-01-02-23,23,5,train
03-01-03-02-01-02-24,24,5,train
03-01-03-02-02-01-01,1,5,train
03-01-03-02-02-01-02,2,5,train
03-01-03-02-02-01-03,3,5,test
03-01-03-02-02-01-04,4,5,train
03-01-03-02-02-01-05,5,5,train
03-01-03-02-02-01-06,6,5,train
03-01-03-02-02-01-07,7,5,train
03-01-03-02-02-01-08,8,5,test
03-01-03-02-02-01-09,9,5,test
03-01-03-02-02-01-10,10,5,train
03-01-03-02-02-01-11,11,5,train
03-01-03-02-02-01-12,12,5,train
03-01-03-02-02-01-13,13,5,train
03-01-03-02-02-01-14,14,5,train
03-01-03-02-02-01-15,15,5,test
03-01-03-02-02-01-16,16,5,train
03-01-03-02-02-01-17,17,5,train
03-01-03-02-02-01-18,18,5,train
03-01-03-02-02-01-19,19,5,train
03-01-03-02-02-01-20,20,5,train
03-01-03-02-02-01-21,21,5,train
03-01-03-02-02-01-22,22,5,train
03-01-03-02-02-01-23,23,5,train
03-01-03-02-02-01-24,24,5,train
03-01-03-02-02-02-01,1,5,train
03-01-03-02-02-02-02,2,5,train
03-01-03-02-02-02-03,3,5,test
03-01-03-02-02-02-04,4,5,train
03-01-03-02-02-02-05,5,5,train
03-01-03-02-02-02-06,6,5,train
03-01-03-02-02-02-07,7,5,train
03-01-03-02-02-02-08,8,5,test
03-01-03-02-02-02-09,9,5,test
03-01-03-02-02-02-10,10,5,train
03-01-03-02-02-02-11,11,5,train
03-01-03-02-02-02-12,12,5,train
03-01-03-02-02-02-13,13,5,train
03-01-03-02-02-02-14,14,5,train
03-01-03-02-02-02-15,15,5,test
03-01-03-02-02-02-16,16,5,train
03-01-03-02-02-02-17,17,5,train
03-01-03-02-02-02-18,18,5,train
03-01-03-02-02-02-19,19,5,train
03-01-03-02-02-02-20,20,5,train
03-01-03-02-02-02-21,21,5,train
03-01-03-02-02-02-22,22,5,train
03-01-03-02-02-02-23,23,5,train
03-01-03-02-02-02-24,24,5,train
03-01-04-01-01-01-01,1,5,train
03-01-04-01-01-01-02,2,5,train
03-01-04-01-01-01-03,3,5,test
03-01-04-01-01-01-04,4,5,train
03-01-04-01-01-01-05,5,5,train
03-01-04-01-01-01-06,6,5,train
03-01-04-01-01-01-07,7,5,train
03-01-04-01-01-01-08,8,5,test
03-01-04-01-01-01-09,9,5,test
03-01-04-01-01-01-10,10,5,train
03-01-04-01-01-01-11,11,5,train
03-01-04-01-01-01-12,12,5,train
03-01-04-01-01-01-13,13,5,train
03-01-04-01-01-01-14,14,5,train
03-01-04-01-01-01-15,15,5,test
03-01-04-01-01-01-16,16,5,train
03-01-04-01-01-01-17,17,5,train
03-01-04-01-01-01-18,18,5,train
03-01-04-01-01-01-19,19,5,train
03-01-04-01-01-01-20,20,5,train
03-01-04-01-01-01-21,21,5,train
03-01-04-01-01-01-22,22,5,train
03-01-04-01-01-01-23,23,5,train
03-01-04-01-01-01-24,24,5,train
03-01-04-01-01-02-01,1,5,train
03-01-04-01-01-02-02,2,5,train
03-01-04-01-01-02-03,3,5,test
03-01-04-01-01-02-04,4,5,train
03-01-04-01-01-02-05,5,5,train
03-01-04-01-01-02-06,6,5,train
03-01-04-01-01-02-07,7,5,train
03-01-04-01-01-02-08,8,5,test
03-01-04-01-01-02-09,9,5,test
03-01-04-01-01-02-10,10,5,train
03-01-04-01-01-02-11,11,5,train
03-01-04-01-01-02-12,12,5,train
03-01-04-01-01-02-13,13,5,train
03-01-04-01-01-02-14,14,5,train
03-01-04-01-01-02-15,15,5,test
03-01-04-01-01-02-16,16,5,train
03-01-04-01-01-02-17,17,5,train
03-01-04-01-01-02-18,18,5,train
03-01-04-01-01-02-19,19,5,train
03-01-04-01-01-02-20,20,5,train
03-01-04-01-01-02-21,21,5,train
03-01-04-01-01-02-22,22,5,train
03-01-04-01-01-02-23,23,5,train
03-01-04-01-01-02-24,24,5,train
03-01-04-01-02-01-01,1,5,train
03-01-04-01-02-01-02,2,5,train
03-01-04-01-02-01-03,3,5,test
03-01-04-01-02-01-04,4,5,train
03-01-04-01-02-01-05,5,5,train
03-01-04-01-02-01-06,6,5,train
03-01-04-01-02-01-07,7,5,train
03-01-04-01-02-01-08,8,5,test
03-01-04-01-02-01-09,9,5,test
03-01-04-01-02-01-10,10,5,train
03-01-04-01-02-01-11,11,5,train
03-01-04-01-02-01-12,12,5,train
03-01-04-01-02-01-13,13,5,train
03-01-04-01-02-01-14,14,5,train
03-01-04-01-02-01-15,15,5,test
03-01-04-01-02-01-16,16,5,train
03-01-04-01-02-01-17,17,5,train
03-01-04-01-02-01-18,18,5,train
03-01-04-01-02-01-19,19,5,train
03-01-04-01-02-01-20,20,5,train
03-01-04-01-02-01-21,21,5,train
03-01-04-01-02-01-22,22,5,train
03-01-04-01-02-01-23,23,5,train
03-01-04-01-02-01-24,24,5,train
03-01-04-01-02-02-01,1,5,train
03-01-04-01-02-02-02,2,5,train
03-01-04-01-02-02-03,3,5,test
03-01-04-01-02-02-04,4,5,train
03-01-04-01-02-02-05,5,5,train
03-01-04-01-02-02-06,6,5,train
03-01-04-01-02-02-07,7,5,train
03-01-04-01-02-02-08,8,5,test
03-01-04-01-02-02-09,9,5,test
03-01-04-01-02-02-10,10,5,train
03-01-04-01-02-02-11,11,5,train
03-01-04-01-02-02-12,12,5,train
03-01-04-01-02-02-13,13,5,train
03-01-04-01-02-02-14,14,5,train
03-01-04-01-02-02-15,15,5,test
03-01-04-01-02-02-16,16,5,train
03-01-04-01-02-02-17,17,5,train
03-01-04-01-02-02-18,18,5,train
03-01-04-01-02-02-19,19,5,train
03-01-04-01-02-02-20,20,5,train
03-01-04-01-02-02-21,21,5,train
03-01-04-01-02-02-22,22,5,train
03-01-04-01-02-02-23,23,5,train
03-01-04-01-02-02-24,24,5,train
03-01-04-02-01-01-01,1,5,train
03-01-04-02-01-01-02,2,5,train
03-01-04-02-01-01-03,3,5,test
03-01-04-02-01-01-04,4,5,train
03-01-04-02-01-01-05,5,5,train
03-01-04-02-01-01-06,6,5,train
03-01-04-02-01-01-07,7,5,train
03-01-04-02-01-01-08,8,5,test
03-01-04-02-01-01-09,9,5,test
03-01-04-02-01-01-10,10,5,train
03-01-04-02-01-01-11,11,5,train
03-01-04-02-01-01-12,12,5,train
03-01-04-02-01-01-13,13,5,train
03-01-04-02-01-01-14,14,5,train
03-01-04-02-01-01-15,15,5,test
03-01-04-02-01-01-16,16,5,train
03-01-04-02-01-01-17,17,5,train
03-01-04-02-01-01-18,18,5,train
03-01-04-02-01-01-19,19,5,train
03-01-04-02-01-01-20,20,5,train
03-01-04-02-01-01-21,21,5,train
03-01-04-02-01-01-22,22,5,train
03-01-04-02-01-01-23,23,5,train
03-01-04-02-01-01-24,24,5,train
03-01-04-02-01-02-01,1,5,train
03-01-04-02-01-02-02,2,5,train
03-01-04-02-01-02-03,3,5,test
03-01-04-02-01-02-04,4,5,train
03-01-04-02-01-02-05,5,5,train
03-01-04-02-01-02-06,6,5,train
03-01-04-02-01-02-07,7,5,train
03-01-04-02-01-02-08,8,5,test
03-01-04-02-01-02-09,9,5,test
03-01-04-02-01-02-10,10,5,train
03-01-04-02-01-02-11,11,5,train
03-01-04-02-01-02-12,12,5,train
03-01-04-02-01-02-13,13,5,train
03-01-04-02-01-02-14,14,5,train
03-01-04-02-01-02-15,15,5,test
03-01-04-02-01-02-16,16,5,train
03-01-04-02-01-02-17,17,5,train
03-01-04-02-01-02-18,18,5,train
03-01-04-02-01-02-19,19,5,train
03-01-04-02-01-02-20,20,5,train
03-01-04-02-01-02-21,21,5,train
03-01-04-02-01-02-22,22,5,train
03-01-04-02-01-02-23,23,5,train
03-01-04-02-01-02-24,24,5,train
03-01-04-02-02-01-01,1,5,train
03-01-04-02-02-01-02,2,5,train
03-01-04-02-02-01-03,3,5,test
03-01-04-02-02-01-04,4,5,train
03-01-04-02-02-01-05,5,5,train
03-01-04-02-02-01-06,6,5,train
03-01-04-02-02-01-07,7,5,train
03-01-04-02-02-01-08,8,5,test
03-01-04-02-02-01-09,9,5,test
03-01-04-02-02-01-10,10,5,train
03-01-04-02-02-01-11,11,5,train
03-01-04-02-02-01-12,12,5,train
03-01-04-02-02-01-13,13,5,train
03-01-04-02-02-01-14,14,5,train
03-01-04-02-02-01-15,15,5,test
03-01-04-02-02-01-16,16,5,train
03-01-04-02-02-01-17,17,5,train
03-01-04-02-02-01-18,18,5,train
03-01-04-02-02-01-19,19,5,train
03-01-04-02-02-01-20,20,5,train
03-01-04-02-02-01-21,21,5,train
03-01-04-02-02-01-22,22,5,train
03-01-04-02-02-01-23,23,5,train
03-01-04-02-02-01-24,24,5,train
03-01-04-02-02-02-01,1,5,train
03-01-04-02-02-02-02,2,5,train
03-01-04-02-02-02-03,3,5,test
03-01-04-02-02-02-04,4,5,train
03-01-04-02-02-02-05,5,5,train
03-01-04-02-02-02-06,6,5,train
03-01-04-02-02-02-07,7,5,train
03-01-04-02-02-02-08,8,5,test
03-01-04-02-02-02-09,9,5,test
03-01-04-02-02-02-10,10,5,train
03-01-04-02-02-02-11,11,5,train
03-01-04-02-02-02-12,12,5,train
03-01-04-02-02-02-13,13,5,train
03-01-04-02-02-02-14,14,5,train
03-01-04-02-02-02-15,15,5,test
03-01-04-02-02-02-16,16,5,train
03-01-04-02-02-02-17,17,5,train
03-01-04-02-02-02-18,18,5,train
03-01-04-02-02-02-19,19,5,train
03-01-04-02-02-02-20,20,5,train
03-01-04-02-02-02-21,21,5,train
03-01-04-02-02-02-22,22,5,train
03-01-04-02-02-02-23,23,5,train
03-01-04-02-02-02-24,24,5,train
03-01-05-01-01-01-01,1,5,train
03-01-05-01-01-01-02,2,5,train
03-01-05-01-01-01-03,3,5,test
03-01-05-01-01-01-04,4,5,train
03-01-05-01-01-01-05,5,5,train
03-01-05-01-01-01-06,6,5,train
03-01-05-01-01-01-07,7,5,train
03-01-05-01-01-01-08,8,5,test
03-01-05-01-01-01-09,9,5,test
03-01-05-01-01-01-10,10,5,train
03-01-05-01-01-01-11,11,5,train
03-01-05-01-01-01-12,12,5,train
03-01-05-01-01-01-13,13,5,train
03-01-05-01-01-01-14,14,5,train
03-01-05-01-01-01-15,15,5,test
03-01-05-01-01-01-16,16,5,train
03-01-05-01-01-01-17,17,5,train
03-01-05-01-01-01-18,18,5,train
03-01-05-01-01-01-19,19,5,train
03-01-05-01-01-01-20,20,5,train
03-01-05-01-01-01-21,21,5,train
03-01-05-01-01-01-22,22,5,train
03-01-05-01-01-01-23,23,5,train
03-01-05-01-01-01-24,24,5,train
03-01-05-01-01-02-01,1,5,train
03-01-05-01-01-02-02,2,5,train
03-01-05-01-01-02-03,3,5,test
03-01-05-01-01-02-04,4,5,train
03-01-05-01-01-02-05,5,5,train
03-01-05-01-01-02-06,6,5,train
03-01-05-01-01-02-07,7,5,train
03-01-05-01-01-02-08,8,5,test
03-01-05-01-01-02-09,9,5,test
03-01-05-01-01-02-10,10,5,train
03-01-05-01-01-02-11,11,5,train
03-01-05-01-01-02-12,12,5,train
03-01-05-01-01-02-13,13,5,train
03-01-05-01-01-02-14,14,5,train
03-01-05-01-01-02-15,15,5,test
03-01-05-01-01-02-16,16,5,train
03-01-05-01-01-02-17,17,5,train
03-01-05-01-01-02-18,18,5,train
03-01-05-01-01-02-19,19,5,train
03-01-05-01-01-02-20,20,5,train
03-01-05-01-01-02-21,21,5,train
03-01-05-01-01-02-22,22,5,train
03-01-05-01-01-02-23,23,5,train
03-01-05-01-01-02-24,24,5,train
03-01-05-01-02-01-01,1,5,train
03-01-05-01-02-01-02,2,5,train
03-01-05-01-02-01-03,3,5,test
03-01-05-01-02-01-04,4,5,train
03-01-05-01-02-01-05,5,5,train
03-01-05-01-02-01-06,6,5,train
03-01-05-01-02-01-07,7,5,train
03-01-05-01-02-01-08,8,5,test
03-01-05-01-02-01-09,9,5,test
03-01-05-01-02-01-10,10,5,train
03-01-05-01-02-01-11,11,5,train
03-01-05-01-02-01-12,12,5,train
03-01-05-01-02-01-13,13,5,train
03-01-05-01-02-01-14,14,5,train
03-01-05-01-02-01-15,15,5,test
03-01-05-01-02-01-16,16,5,train
03-01-05-01-02-01-17,17,5,train
03-01-05-01-02-01-18,18,5,train
03-01-05-01-02-01-19,19,5,train
03-01-05-01-02-01-20,20,5,train
03-01-05-01-02-01-21,21,5,train
03-01-05-01-02-01-22,22,5,train
03-01-05-01-02-01-23,23,5,train
03-01-05-01-02-01-24,24,5,train
03-01-05-01-02-02-01,1,5,train
03-01-05-01-02-02-02,2,5,train
03-01-05-01-02-02-03,3,5,test
03-01-05-01-02-02-04,4,5,train
03-01-05-01-02-02-05,5,5,train
03-01-05-01-02-02-06,6,5,train
03-01-05-01-02-02-07,7,5,train
03-01-05-01-02-02-08,8,5,test
03-01-05-01-02-02-09,9,5,test
03-01-05-01-02-02-10,10,5,train
03-01-05-01-02-02-11,11,5,train
03-01-05-01-02-02-12,12,5,train
03-01-05-01-02-02-13,13,5,train
03-01-05-01-02-02-14,14,5,train
03-01-05-01-02-02-15,15,5,test
03-01-05-01-02-02-16,16,5,train
03-01-05-01-02-02-17,17,5,train
03-01-05-01-02-02-18,18,5,train
03-01-05-01-02-02-19,19,5,train
03-01-05-01-02-02-20,20,5,train
03-01-05-01-02-02-21,21,5,train
03-01-05-01-02-02-22,22,5,train
03-01-05-01-02-02-23,23,5,train
03-01-05-01-02-02-24,24,5,train
03-01-05-02-01-01-01,1,5,train
03-01-05-02-01-01-02,2,5,train
03-01-05-02-01-01-03,3,5,test
03-01-05-02-01-01-04,4,5,train
03-01-05-02-01-01-05,5,5,train
03-01-05-02-01-01-06,6,5,train
03-01-05-02-01-01-07,7,5,train
03-01-05-02-01-01-08,8,5,test
03-01-05-02-01-01-09,9,5,test
03-01-05-02-01-01-10,10,5,train
03-01-05-02-01-01-11,11,5,train
03-01-05-02-01-01-12,12,5,train
03-01-05-02-01-01-13,13,5,train
03-01-05-02-01-01-14,14,5,train
03-01-05-02-01-01-15,15,5,test
03-01-05-02-01-01-16,16,5,train
03-01-05-02-01-01-17,17,5,train
03-01-05-02-01-01-18,18,5,train
03-01-05-02-01-01-19,19,5,train
03-01-05-02-01-01-20,20,5,train
03-01-05-02-01-01-21,21,5,train
03-01-05-02-01-01-22,22,5,train
03-01-05-02-01-01-23,23,5,train
03-01-05-02-01-01-24,24,5,train
03-01-05-02-01-02-01,1,5,train
03-01-05-02-01-02-02,2,5,train
03-01-05-02-01-02-03,3,5,test
03-01-05-02-01-02-04,4,5,train
03-01-05-02-01-02-05,5,5,train
03-01-05-02-01-02-06,6,5,train
03-01-05-02-01-02-07,7,5,train
03-01-05-02-01-02-08,8,5,test
03-01-05-02-01-02-09,9,5,test
03-01-05-02-01-02-10,10,5,train
03-01-05-02-01-02-11,11,5,train
03-01-05-02-01-02-12,12,5,train
03-01-05-02-01-02-13,13,5,train
03-01-05-02-01-02-14,14,5,train
03-01-05-02-01-02-15,15,5,test
03-01-05-02-01-02-16,16,5,train
03-01-05-02-01-02-17,17,5,train
03-01-05-02-01-02-18,18,5,train
03-01-05-02-01-02-19,19,5,train
03-01-05-02-01-02-20,20,5,train
03-01-05-02-01-02-21,21,5,train
03-01-05-02-01-02-22,22,5,train
03-01-05-02-01-02-23,23,5,train
03-01-05-02-01-02-24,24,5,train
03-01-05-02-02-01-01,1,5,train
03-01-05-02-02-01-02,2,5,train
03-01-05-02-02-01-03,3,5,test
03-01-05-02-02-01-04,4,5,train
03-01-05-02-02-01-05,5,5,train
03-01-05-02-02-01-06,6,5,train
03-01-05-02-02-01-07,7,5,train
03-01-05-02-02-01-08,8,5,test
03-01-05-02-02-01-09,9,5,test
03-01-05-02-02-01-10,10,5,train
03-01-05-02-02-01-11,11,5,train
03-01-05-02-02-01-12,12,5,train
03-01-05-02-02-01-13,13,5,train
03-01-05-02-02-01-14,14,5,train
03-01-05-02-02-01-15,15,5,test
03-01-05-02-02-01-16,16,5,train
03-01-05-02-02-01-17,17,5,train
03-01-05-02-02-01-18,18,5,train
03-01-05-02-02-01-19,19,5,train
03-01-05-02-02-01-20,20,5,train
03-01-05-02-02-01-21,21,5,train
03-01-05-02-02-01-22,22,5,train
03-01-05-02-02-01-23,23,5,train
03-01-05-02-02-01-24,24,5,train
03-01-05-02-02-02-01,1,5,train
03-01-05-02-02-02-02,2,5,train
03-01-05-02-02-02-03,3,5,test
03-01-05-02-02-02-04,4,5,train
03-01-05-02-02-02-05,5,5,train
03-01-05-02-02-02-06,6,5,train
03-01-05-02-02-02-07,7,5,train
03-01-05-02-02-02-08,8,5,test
03-01-05-02-02-02-09,9,5,test
03-01-05-02-02-02-10,10,5,train
03-01-05-02-02-02-11,11,5,train
03-01-05-02-02-02-12,12,5,train
03-01-05-02-02-02-13,13,5,train
03-01-05-02-02-02-14,14,5,train
03-01-05-02-02-02-15,15,5,test
03-01-05-02-02-02-16,16,5,train
03-01-05-02-02-02-17,17,5,train
03-01-05-02-02-02-18,18,5,train
03-01-05-02-02-02-19,19,5,train
03-01-05-02-02-02-20,20,5,train
03-01-05-02-02-02-21,21,5,train
03-01-05-02-02-02-22,22,5,train
03-01-05-02-02-02-23,23,5,train
03-01-05-02-02-02-24,24,5,train
03-01-01-01-01-01-01,1,6,train
03-01-01-01-01-01-02,2,6,train
03-01-01-01-01-01-03,3,6,train
03-01-01-01-01-01-04,4,6,train
03-01-01-01-01-01-05,5,6,train
03-01-01-01-01-01-06,6,6,test
03-01-01-01-01-01-07,7,6,train
03-01-01-01-01-01-08,8,6,train
03-01-01-01-01-01-09,9,6,train
03-01-01-01-01-01-10,10,6,test
03-01-01-01-01-01-11,11,6,train
03-01-01-01-01-01-12,12,6,train
03-01-01-01-01-01-13,13,6,train
03-01-01-01-01-01-14,14,6,train
03-01-01-01-01-01-15,15,6,train
03-01-01-01-01-01-16,16,6,train
03-01-01-01-01-01-17,17,6,train
03-01-01-01-01-01-18,18,6,train
03-01-01-01-01-01-19,19,6,test
03-01-01-01-01-01-20,20,6,test
03-01-01-01-01-01-21,21,6,train
03-01-01-01-01-01-22,22,6,train
03-01-01-01-01-01-23,23,6,train
03-01-01-01-01-01-24,24,6,train
03-01-01-01-01-02-01,1,6,train
03-01-01-01-01-02-02,2,6,train
03-01-01-01-01-02-03,3,6,train
03-01-01-01-01-02-04,4,6,train
03-01-01-01-01-02-05,5,6,train
03-01-01-01-01-02-06,6,6,test
03-01-01-01-01-02-07,7,6,train
03-01-01-01-01-02-08,8,6,train
03-01-01-01-01-02-09,9,6,train
03-01-01-01-01-02-10,10,6,test
03-01-01-01-01-02-11,11,6,train
03-01-01-01-01-02-12,12,6,train
03-01-01-01-01-02-13,13,6,train
03-01-01-01-01-02-14,14,6,train
03-01-01-01-01-02-15,15,6,train
03-01-01-01-01-02-16,16,6,train
03-01-01-01-01-02-17,17,6,train
03-01-01-01-01-02-18,18,6,train
03-01-01-01-01-02-19,19,6,test
03-01-01-01-01-02-20,20,6,test
03-01-01-01-01-02-21,21,6,train
03-01-01-01-01-02-22,22,6,train
03-01-01-01-01-02-23,23,6,train
03-01-01-01-01-02-24,24,6,train
03-01-01-01-02-01-01,1,6,train
03-01-01-01-02-01-02,2,6,train
03-01-01-01-02-01-03,3,6,train
03-01-01-01-02-01-04,4,6,train
03-01-01-01-02-01-05,5,6,train
03-01-01-01-02-01-06,6,6,test
03-01-01-01-02-01-07,7,6,train
03-01-01-01-02-01-08,8,6,train
03-01-01-01-02-01-09,9,6,train
03-01-01-01-02-01-10,10,6,test
03-01-01-01-02-01-11,11,6,train
03-01-01-01-02-01-12,12,6,train
03-01-01-01-02-01-13,13,6,train
03-01-01-01-02-01-14,14,6,train
03-01-01-01-02-01-15,15,6,train
03-01-01-01-02-01-16,16,6,train
03-01-01-01-02-01-17,17,6,train
03-01-01-01-02-01-18,18,6,train
03-01-01-01-02-01-19,19,6,test
03-01-01-01-02-01-20,20,6,test
03-01-01-01-02-01-21,21,6,train
03-01-01-01-02-01-22,22,6,train
03-01-01-01-02-01-23,23,6,train
03-01-01-01-02-01-24,24,6,train
03-01-01-01-02-02-01,1,6,train
03-01-01-01-02-02-02,2,6,train
03-01-01-01-02-02-03,3,6,train
03-01-01-01-02-02-04,4,6,train
03-01-01-01-02-02-05,5,6,train
03-01-01-01-02-02-06,6,6,test
03-01-01-01-02-02-07,7,6,train
03-01-01-01-02-02-08,8,6,train
03-01-01-01-02-02-09,9,6,train
03-01-01-01-02-02-10,10,6,test
03-01-01-01-02-02-11,11,6,train
03-01-01-01-02-02-12,12,6,train
03-01-01-01-02-02-13,13,6,train
03-01-01-01-02-02-14,14,6,train
03-01-01-01-02-02-15,15,6,train
03-01-01-01-02-02-16,16,6,train
03-01-01-01-02-02-17,17,6,train
03-01-01-01-02-02-18,18,6,train
03-01-01-01-02-02-19,19,6,test
03-01-01-01-02-02-20,20,6,test
03-01-01-01-02-02-21,21,6,train
03-01-01-01-02-02-22,22,6,train
03-01-01-01-02-02-23,23,6,train
03-01-01-01-02-02-24,24,6,train
03-01-03-01-01-01-01,1,6,train
03-01-03-01-01-01-02,2,6,train
03-01-03-01-01-01-03,3,6,train
03-01-03-01-01-01-04,4,6,train
03-01-03-01-01-01-05,5,6,train
03-01-03-01-01-01-06,6,6,test
03-01-03-01-01-01-07,7,6,train
03-01-03-01-01-01-08,8,6,train
03-01-03-01-01-01-09,9,6,train
03-01-03-01-01-01-10,10,6,test
03-01-03-01-01-01-11,11,6,train
03-01-03-01-01-01-12,12,6,train
03-01-03-01-01-01-13,13,6,train
03-01-03-01-01-01-14,14,6,train
03-01-03-01-01-01-15,15,6,train
03-01-03-01-01-01-16,16,6,train
03-01-03-01-01-01-17,17,6,train
03-01-03-01-01-01-18,18,6,train
03-01-03-01-01-01-19,19,6,test
03-01-03-01-01-01-20,20,6,test
03-01-03-01-01-01-21,21,6,train
03-01-03-01-01-01-22,22,6,train
03-01-03-01-01-01-23,23,6,train
03-01-03-01-01-01-24,24,6,train
03-01-03-01-01-02-01,1,6,train
03-01-03-01-01-02-02,2,6,train
03-01-03-01-01-02-03,3,6,train
03-01-03-01-01-02-04,4,6,train
03-01-03-01-01-02-05,5,6,train
03-01-03-01-01-02-06,6,6,test
03-01-03-01-01-02-07,7,6,train
03-01-03-01-01-02-08,8,6,train
03-01-03-01-01-02-09,9,6,train
03-01-03-01-01-02-10,10,6,test
03-01-03-01-01-02-11,11,6,train
03-01-03-01-01-02-12,12,6,train
03-01-03-01-01-02-13,13,6,train
03-01-03-01-01-02-14,14,6,train
03-01-03-01-01-02-15,15,6,train
03-01-03-01-01-02-16,16,6,train
03-01-03-01-01-02-17,17,6,train
03-01-03-01-01-02-18,18,6,train
03-01-03-01-01-02-19,19,6,test
03-01-03-01-01-02-20,20,6,test
03-01-03-01-01-02-21,21,6,train
03-01-03-01-01-02-22,22,6,train
03-01-03-01-01-02-23,23,6,train
03-01-03-01-01-02-24,24,6,train
03-01-03-01-02-01-01,1,6,train
03-01-03-01-02-01-02,2,6,train
03-01-03-01-02-01-03,3,6,train
03-01-03-01-02-01-04,4,6,train
03-01-03-01-02-01-05,5,6,train
03-01-03-01-02-01-06,6,6,test
03-01-03-01-02-01-07,7,6,train
03-01-03-01-02-01-08,8,6,train
03-01-03-01-02-01-09,9,6,train
03-01-03-01-02-01-10,10,6,test
03-01-03-01-02-01-11,11,6,train
03-01-03-01-02-01-12,12,6,train
03-01-03-01-02-01-13,13,6,train
03-01-03-01-02-01-14,14,6,train
03-01-03-01-02-01-15,15,6,train
03-01-03-01-02-01-16,16,6,train
03-01-03-01-02-01-17,17,6,train
03-01-03-01-02-01-18,18,6,train
03-01-03-01-02-01-19,19,6,test
03-01-03-01-02-01-20,20,6,test
03-01-03-01-02-01-21,21,6,train
03-01-03-01-02-01-22,22,6,train
03-01-03-01-02-01-23,23,6,train
03-01-03-01-02-01-24,24,6,train
03-01-03-01-02-02-01,1,6,train
03-01-03-01-02-02-02,2,6,train
03-01-03-01-02-02-03,3,6,train
03-01-03-01-02-02-04,4,6,train
03-01-03-01-02-02-05,5,6,train
03-01-03-01-02-02-06,6,6,test
03-01-03-01-02-02-07,7,6,train
03-01-03-01-02-02-08,8,6,train
03-01-03-01-02-02-09,9,6,train
03-01-03-01-02-02-10,10,6,test
03-01-03-01-02-02-11,11,6,train
03-01-03-01-02-02-12,12,6,train
03-01-03-01-02-02-13,13,6,train
03-01-03-01-02-02-14,14,6,train
03-01-03-01-02-02-15,15,6,train
03-01-03-01-02-02-16,16,6,train
03-01-03-01-02-02-17,17,6,train
03-01-03-01-02-02-18,18,6,train
03-01-03-01-02-02-19,19,6,test
03-01-03-01-02-02-20,20,6,test
03-01-03-01-02-02-21,21,6,train
03-01-03-01-02-02-22,22,6,train
03-01-03-01-02-02-23,23,6,train
03-01-03-01-02-02-24,24,6,train
03-01-03-02-01-01-01,1,6,train
03-01-03-02-01-01-02,2,6,train
03-01-03-02-01-01-03,3,6,train
03-01-03-02-01-01-04,4,6,train
03-01-03-02-01-01-05,5,6,train
03-01-03-02-01-01-06,6,6,test
03-01-03-02-01-01-07,7,6,train
03-01-03-02-01-01-08,8,6,train
03-01-03-02-01-01-09,9,6,train
03-01-03-02-01-01-10,10,6,test
03-01-03-02-01-01-11,11,6,train
03-01-03-02-01-01-12,12,6,train
03-01-03-02-01-01-13,13,6,train
03-01-03-02-01-01-14,14,6,train
03-01-03-02-01-01-15,15,6,train
03-01-03-02-01-01-16,16,6,train
03-01-03-02-01-01-17,17,6,train
03-01-03-02-01-01-18,18,6,train
03-01-03-02-01-01-19,19,6,test
03-01-03-02-01-01-20,20,6,test
03-01-03-02-01-01-21,21,6,train
03-01-03-02-01-01-22,22,6,train
03-01-03-02-01-01-23,23,6,train
03-01-03-02-01-01-24,24,6,train
03-01-03-02-01-02-01,1,6,train
03-01-03-02-01-02-02,2,6,train
03-01-03-02-01-02-03,3,6,train
03-01-03-02-01-02-04,4,6,train
03-01-03-02-01-02-05,5,6,train
03-01-03-02-01-02-06,6,6,test
03-01-03-02-01-02-07,7,6,train
03-01-03-02-01-02-08,8,6,train
03-01-03-02-01-02-09,9,6,train
03-01-03-02-01-02-10,10,6,test
03-01-03-02-01-02-11,11,6,train
03-01-03-02-01-02-12,12,6,train
03-01-03-02-01-02-13,13,6,train
03-01-03-02-01-02-14,14,6,train
03-01-03-02-01-02-15,15,6,train
03-01-03-02-01-02-16,16,6,train
03-01-03-02-01-02-17,17,6,train
03-01-03-02-01-02-18,18,6,train
03-01-03-02-01-02-19,19,6,test
03-01-03-02-01-02-20,20,6,test
03-01-03-02-01-02-21,21,6,train
03-01-03-02-01-02-22,22,6,train
03-01-03-02-01-02-23,23,6,train
03-01-03-02-01-02-24,24,6,train
03-01-03-02-02-01-01,1,6,train
03-01-03-02-02-01-02,2,6,train
03-01-03-02-02-01-03,3,6,train
03-01-03-02-02-01-04,4,6,train
03-01-03-02-02-01-05,5,6,train
03-01-03-02-02-01-06,6,6,test
03-01-03-02-02-01-07,7,6,train
03-01-03-02-02-01-08,8,6,train
03-01-03-02-02-01-09,9,6,train
03-01-03-02-02-01-10,10,6,test
03-01-03-02-02-01-11,11,6,train
03-01-03-02-02-01-12,12,6,train
03-01-03-02-02-01-13,13,6,train
03-01-03-02-02-01-14,14,6,train
03-01-03-02-02-01-15,15,6,train
03-01-03-02-02-01-16,16,6,train
03-01-03-02-02-01-17,17,6,train
03-01-03-02-02-01-18,18,6,train
03-01-03-02-02-01-19,19,6,test
03-01-03-02-02-01-20,20,6,test
03-01-03-02-02-01-21,21,6,train
03-01-03-02-02-01-22,22,6,train
03-01-03-02-02-01-23,23,6,train
03-01-03-02-02-01-24,24,6,train
03-01-03-02-02-02-01,1,6,train
03-01-03-02-02-02-02,2,6,train
03-01-03-02-02-02-03,3,6,train
03-01-03-02-02-02-04,4,6,train
03-01-03-02-02-02-05,5,6,train
03-01-03-02-02-02-06,6,6,test
03-01-03-02-02-02-07,7,6,train
03-01-03-02-02-02-08,8,6,train
03-01-03-02-02-02-09,9,6,train
03-01-03-02-02-02-10,10,6,test
03-01-03-02-02-02-11,11,6,train
03-01-03-02-02-02-12,12,6,train
03-01-03-02-02-02-13,13,6,train
03-01-03-02-02-02-14,14,6,train
03-01-03-02-02-02-15,15,6,train
03-01-03-02-02-02-16,16,6,train
03-01-03-02-02-02-17,17,6,train
03-01-03-02-02-02-18,18,6,train
03-01-03-02-02-02-19,19,6,test
03-01-03-02-02-02-20,20,6,test
03-01-03-02-02-02-21,21,6,train
03-01-03-02-02-02-22,22,6,train
03-01-03-02-02-02-23,23,6,train
03-01-03-02-02-02-24,24,6,train
03-01-04-01-01-01-01,1,6,train
03-01-04-01-01-01-02,2,6,train
03-01-04-01-01-01-03,3,6,train
03-01-04-01-01-01-04,4,6,train
03-01-04-01-01-01-05,5,6,train
03-01-04-01-01-01-06,6,6,test
03-01-04-01-01-01-07,7,6,train
03-01-04-01-01-01-08,8,6,train
03-01-04-01-01-01-09,9,6,train
03-01-04-01-01-01-10,10,6,test
03-01-04-01-01-01-11,11,6,train
03-01-04-01-01-01-12,12,6,train
03-01-04-01-01-01-13,13,6,train
03-01-04-01-01-01-14,14,6,train
03-01-04-01-01-01-15,15,6,train
03-01-04-01-01-01-16,16,6,train
03-01-04-01-01-01-17,17,6,train
03-01-04-01-01-01-18,18,6,train
03-01-04-01-01-01-19,19,6,test
03-01-04-01-01-01-20,20,6,test
03-01-04-01-01-01-21,21,6,train
03-01-04-01-01-01-22,22,6,train
03-01-04-01-01-01-23,23,6,train
03-01-04-01-01-01-24,24,6,train
03-01-04-01-01-02-01,1,6,train
03-01-04-01-01-02-02,2,6,train
03-01-04-01-01-02-03,3,6,train
03-01-04-01-01-02-04,4,6,train
03-01-04-01-01-02-05,5,6,train
03-01-04-01-01-02-06,6,6,test
03-01-04-01-01-02-07,7,6,train
03-01-04-01-01-02-08,8,6,train
03-01-04-01-01-02-09,9,6,train
03-01-04-01-01-02-10,10,6,test
03-01-04-01-01-02-11,11,6,train
03-01-04-01-01-02-12,12,6,train
03-01-04-01-01-02-13,13,6,train
03-01-04-01-01-02-14,14,6,train
03-01-04-01-01-02-15,15,6,train
03-01-04-01-01-02-16,16,6,train
03-01-04-01-01-02-17,17,6,train
03-01-04-01-01-02-18,18,6,train
03-01-04-01-01-02-19,19,6,test
03-01-04-01-01-02-20,20,6,test
03-01-04-01-01-02-21,21,6,train
03-01-04-01-01-02-22,22,6,train
03-01-04-01-01-02-23,23,6,train
03-01-04-01-01-02-24,24,6,train
03-01-04-01-02-01-01,1,6,train
03-01-04-01-02-01-02,2,6,train
03-01-04-01-02-01-03,3,6,train
03-01-04-01-02-01-04,4,6,train
03-01-04-01-02-01-05,5,6,train
03-01-04-01-02-01-06,6,6,test
03-01-04-01-02-01-07,7,6,train
03-01-04-01-02-01-08,8,6,train
03-01-04-01-02-01-09,9,6,train
03-01-04-01-02-01-10,10,6,test
03-01-04-01-02-01-11,11,6,train
03-01-04-01-02-01-12,12,6,train
03-01-04-01-02-01-13,13,6,train
03-01-04-01-02-01-14,14,6,train
03-01-04-01-02-01-15,15,6,train
03-01-04-01-02-01-16,16,6,train
03-01-04-01-02-01-17,17,6,train
03-01-04-01-02-01-18,18,6,train
03-01-04-01-02-01-19,19,6,test
03-01-04-01-02-01-20,20,6,test
03-01-04-01-02-01-21,21,6,train
03-01-04-01-02-01-22,22,6,train
03-01-04-01-02-01-23,23,6,train
03-01-04-01-02-01-24,24,6,train
03-01-04-01-02-02-01,1,6,train
03-01-04-01-02-02-02,2,6,train
03-01-04-01-02-02-03,3,6,train
03-01-04-01-02-02-04,4,6,train
03-01-04-01-02-02-05,5,6,train
03-01-04-01-02-02-06,6,6,test
03-01-04-01-02-02-07,7,6,train
03-01-04-01-02-02-08,8,6,train
03-01-04-01-02-02-09,9,6,train
03-01-04-01-02-02-10,10,6,test
03-01-04-01-02-02-11,11,6,train
03-01-04-01-02-02-12,12,6,train
03-01-04-01-02-02-13,13,6,train
03-01-04-01-02-02-14,14,6,train
03-01-04-01-02-02-15,15,6,train
03-01-04-01-02-02-16,16,6,train
03-01-04-01-02-02-17,17,6,train
03-01-04-01-02-02-18,18,6,train
03-01-04-01-02-02-19,19,6,test
03-01-04-01-02-02-20,20,6,test
03-01-04-01-02-02-21,21,6,train
03-01-04-01-02-02-22,22,6,train
03-01-04-01-02-02-23,23,6,train
03-01-04-01-02-02-24,24,6,train
03-01-04-02-01-01-01,1,6,train
03-01-04-02-01-01-02,2,6,train
03-01-04-02-01-01-03,3,6,train
03-01-04-02-01-01-04,4,6,train
03-01-04-02-01-01-05,5,6,train
03-01-04-02-01-01-06,6,6,test
03-01-04-02-01-01-07,7,6,train
03-01-04-02-01-01-08,8,6,train
03-01-04-02-01-01-09,9,6,train
03-01-04-02-01-01-10,10,6,test
03-01-04-02-01-01-11,11,6,train
03-01-04-02-01-01-12,12,6,train
03-01-04-02-01-01-13,13,6,train
03-01-04-02-01-01-14,14,6,train
03-01-04-02-01-01-15,15,6,train
03-01-04-02-01-01-16,16,6,train
03-01-04-02-01-01-17,17,6,train
03-01-04-02-01-01-18,18,6,train
03-01-04-02-01-01-19,19,6,test
03-01-04-02-01-01-20,20,6,test
03-01-04-02-01-01-21,21,6,train
03-01-04-02-01-01-22,22,6,train
03-01-04-02-01-01-23,23,6,train
03-01-04-02-01-01-24,24,6,train
03-01-04-02-01-02-01,1,6,train
03-01-04-02-01-02-02,2,6,train
03-01-04-02-01-02-03,3,6,train
03-01-04-02-01-02-04,4,6,train
03-01-04-02-01-02-05,5,6,train
03-01-04-02-01-02-06,6,6,test
03-01-04-02-01-02-07,7,6,train
03-01-04-02-01-02-08,8,6,train
03-01-04-02-01-02-09,9,6,train
03-01-04-02-01-02-10,10,6,test
03-01-04-02-01-02-11,11,6,train
03-01-04-02-01-02-12,12,6,train
03-01-04-02-01-02-13,13,6,train
03-01-04-02-01-02-14,14,6,train
03-01-04-02-01-02-15,15,6,train
03-01-04-02-01-02-16,16,6,train
03-01-04-02-01-02-17,17,6,train
03-01-04-02-01-02-18,18,6,train
03-01-04-02-01-02-19,19,6,test
03-01-04-02-01-02-20,20,6,test
03-01-04-02-01-02-21,21,6,train
03-01-04-02-01-02-22,22,6,train
03-01-04-02-01-02-23,23,6,train
03-01-04-02-01-02-24,24,6,train
03-01-04-02-02-01-01,1,6,train
03-01-04-02-02-01-02,2,6,train
03-01-04-02-02-01-03,3,6,train
03-01-04-02-02-01-04,4,6,train
03-01-04-02-02-01-05,5,6,train
03-01-04-02-02-01-06,6,6,test
03-01-04-02-02-01-07,7,6,train
03-01-04-02-02-01-08,8,6,train
03-01-04-02-02-01-09,9,6,train
03-01-04-02-02-01-10,10,6,test
03-01-04-02-02-01-11,11,6,train
03-01-04-02-02-01-12,12,6,train
03-01-04-02-02-01-13,13,6,train
03-01-04-02-02-01-14,14,6,train
03-01-04-02-02-01-15,15,6,train
03-01-04-02-02-01-16,16,6,train
03-01-04-02-02-01-17,17,6,train
03-01-04-02-02-01-18,18,6,train
03-01-04-02-02-01-19,19,6,test
03-01-04-02-02-01-20,20,6,test
03-01-04-02-02-01-21,21,6,train
03-01-04-02-02-01-22,22,6,train
03-01-04-02-02-01-23,23,6,train
03-01-04-02-02-01-24,24,6,train
03-01-04-02-02-02-01,1,6,train
03-01-04-02-02-02-02,2,6,train
03-01-04-02-02-02-03,3,6,train
03-01-04-02-02-02-04,4,6,train
03-01-04-02-02-02-05,5,6,train
03-01-04-02-02-02-06,6,6,test
03-01-04-02-02-02-07,7,6,train
03-01-04-02-02-02-08,8,6,train
03-01-04-02-02-02-09,9,6,train
03-01-04-02-02-02-10,10,6,test
03-01-04-02-02-02-11,11,6,train
03-01-04-02-02-02-12,12,6,train
03-01-04-02-02-02-13,13,6,train
03-01-04-02-02-02-14,14,6,train
03-01-04-02-02-02-15,15,6,train
03-01-04-02-02-02-16,16,6,train
03-01-04-02-02-02-17,17,6,train
03-01-04-02-02-02-18,18,6,train
03-01-04-02-02-02-19,19,6,test
03-01-04-02-02-02-20,20,6,test
03-01-04-02-02-02-21,21,6,train
03-01-04-02-02-02-22,22,6,train
03-01-04-02-02-02-23,23,6,train
03-01-04-02-02-02-24,24,6,train
03-01-05-01-01-01-01,1,6,train
03-01-05-01-01-01-02,2,6,train
03-01-05-01-01-01-03,3,6,train
03-01-05-01-01-01-04,4,6,train
03-01-05-01-01-01-05,5,6,train
03-01-05-01-01-01-06,6,6,test
03-01-05-01-01-01-07,7,6,train
03-01-05-01-01-01-08,8,6,train
03-01-05-01-01-01-09,9,6,train
03-01-05-01-01-01-10,10,6,test
03-01-05-01-01-01-11,11,6,train
03-01-05-01-01-01-12,12,6,train
03-01-05-01-01-01-13,13,6,train
03-01-05-01-01-01-14,14,6,train
03-01-05-01-01-01-15,15,6,train
03-01-05-01-01-01-16,16,6,train
03-01-05-01-01-01-17,17,6,train
03-01-05-01-01-01-18,18,6,train
03-01-05-01-01-01-19,19,6,test
03-01-05-01-01-01-20,20,6,test
03-01-05-01-01-01-21,21,6,train
03-01-05-01-01-01-22,22,6,train
03-01-05-01-01-01-23,23,6,train
03-01-05-01-01-01-24,24,6,train
03-01-05-01-01-02-01,1,6,train
03-01-05-01-01-02-02,2,6,train
03-01-05-01-01-02-03,3,6,train
03-01-05-01-01-02-04,4,6,train
03-01-05-01-01-02-05,5,6,train
03-01-05-01-01-02-06,6,6,test
03-01-05-01-01-02-07,7,6,train
03-01-05-01-01-02-08,8,6,train
03-01-05-01-01-02-09,9,6,train
03-01-05-01-01-02-10,10,6,test
03-01-05-01-01-02-11,11,6,train
03-01-05-01-01-02-12,12,6,train
03-01-05-01-01-02-13,13,6,train
03-01-05-01-01-02-14,14,6,train
03-01-05-01-01-02-15,15,6,train
03-01-05-01-01-02-16,16,6,train
03-01-05-01-01-02-17,17,6,train
03-01-05-01-01-02-18,18,6,train
03-01-05-01-01-02-19,19,6,test
03-01-05-01-01-02-20,20,6,test
03-01-05-01-01-02-21,21,6,train
03-01-05-01-01-02-22,22,6,train
03-01-05-01-01-02-23,23,6,train
03-01-05-01-01-02-24,24,6,train
03-01-05-01-02-01-01,1,6,train
03-01-05-01-02-01-02,2,6,train
03-01-05-01-02-01-03,3,6,train
03-01-05-01-02-01-04,4,6,train
03-01-05-01-02-01-05,5,6,train
03-01-05-01-02-01-06,6,6,test
03-01-05-01-02-01-07,7,6,train
03-01-05-01-02-01-08,8,6,train
03-01-05-01-02-01-09,9,6,train
03-01-05-01-02-01-10,10,6,test
03-01-05-01-02-01-11,11,6,train
03-01-05-01-02-01-12,12,6,train
03-01-05-01-02-01-13,13,6,train
03-01-05-01-02-01-14,14,6,train
03-01-05-01-02-01-15,15,6,train
03-01-05-01-02-01-16,16,6,train
03-01-05-01-02-01-17,17,6,train
03-01-05-01-02-01-18,18,6,train
03-01-05-01-02-01-19,19,6,test
03-01-05-01-02-01-20,20,6,test
03-01-05-01-02-01-21,21,6,train
03-01-05-01-02-01-22,22,6,train
03-01-05-01-02-01-23,23,6,train
03-01-05-01-02-01-24,24,6,train
03-01-05-01-02-02-01,1,6,train
03-01-05-01-02-02-02,2,6,train
03-01-05-01-02-02-03,3,6,train
03-01-05-01-02-02-04,4,6,train
03-01-05-01-02-02-05,5,6,train
03-01-05-01-02-02-06,6,6,test
03-01-05-01-02-02-07,7,6,train
03-01-05-01-02-02-08,8,6,train
03-01-05-01-02-02-09,9,6,train
03-01-05-01-02-02-10,10,6,test
03-01-05-01-02-02-11,11,6,train
03-01-05-01-02-02-12,12,6,train
03-01-05-01-02-02-13,13,6,train
03-01-05-01-02-02-14,14,6,train
03-01-05-01-02-02-15,15,6,train
03-01-05-01-02-02-16,16,6,train
03-01-05-01-02-02-17,17,6,train
03-01-05-01-02-02-18,18,6,train
03-01-05-01-02-02-19,19,6,test
03-01-05-01-02-02-20,20,6,test
03-01-05-01-02-02-21,21,6,train
03-01-05-01-02-02-22,22,6,train
03-01-05-01-02-02-23,23,6,train
03-01-05-01-02-02-24,24,6,train
03-01-05-02-01-01-01,1,6,train
03-01-05-02-01-01-02,2,6,train
03-01-05-02-01-01-03,3,6,train
03-01-05-02-01-01-04,4,6,train
03-01-05-02-01-01-05,5,6,train
03-01-05-02-01-01-06,6,6,test
03-01-05-02-01-01-07,7,6,train
03-01-05-02-01-01-08,8,6,train
03-01-05-02-01-01-09,9,6,train
03-01-05-02-01-01-10,10,6,test
03-01-05-02-01-01-11,11,6,train
03-01-05-02-01-01-12,12,6,train
03-01-05-02-01-01-13,13,6,train
03-01-05-02-01-01-14,14,6,train
03-01-05-02-01-01-15,15,6,train
03-01-05-02-01-01-16,16,6,train
03-01-05-02-01-01-17,17,6,train
03-01-05-02-01-01-18,18,6,train
03-01-05-02-01-01-19,19,6,test
03-01-05-02-01-01-20,20,6,test
03-01-05-02-01-01-21,21,6,train
03-01-05-02-01-01-22,22,6,train
03-01-05-02-01-01-23,23,6,train
03-01-05-02-01-01-24,24,6,train
03-01-05-02-01-02-01,1,6,train
03-01-05-02-01-02-02,2,6,train
03-01-05-02-01-02-03,3,6,train
03-01-05-02-01-02-04,4,6,train
03-01-05-02-01-02-05,5,6,train
03-01-05-02-01-02-06,6,6,test
03-01-05-02-01-02-07,7,6,train
03-01-05-02-01-02-08,8,6,train
03-01-05-02-01-02-09,9,6,train
03-01-05-02-01-02-10,10,6,test
03-01-05-02-01-02-11,11,6,train
03-01-05-02-01-02-12,12,6,train
03-01-05-02-01-02-13,13,6,train
03-01-05-02-01-02-14,14,6,train
03-01-05-02-01-02-15,15,6,train
03-01-05-02-01-02-16,16,6,train
03-01-05-02-01-02-17,17,6,train
03-01-05-02-01-02-18,18,6,train
03-01-05-02-01-02-19,19,6,test
03-01-05-02-01-02-20,20,6,test
03-01-05-02-01-02-21,21,6,train
03-01-05-02-01-02-22,22,6,train
03-01-05-02-01-02-23,23,6,train
03-01-05-02-01-02-24,24,6,train
03-01-05-02-02-01-01,1,6,train
03-01-05-02-02-01-02,2,6,train
03-01-05-02-02-01-03,3,6,train
03-01-05-02-02-01-04,4,6,train
03-01-05-02-02-01-05,5,6,train
03-01-05-02-02-01-06,6,6,test
03-01-05-02-02-01-07,7,6,train
03-01-05-02-02-01-08,8,6,train
03-01-05-02-02-01-09,9,6,train
03-01-05-02-02-01-10,10,6,test
03-01-05-02-02-01-11,11,6,train
03-01-05-02-02-01-12,12,6,train
03-01-05-02-02-01-13,13,6,train
03-01-05-02-02-01-14,14,6,train
03-01-05-02-02-01-15,15,6,train
03-01-05-02-02-01-16,16,6,train
03-01-05-02-02-01-17,17,6,train
03-01-05-02-02-01-18,18,6,train
03-01-05-02-02-01-19,19,6,test
03-01-05-02-02-01-20,20,6,test
03-01-05-02-02-01-21,21,6,train
03-01-05-02-02-01-22,22,6,train
03-01-05-02-02-01-23,23,6,train
03-01-05-02-02-01-24,24,6,train
03-01-05-02-02-02-01,1,6,train
03-01-05-02-02-02-02,2,6,train
03-01-05-02-02-02-03,3,6,train
03-01-05-02-02-02-04,4,6,train
03-01-05-02-02-02-05,5,6,train
03-01-05-02-02-02-06,6,6,test
03-01-05-02-02-02-07,7,6,train
03-01-05-02-02-02-08,8,6,train
03-01-05-02-02-02-09,9,6,train
03-01-05-02-02-02-10,10,6,test
03-01-05-02-02-02-11,11,6,train
03-01-05-02-02-02-12,12,6,train
03-01-05-02-02-02-13,13,6,train
03-01-05-02-02-02-14,14,6,train
03-01-05-02-02-02-15,15,6,train
03-01-05-02-02-02-16,16,6,train
03-01-05-02-02-02-17,17,6,train
03-01-05-02-02-02-18,18,6,train
03-01-05-02-02-02-19,19,6,test
03-01-05-02-02-02-20,20,6,test
03-01-05-02-02-02-21,21,6,train
03-01-05-02-02-02-22,22,6,train
03-01-05-02-02-02-23,23,6,train
03-01-05-02-02-02-24,24,6,train
