RecordingID,RelativePath,ActorID,Emotion,EmotionCode,Intensity,Statement,Repetition,OriginalSampleRate,NumChannels,OriginalSamples,DurationSeconds,SourceSHA256,EmotionFold,SpeakerSplit,PreparedPath,PreparedSHA256
03-01-01-01-01-01-01,data/raw/Actor_01/03-01-01-01-01-01-01.wav,1,neutral,1,1,1,1,48000,1,158558,3.30329166666667,c467aad2ca80b089dbd4c2ba0dd16be508e4ce08230f46d36a208b859dc7fbac,1,train,results/prepared_audio/03-01-01-01-01-01-01.wav,f0c0b48c1c36ea7bd5c24e76818738decfaee1bb891d717e06de83dd9411b900
03-01-01-01-01-01-02,data/raw/Actor_02/03-01-01-01-01-01-02.wav,2,neutral,1,1,1,1,48000,1,174574,3.63695833333333,e343477557ff71c099c7a71ef70ff65158fcab232a56ee23bd231319a0f2c845,3,train,results/prepared_audio/03-01-01-01-01-01-02.wav,cbba87905ed4f70f544ac77f404c5de3f8635d0c2720de2a0c1fef8ee082115a
03-01-01-01-01-01-03,data/raw/Actor_03/03-01-01-01-01-01-03.wav,3,neutral,1,1,1,1,48000,1,164965,3.43677083333333,d61bd344a100e9ba43b2e589912e0ce4b8c4f8be14e7e9a5b618a51728faf34f,5,train,results/prepared_audio/03-01-01-01-01-01-03.wav,2e5c430b3900bb662b994d95f0ca296badc23cb1004b6a4107c3c8ff9b887204
03-01-01-01-01-01-04,data/raw/Actor_04/03-01-01-01-01-01-04.wav,4,neutral,1,1,1,1,48000,1,158558,3.30329166666667,30ed5827386c30840f93ec49e4cf5689597a6d48412d79c94a171e71495ccee2,3,test,results/prepared_audio/03-01-01-01-01-01-04.wav,4238c1422cf31e6bbf730f899db76e942df58f6db87f9e4ff735c3c1968bdd51
03-01-01-01-01-01-05,data/raw/Actor_05/03-01-01-01-01-01-05.wav,5,neutral,1,1,1,1,48000,1,172973,3.60360416666667,d6ae1eaf5f0638d0fbbb6ea9ba040e089e741c13caca902d91059541c24c093a,2,train,results/prepared_audio/03-01-01-01-01-01-05.wav,6eea46c0c6e53b4e5d1237b21476d9053032d9313da2ac6cd4700fdf50cabbc2
03-01-01-01-01-01-06,data/raw/Actor_06/03-01-01-01-01-01-06.wav,6,neutral,1,1,1,1,48000,1,160160,3.33666666666667,fec3fbd174eac5a623f30ac63b09bbb28b947754ab5f1ba57aa3758d10186ea1,6,test,results/prepared_audio/03-01-01-01-01-01-06.wav,4db0327ca4fca3e8b2cc5aadcbe35903700e0405ffe108f4064fab939136d0b5
03-01-01-01-01-01-07,data/raw/Actor_07/03-01-01-01-01-01-07.wav,7,neutral,1,1,1,1,48000,1,187388,3.90391666666667,3ad7349f8ce03135bbfb4a20c9633b09d1687c81f54af23c3fc00deb2044653c,2,train,results/prepared_audio/03-01-01-01-01-01-07.wav,088fc6e5a2b5ccbfaf62a5951a0775b53b408ee5c90a978db50e0cbfdc93be3e
03-01-01-01-01-01-08,data/raw/Actor_08/03-01-01-01-01-01-08.wav,8,neutral,1,1,1,1,48000,1,168168,3.5035,b8475c029ef3ea3c931ed23cb55863dfee0e763d6d43bb1d95d42b5f9941c93b,5,test,results/prepared_audio/03-01-01-01-01-01-08.wav,0e1f22314f6a469558d09e73a43d928e287460e582360b31acad8b5b53dcf767
03-01-01-01-01-01-09,data/raw/Actor_09/03-01-01-01-01-01-09.wav,9,neutral,1,1,1,1,48000,1,156957,3.2699375,2f4c334e09e851e72cc2a5045f745e6590b99d4f379b3b0ca678b5eea0bf2f8b,5,train,results/prepared_audio/03-01-01-01-01-01-09.wav,cfeb211ac0d3840704a8b7bc702fed5d09187c9d682b529ce74ea56dd6cde786
03-01-01-01-01-01-10,data/raw/Actor_10/03-01-01-01-01-01-10.wav,10,neutral,1,1,1,1,48000,1,169770,3.536875,5806d0548113c01535d0f902d92464daa0ee204adc1de909c8608b35f760e519,6,train,results/prepared_audio/03-01-01-01-01-01-10.wav,4b521387d09319bb8e0986092623c388f92fc29a86234ad036d5acfba6825c0a
03-01-01-01-01-01-11,data/raw/Actor_11/03-01-01-01-01-01-11.wav,11,neutral,1,1,1,1,48000,1,150551,3.13647916666667,98527ed23cbd1befa71ef7f1bdd09916a962ca8a6c4b35b89a0029d962ead41b,4,test,results/prepared_audio/03-01-01-01-01-01-11.wav,747e766acd99d04ce72e0a8f85946ee4ffd5ca3e11a7aa4886723b29585b3035
03-01-01-01-01-01-12,data/raw/Actor_12/03-01-01-01-01-01-12.wav,12,neutral,1,1,1,1,48000,1,174574,3.63695833333333,883cb9e2c04ca0b3eb811d35e93edb5d8bdb9ba82d11c2323ccf0daf4aefb122,3,train,results/prepared_audio/03-01-01-01-01-01-12.wav,23b033f04e35f4ab2954cb7c1930d3deaaea1ce599318b5e1783ee8f057142c1
03-01-01-01-01-01-13,data/raw/Actor_13/03-01-01-01-01-01-13.wav,13,neutral,1,1,1,1,48000,1,152152,3.16983333333333,215ef4c1de0e9419d5ba04c8b9e19b674a460f9463a4d259020b924a660a6a76,1,train,results/prepared_audio/03-01-01-01-01-01-13.wav,43d71b16b1acae4e61b4ad6b4292b3b73009e8539303a48dc3e8d37e36ce17f0
03-01-01-01-01-01-14,data/raw/Actor_14/03-01-01-01-01-01-14.wav,14,neutral,1,1,1,1,48000,1,166566,3.470125,1b2e8e275c9c93d3acc3a7ac0ee28525c1117ce071a38430c929703ffbb99ec8,4,train,results/prepared_audio/03-01-01-01-01-01-14.wav,01a4e5a5055b23e4e4864fde4d167963cad8496bbdf7666dde33139019734e75
03-01-01-01-01-01-15,data/raw/Actor_15/03-01-01-01-01-01-15.wav,15,neutral,1,1,1,1,48000,1,161762,3.37004166666667,e4f1d8fcb0aa04eee77976221ac31047a8e8fbf12f18150d24e66b5b8141a4ad,5,train,results/prepared_audio/03-01-01-01-01-01-15.wav,3e3bde03bbd3682968a935b2a76b2ed85778e7c7d99684f553de5ab46345d320
03-01-01-01-01-01-16,data/raw/Actor_16/03-01-01-01-01-01-16.wav,16,neutral,1,1,1,1,48000,1,179379,3.7370625,9f0fe5ccfebbdc023137d280939198ceb3c39b938bb40d458200087aee36e720,2,train,results/prepared_audio/03-01-01-01-01-01-16.wav,5f00315443d2c50ef890394f2ac45dec3d7b6295b026f558fa9b21fadfe51bc6
03-01-01-01-01-01-17,data/raw/Actor_17/03-01-01-01-01-01-17.wav,17,neutral,1,1,1,1,48000,1,184184,3.83716666666667,6e205e930dd5a6199d452921217c2c09bab8e4c5bd82539105ee45f4141e8e01,3,train,results/prepared_audio/03-01-01-01-01-01-17.wav,25fa006c84b09a83a28556c35036f32b368c3174c132ef9c82d4ab0ce1e0a711
03-01-01-01-01-01-18,data/raw/Actor_18/03-01-01-01-01-01-18.wav,18,neutral,1,1,1,1,48000,1,166567,3.47014583333333,0b2520c2f197dcfe74411b6de7ec2c08db0bcb37520f79f41989c5b662c55f72,4,train,results/prepared_audio/03-01-01-01-01-01-18.wav,2fdf16cb9ea86d6ab6245f108306cfc20677c9f5f39dd32a93ef8c3f055047f3
03-01-01-01-01-01-19,data/raw/Actor_19/03-01-01-01-01-01-19.wav,19,neutral,1,1,1,1,48000,1,161762,3.37004166666667,1a48046495796d742987711910f507e1c373b42d779b25f031285e27e5ee80ed,6,train,results/prepared_audio/03-01-01-01-01-01-19.wav,66147793d73f2f469844c133b6dc394eb737720e6e45b1e41fc54e0bf9c7dea8
03-01-01-01-01-01-20,data/raw/Actor_20/03-01-01-01-01-01-20.wav,20,neutral,1,1,1,1,48000,1,166566,3.470125,194c2fd915fac5a42d23a677862eecccf103cf0d669ecec609506ac1cc3446c8,6,train,results/prepared_audio/03-01-01-01-01-01-20.wav,509a64f87745ad2a3e4c18d1544b25b982c117032643677843e8c49d11a39f8a
03-01-01-01-01-01-21,data/raw/Actor_21/03-01-01-01-01-01-21.wav,21,neutral,1,1,1,1,48000,1,184184,3.83716666666667,7664a2b9211563cdc510f6278f4009acf66fcb9e79d0969844df3692b2805301,2,train,results/prepared_audio/03-01-01-01-01-01-21.wav,f6650a9ad72df476ffa98ce1bcdf14d266fa3d29914a029ed321a749082cfb51
03-01-01-01-01-01-22,data/raw/Actor_22/03-01-01-01-01-01-22.wav,22,neutral,1,1,1,1,48000,1,174575,3.63697916666667,4ef4db5b01fee8657bf0f32433795ace8db2a55424f29648ca47fd530b1e6861,4,test,results/prepared_audio/03-01-01-01-01-01-22.wav,f106877c783d940c2e8bdbc1c14532c4f64679addd1de082184ca3ecf06e8cbb
03-01-01-01-01-01-23,data/raw/Actor_23/03-01-01-01-01-01-23.wav,23,neutral,1,1,1,1,48000,1,182582,3.80379166666667,3419a82ee791d5b4d44f93f9f638d47182ace67fb68ced6764f8952716b46f3d,1,train,results/prepared_audio/03-01-01-01-01-01-23.wav,1952a84080d7fe3039700ee360076453bbdf7e4cea410f4f53bf5572393d2673
03-01-01-01-01-01-24,data/raw/Actor_24/03-01-01-01-01-01-24.wav,24,neutral,1,1,1,1,48000,1,177778,3.70370833333333,90cd17f83b7fdf79220e55c869fc9b9852fef86c62787b2428e2fa8e6df910ed,1,train,results/prepared_audio/03-01-01-01-01-01-24.wav,13a9746a00a9fcd496ca60a8851512d85385909084185bf732ffcd720a757e58
03-01-01-01-01-02-01,data/raw/Actor_01/03-01-01-01-01-02-01.wav,1,neutral,1,1,1,2,48000,1,160160,3.33666666666667,bdee67020559b789983fb4eb8b143e65e91f5b3d510afc2a9ba3bbb3360d3e47,1,train,results/prepared_audio/03-01-01-01-01-02-01.wav,cba4cedb17269e74c4ae93d391f7d8fb81c9998303ff0fca94925443946b51fc
03-01-01-01-01-02-02,data/raw/Actor_02/03-01-01-01-01-02-02.wav,2,neutral,1,1,1,2,48000,1,172973,3.60360416666667,a60634e1545dfec9ed00cac5d3ebe2cb9808175884c02aa72a6e61cbb81167dd,3,train,results/prepared_audio/03-01-01-01-01-02-02.wav,61c44c4d2a91bad27270adeaa3fba99bbaca08fc759052b79c688ee8a4993f1d
03-01-01-01-01-02-03,data/raw/Actor_03/03-01-01-01-01-02-03.wav,3,neutral,1,1,1,2,48000,1,168168,3.5035,17b08fe4d03f14cfee8cbe8368bddf9d5660a81bbc1972f8891ea0e5327aa290,5,test,results/prepared_audio/03-01-01-01-01-02-03.wav,fcca9098baed28cef7cd23e7d4d4856483888a45e875ed7450ec052d9c94af56
03-01-01-01-01-02-04,data/raw/Actor_04/03-01-01-01-01-02-04.wav,4,neutral,1,1,1,2,48000,1,161762,3.37004166666667,f569b18781007ea2cecfaf23a1beeaaf7059212465faa0a452fd750cc1857b90,3,train,results/prepared_audio/03-01-01-01-01-02-04.wav,195d825ebcc1dfdbcb9e1f70c71835ef856b01926bd0e609c5d3ff0be06faf26
03-01-01-01-01-02-05,data/raw/Actor_05/03-01-01-01-01-02-05.wav,5,neutral,1,1,1,2,48000,1,174575,3.63697916666667,53282cac7cb92c7008f5757ca382d4dc0fccc43f0b88ffb35ee39f30565d1405,2,train,results/prepared_audio/03-01-01-01-01-02-05.wav,2fefee917facce6b3aa5b9544bb0f4a894c235f529a62fde12d84d409e7526a7
03-01-01-01-01-02-06,data/raw/Actor_06/03-01-01-01-01-02-06.wav,6,neutral,1,1,1,2,48000,1,172973,3.60360416666667,2baf0456bbcae672a144d5997cb0baa864c2a40c557f7192e69de0d041aeb3b5,6,train,results/prepared_audio/03-01-01-01-01-02-06.wav,1d93d9d4edc27f8184ddf7e6408fa3425a748c72e7bb05a73c1eac31f63f0fff
03-01-01-01-01-02-07,data/raw/Actor_07/03-01-01-01-01-02-07.wav,7,neutral,1,1,1,2,48000,1,182583,3.8038125,9384c77a972f0fcd46670aa4c520047619d8f912a9590c212fb0f434e3996403,2,train,results/prepared_audio/03-01-01-01-01-02-07.wav,1002b416085ccc1b7002cb01b0ced8dca1e85ae49a40b01bd3df7e8e25dd8c12
03-01-01-01-01-02-08,data/raw/Actor_08/03-01-01-01-01-02-08.wav,8,neutral,1,1,1,2,48000,1,174575,3.63697916666667,d7a1e91ccf01d71a06b8b2bf6e2b8ded86b568b5e0cee437245f760291560371,5,train,results/prepared_audio/03-01-01-01-01-02-08.wav,f7bbff0147244737128f4324a9593fad3eb836db5a436e7ba7825e8dae495b56
03-01-01-01-01-02-09,data/raw/Actor_09/03-01-01-01-01-02-09.wav,9,neutral,1,1,1,2,48000,1,153754,3.20320833333333,2c05dc93e249a2f1319bff668e62b872c06a692bb5c94491a18b60ec3cd25c72,5,test,results/prepared_audio/03-01-01-01-01-02-09.wav,6a20ded814a4b99b69e8c97890e96907afeb8fd155fe259723007f2a1e40e34c
03-01-01-01-01-02-10,data/raw/Actor_10/03-01-01-01-01-02-10.wav,10,neutral,1,1,1,2,48000,1,184184,3.83716666666667,82c4b34ce9f7a323f38172144fd8dd8f61a153939ed7c6d89f87cae1ec7ed67e,6,train,results/prepared_audio/03-01-01-01-01-02-10.wav,eb7e7beb2908f09fcab2a5a2309894bf90d20372b6cd22806c3eec7597fa63b5
03-01-01-01-01-02-11,data/raw/Actor_11/03-01-01-01-01-02-11.wav,11,neutral,1,1,1,2,48000,1,148949,3.10310416666667,6cea92272fd5f1742872f0ab56d880aee2103b2c6117f635b3933f4391743d14,4,train,results/prepared_audio/03-01-01-01-01-02-11.wav,4d24f1b6f2d6b532e9863db4f935cd8a903b13ce1d8941f0a2e63f282faeead7
03-01-01-01-01-02-12,data/raw/Actor_12/03-01-01-01-01-02-12.wav,12,neutral,1,1,1,2,48000,1,169770,3.536875,11566b46a8238221890d90453b146fd59e7f754df9726e5a66919ce23f64bbc9,3,test,results/prepared_audio/03-01-01-01-01-02-12.wav,cad3f32fa99a1fdd337c5ba91fe207605cbd1e575bc8343f4d1798d1369008b4
03-01-01-01-01-02-13,data/raw/Actor_13/03-01-01-01-01-02-13.wav,13,neutral,1,1,1,2,48000,1,153753,3.2031875,a230e375d23fb9feecf226a118aeb13f716a3b06276df813009ccade659ffe41,1,test,results/prepared_audio/03-01-01-01-01-02-13.wav,c7a4415923988016888f5463c576a96e8acf0ff7bce5623685ca5ea140e31f13
03-01-01-01-01-02-14,data/raw/Actor_14/03-01-01-01-01-02-14.wav,14,neutral,1,1,1,2,48000,1,160160,3.33666666666667,a99217dd350cdf9c9dcbce40f9a2825066a0d88754dcb2eff04efe11d6336fe2,4,train,results/prepared_audio/03-01-01-01-01-02-14.wav,c0701656122dbfb7f928d65f9c5f55ed4be1182673f51c57886d71a1b2d762c5
03-01-01-01-01-02-15,data/raw/Actor_15/03-01-01-01-01-02-15.wav,15,neutral,1,1,1,2,48000,1,164965,3.43677083333333,ecce9d7446a9018b99a64806eea839b3dbb0ee210a578c0e293332659ac187a7,5,train,results/prepared_audio/03-01-01-01-01-02-15.wav,ca63f44973a786c47994299e81789d50eabe05075482046c512800509e8419d4
03-01-01-01-01-02-16,data/raw/Actor_16/03-01-01-01-01-02-16.wav,16,neutral,1,1,1,2,48000,1,179380,3.73708333333333,f6acab07c785f6632b9964c2a8d73791098d8289f3e2ce48afd4b0573b61015c,2,train,results/prepared_audio/03-01-01-01-01-02-16.wav,25b16806e16cc45652b1b54ba666dbb64c9c6c2fa23ee8f3e13a130602e4439b
03-01-01-01-01-02-17,data/raw/Actor_17/03-01-01-01-01-02-17.wav,17,neutral,1,1,1,2,48000,1,168168,3.5035,09a3b4c0de42943a3f47256a1c2533ef9c6592f3e63ff775b2aa3d5de5cbf2ea,3,train,results/prepared_audio/03-01-01-01-01-02-17.wav,05c2ef6fa21c57c174ec546b7983204f210a393b1479a836f6ddb6f1a0b60e20
03-01-01-01-01-02-18,data/raw/Actor_18/03-01-01-01-01-02-18.wav,18,neutral,1,1,1,2,48000,1,169770,3.536875,5a540c88be9f9242bb78a625b40c2b1ed030c59c98712d89b91b13a8bf2e9cb5,4,test,results/prepared_audio/03-01-01-01-01-02-18.wav,f619fa80e2947e410e793480da18d1d0754e1d383500ba9bd9eb63f5ec4db866
03-01-01-01-01-02-19,data/raw/Actor_19/03-01-01-01-01-02-19.wav,19,neutral,1,1,1,2,48000,1,155355,3.2365625,31c3f173c3374a9116150e03b3cd0be176fef95e967f4cc1764003c88090e82d,6,train,results/prepared_audio/03-01-01-01-01-02-19.wav,b322b5e8fcf4420b467be6bf697185007f77597cafcb5e66e0c87baa1552e65c
03-01-01-01-01-02-20,data/raw/Actor_20/03-01-01-01-01-02-20.wav,20,neutral,1,1,1,2,48000,1,171371,3.57022916666667,e4bf1bd9ba48a597d8d2d94885ff7220fe293efee8f26f09673730ccf28b8022,6,train,results/prepared_audio/03-01-01-01-01-02-20.wav,76abb71380c86baf8e50b570b13f0ff95e0c68867d1addb84a390e5969adf476
03-01-01-01-01-02-21,data/raw/Actor_21/03-01-01-01-01-02-21.wav,21,neutral,1,1,1,2,48000,1,190590,3.970625,b23484b07af7dde7de4b6ba3460eb0c16f875d2a277c6b3817cb90d2c97d0a37,2,train,results/prepared_audio/03-01-01-01-01-02-21.wav,b5ae166740fe81daa7435e18d70dad1cc0c205a74489128df507045b0fbef1ff
03-01-01-01-01-02-22,data/raw/Actor_22/03-01-01-01-01-02-22.wav,22,neutral,1,1,1,2,48000,1,164965,3.43677083333333,6fa0eaac4d28b53f3b7d94c96f42923cd4d01e2b7c03315451aa73a1648745d2,4,train,results/prepared_audio/03-01-01-01-01-02-22.wav,93832c7f21fd5ebc5208a39b22a48c7b70a3d31da4ef0d1e14e0126af58d869d
03-01-01-01-01-02-23,data/raw/Actor_23/03-01-01-01-01-02-23.wav,23,neutral,1,1,1,2,48000,1,179379,3.7370625,bbcaf1e6a4674019da87f2dd97113d927c2e0b389d0315cc87dfd69b45650caf,1,train,results/prepared_audio/03-01-01-01-01-02-23.wav,65a1810dada43560ae2525eef8cbe07e19f93b0bd778d417a2c0b194d84f3003
03-01-01-01-01-02-24,data/raw/Actor_24/03-01-01-01-01-02-24.wav,24,neutral,1,1,1,2,48000,1,174574,3.63695833333333,69d323510015e86227f6baed29795dca0f1eb21359a2b506b0635ccbb9737ffc,1,train,results/prepared_audio/03-01-01-01-01-02-24.wav,007f7c5084ae51c421a1938ea8b5649631bdaebb8c808a673049fcb045e7d6fb
03-01-01-01-02-01-01,data/raw/Actor_01/03-01-01-01-02-01-01.wav,1,neutral,1,1,2,1,48000,1,156956,3.26991666666667,53970b4b7c4fd2a1efabeb74409dd06914e8c113d0e5cced4d9fceb036318739,1,test,results/prepared_audio/03-01-01-01-02-01-01.wav,45989b370d6c43e5b4a404df729aa026c2662427de3b88b72797ef4cb349a457
03-01-01-01-02-01-02,data/raw/Actor_02/03-01-01-01-02-01-02.wav,2,neutral,1,1,2,1,48000,1,180980,3.77041666666667,bf8422b8ff263607a9264f15f1db6e979aba70c7b0966c283fbf0e9ad92d424e,3,test,results/prepared_audio/03-01-01-01-02-01-02.wav,8551b48d33b6145ecef1b700b22347b51e73b8a0c6a407afe9b48a80f517dc51
03-01-01-01-02-01-03,data/raw/Actor_03/03-01-01-01-02-01-03.wav,3,neutral,1,1,2,1,48000,1,168168,3.5035,d2e500826753fc20c4d095fcd4f470cd3f44d523313cc34fe568d284b2912d62,5,train,results/prepared_audio/03-01-01-01-02-01-03.wav,fe1c180bdc50fc06a96b9518d5c3dedaf452cae8baa928448e4f3547a50fdf95
03-01-01-01-02-01-04,data/raw/Actor_04/03-01-01-01-02-01-04.wav,4,neutral,1,1,2,1,48000,1,156957,3.2699375,7a49df186c48e1bf40bec92085831cb7dc7e3d0edfcf2d08b23a67a15a2d8ccf,3,train,results/prepared_audio/03-01-01-01-02-01-04.wav,b921031ef771977d0d16f4a0be309e4a36cbbbbadaeda48856742d49f5425b15
03-01-01-01-02-01-05,data/raw/Actor_05/03-01-01-01-02-01-05.wav,5,neutral,1,1,2,1,48000,1,148948,3.10308333333333,023c14008c4810c5114b8690c3d0adeb46d97cd1cca88420a56752a5ec28fb99,2,test,results/prepared_audio/03-01-01-01-02-01-05.wav,1d2682ae8019e7f2484a26dc800f823751603866a446a92a9ac6ee110c6608b5
03-01-01-01-02-01-06,data/raw/Actor_06/03-01-01-01-02-01-06.wav,6,neutral,1,1,2,1,48000,1,163363,3.40339583333333,90f9e5d015c898554a488ee2ad6179b43c63645993cde40fa6e468e5254922d3,6,train,results/prepared_audio/03-01-01-01-02-01-06.wav,c1e65024e45b68d5d0a4058dd941c717734d28c889e29263c6ce20ab43c09f81
03-01-01-01-02-01-07,data/raw/Actor_07/03-01-01-01-02-01-07.wav,7,neutral,1,1,2,1,48000,1,198598,4.13745833333333,5ede16e8c944de951af4726a898b38fff8b163d801fc12d3cd5aad479db22b56,2,train,results/prepared_audio/03-01-01-01-02-01-07.wav,11e1d7c3a8243305bbf55e9aded8ef858eaccf2ec824f72409d5116aab693997
03-01-01-01-02-01-08,data/raw/Actor_08/03-01-01-01-02-01-08.wav,8,neutral,1,1,2,1,48000,1,169769,3.53685416666667,c4f009630a8dadfbc0638445ab773804094138083ed4097f2b42db8e6a88eda1,5,train,results/prepared_audio/03-01-01-01-02-01-08.wav,ad5d2973d75503cff77e8cb54d99f10de92609be01645c0f4741ee55dc5a06fb
03-01-01-01-02-01-09,data/raw/Actor_09/03-01-01-01-02-01-09.wav,9,neutral,1,1,2,1,48000,1,160160,3.33666666666667,91e2abf99ccc1cee4a2235622a692fb171a1b67b1a1a1128273685993beb2a52,5,train,results/prepared_audio/03-01-01-01-02-01-09.wav,d004b6f9fd09bfd8402cc16406be68de7d0b238352c87837d193988f6b3f9d36
03-01-01-01-02-01-10,data/raw/Actor_10/03-01-01-01-02-01-10.wav,10,neutral,1,1,2,1,48000,1,179379,3.7370625,d48d37189a24abc2062b444e7e8f89962a44752966a25af18a9da0bf9670c923,6,train,results/prepared_audio/03-01-01-01-02-01-10.wav,ee839e5be8e32e8b114b319a2fe615d2d5aabf29a78a89946dbce02dbd9b18b0
03-01-01-01-02-01-11,data/raw/Actor_11/03-01-01-01-02-01-11.wav,11,neutral,1,1,2,1,48000,1,153754,3.20320833333333,caea9d8d0dc8bdd2133bacce8d4ab95c98ba1a6625cd2294c8be6d18e76d79d2,4,train,results/prepared_audio/03-01-01-01-02-01-11.wav,0dac5467d9ddd468c92d80fe4ea760de90fe09db0d74d83efa14ff2b5ec63952
03-01-01-01-02-01-12,data/raw/Actor_12/03-01-01-01-02-01-12.wav,12,neutral,1,1,2,1,48000,1,172973,3.60360416666667,63b7e527715727c2355bc8465c5723e37c3da6b347f428e610d80c810685ad1d,3,train,results/prepared_audio/03-01-01-01-02-01-12.wav,3cd09e3730bf17b1cbbf0c2b6544c2686c94079a5c9c35db6528a00dc3a3da87
03-01-01-01-02-01-13,data/raw/Actor_13/03-01-01-01-02-01-13.wav,13,neutral,1,1,2,1,48000,1,147347,3.06972916666667,06726406fc403ba878c5825af8e83ed5a6cda3be8a3037f5c4441e55d9bd5606,1,train,results/prepared_audio/03-01-01-01-02-01-13.wav,d8f5c2a680c09fc46ed5cb605fda8c91333f26ea8f1bcdac5bc898d0e094f0d5
03-01-01-01-02-01-14,data/raw/Actor_14/03-01-01-01-02-01-14.wav,14,neutral,1,1,2,1,48000,1,166567,3.47014583333333,704ce80e043732dc899d94edbdc14acca8c3ad20eac877bb65e636959c09bcd5,4,train,results/prepared_audio/03-01-01-01-02-01-14.wav,4cf9dde83827905dfa558578c8cb9bad3e3ce530302ad8873ebd6cafc360e1d2
03-01-01-01-02-01-15,data/raw/Actor_15/03-01-01-01-02-01-15.wav,15,neutral,1,1,2,1,48000,1,164964,3.43675,c47a61461ec118cb1eabc6aa268207fd46658131a71dd4eb4022af37c14a8a08,5,train,results/prepared_audio/03-01-01-01-02-01-15.wav,eeb860025fbf19e1c284258c542d97f4bfba01aee74ca7b0f681102aca6d20c5
03-01-01-01-02-01-16,data/raw/Actor_16/03-01-01-01-02-01-16.wav,16,neutral,1,1,2,1,48000,1,172973,3.60360416666667,275a23e814ed40030eff4c97ddc8e0cb860974bd2d492e3981f67d80d03fb5a0,2,train,results/prepared_audio/03-01-01-01-02-01-16.wav,9fa8b6940480233e4de9b20db16af1874e4ab7f997b67faa3b4b0c1f1421a489
03-01-01-01-02-01-17,data/raw/Actor_17/03-01-01-01-02-01-17.wav,17,neutral,1,1,2,1,48000,1,168168,3.5035,c64c8cedb04578180c996e3d8ccf82e3054f9583dff5b4aa1dec4fcc80b4a2ca,3,test,results/prepared_audio/03-01-01-01-02-01-17.wav,8b12094114adea9a3a902c9938c8459f44996e6a676817cb57984cb62d6426fb
03-01-01-01-02-01-18,data/raw/Actor_18/03-01-01-01-02-01-18.wav,18,neutral,1,1,2,1,48000,1,166566,3.470125,073603cb2d2274ae1c3fd5eb8cf0e1193799e9a577ba53c67852f2aa6328ea79,4,train,results/prepared_audio/03-01-01-01-02-01-18.wav,125596ed388e0b4c2678a8cc811e93c02704d29f8aa309640355e1be09fb3620
03-01-01-01-02-01-19,data/raw/Actor_19/03-01-01-01-02-01-19.wav,19,neutral,1,1,2,1,48000,1,160160,3.33666666666667,b743ac29ad4f8f10ec7089f6be91bc002a6835529469520daba877dc8202eae7,6,test,results/prepared_audio/03-01-01-01-02-01-19.wav,339c0f74614bc2b278a084c3a1db8db0aca582ab5fd615348d51a01edfe3409b
03-01-01-01-02-01-20,data/raw/Actor_20/03-01-01-01-02-01-20.wav,20,neutral,1,1,2,1,48000,1,164965,3.43677083333333,efce2e813ef8b0d481c8de7133eeb6ac9ae64faa656dff729837d9e2186ecc08,6,train,results/prepared_audio/03-01-01-01-02-01-20.wav,bb40b3e32ca8a13fb7b930759a1bd06e35a0a54af9089f71db094e10d06f5ebe
03-01-01-01-02-01-21,data/raw/Actor_21/03-01-01-01-02-01-21.wav,21,neutral,1,1,2,1,48000,1,172973,3.60360416666667,693fa91f61ed0e886daf77d74727abfc95d13b908bafbc60b77510a075cb2f6c,2,test,results/prepared_audio/03-01-01-01-02-01-21.wav,0563a1bfd83dd39b7b5e04d4caaeca85bff1fa7232097df5c3c06731d003ca29
03-01-01-01-02-01-22,data/raw/Actor_22/03-01-01-01-02-01-22.wav,22,neutral,1,1,2,1,48000,1,172972,3.60358333333333,e9b74734112cd7a33e7c76744ec640a69e1e6724edcf76267113a98ca93b209b,4,train,results/prepared_audio/03-01-01-01-02-01-22.wav,cee2404d437ca5d74158315c4fb52af063043989f03ab33675d4c64986d56d3b
03-01-01-01-02-01-23,data/raw/Actor_23/03-01-01-01-02-01-23.wav,23,neutral,1,1,2,1,48000,1,176176,3.67033333333333,177480e61fffd70ec9adcc413cc0622bbe388b626c2104fa24c81b4b05e7c251,1,train,results/prepared_audio/03-01-01-01-02-01-23.wav,11da3cdca9ff0d0f41960a5f172117e1c4e360a7ea492d2e5d2704393e8eb835
03-01-01-01-02-01-24,data/raw/Actor_24/03-01-01-01-02-01-24.wav,24,neutral,1,1,2,1,48000,1,174575,3.63697916666667,977a5637b83f28002853d5a16ac089dc8791fc1776aab70936494f72dfbea80e,1,test,results/prepared_audio/03-01-01-01-02-01-24.wav,cdcbd75b5ce2e5a2faae08ba5f676e698c4f9604d55735deb5a5c34e04b02a0e
03-01-01-01-02-02-01,data/raw/Actor_01/03-01-01-01-02-02-01.wav,1,neutral,1,1,2,2,48000,1,152152,3.16983333333333,478cc0be62382c4c4615eded2d20482570f15eb6ee34606d0e0f13a568d2131f,1,train,results/prepared_audio/03-01-01-01-02-02-01.wav,c564436e4eb2027f2dc0fcfd937579e4c7a44520c61baea2d06eff4ed1e85e5d
03-01-01-01-02-02-02,data/raw/Actor_02/03-01-01-01-02-02-02.wav,2,neutral,1,1,2,2,48000,1,172972,3.60358333333333,e093a927ecabc6618a13db9a7b23bb742ffb85ae1405ef636f34fe18b5ac0b38,3,train,results/prepared_audio/03-01-01-01-02-02-02.wav,d87cef7ab3d01caa0c796d3b04f0927df101f947a36b57d35a816deb2869c388
03-01-01-01-02-02-03,data/raw/Actor_03/03-01-01-01-02-02-03.wav,3,neutral,1,1,2,2,48000,1,166567,3.47014583333333,8aa88064ce24604e9639b7c4948f7d0ea682aefe2eccc852abf69a953e937d2f,5,train,results/prepared_audio/03-01-01-01-02-02-03.wav,6f6df62ae5095f6e931429caf1c022936dd5b4250ae96a0b574d5a8a32ce74ac
03-01-01-01-02-02-04,data/raw/Actor_04/03-01-01-01-02-02-04.wav,4,neutral,1,1,2,2,48000,1,155355,3.2365625,e38e3a3f25a13fd6d0f59ac7427d8ba03cdecb7c5009e059d308a57935c27daf,3,train,results/prepared_audio/03-01-01-01-02-02-04.wav,f768efbc2a2208649a51fe28f5125ba9b2d8d3c960dd514cdde5f83486cd3409
03-01-01-01-02-02-05,data/raw/Actor_05/03-01-01-01-02-02-05.wav,5,neutral,1,1,2,2,48000,1,172973,3.60360416666667,36dc86e0d95fd0fe1b9655b62ad793ef4e7b1a6b97bde8512db8f0e03b5ce5dd,2,train,results/prepared_audio/03-01-01-01-02-02-05.wav,4b048c2aa6b38fa4249a7be3317c621a984b25d29bd970c5c654b372a925e295
03-01-01-01-02-02-06,data/raw/Actor_06/03-01-01-01-02-02-06.wav,6,neutral,1,1,2,2,48000,1,164965,3.43677083333333,9a98fd660f36e5e09bb8491d2072f986d9c1283696a6b9fd2b5cdc76501df918,6,train,results/prepared_audio/03-01-01-01-02-02-06.wav,7521c540745ed20e0ad5f6776c6d29fddddab42e52a3b2da8de28b0c3532e25e
03-01-01-01-02-02-07,data/raw/Actor_07/03-01-01-01-02-02-07.wav,7,neutral,1,1,2,2,48000,1,179379,3.7370625,956c3bc851d17b4c2ee63928d30449295dc493f8454c155bba4713cf1ff080d1,2,test,results/prepared_audio/03-01-01-01-02-02-07.wav,5175380ea34c926d347dd7ad6213a7ee2e332a0293449d1fd50beae9e36a1687
03-01-01-01-02-02-08,data/raw/Actor_08/03-01-01-01-02-02-08.wav,8,neutral,1,1,2,2,48000,1,168168,3.5035,fe68413b9e38da062284e05fbdd3ac9125e2fa60ad53567a3880c2e39d03fda9,5,train,results/prepared_audio/03-01-01-01-02-02-08.wav,adc55c0e8d32ac8feab1a3c1bdd1c952e4f530b87f9b22823f67a9295fac7510
03-01-01-01-02-02-09,data/raw/Actor_09/03-01-01-01-02-02-09.wav,9,neutral,1,1,2,2,48000,1,155356,3.23658333333333,c874f0c77032f4f41f822938dc541cc4b808961a8819b54344656325d5632561,5,train,results/prepared_audio/03-01-01-01-02-02-09.wav,e6d4829091e007c3c31c69f225a3d30165f4c9bf927d9cb282d08cb32f956d8a
03-01-01-01-02-02-10,data/raw/Actor_10/03-01-01-01-02-02-10.wav,10,neutral,1,1,2,2,48000,1,176176,3.67033333333333,381acdfab6e722c24c7cfb74142a90ad5eaf0ac66a3b80bc79221256426acea9,6,test,results/prepared_audio/03-01-01-01-02-02-10.wav,8fce33f6213062502649335913647c72bdcfa9ed2f0c688efb59b89b42ab1c33
03-01-01-01-02-02-11,data/raw/Actor_11/03-01-01-01-02-02-11.wav,11,neutral,1,1,2,2,48000,1,152152,3.16983333333333,dc6380ff751d3f026061fa121e805a318d25738823da586ec4e106168c324379,4,train,results/prepared_audio/03-01-01-01-02-02-11.wav,aee95bab1e5b068d5ba6ce0c0e1a4edc60a1b5dce1ae40f7b3eb11c8ce18e2d7
03-01-01-01-02-02-12,data/raw/Actor_12/03-01-01-01-02-02-12.wav,12,neutral,1,1,2,2,48000,1,174575,3.63697916666667,6f874ef5130ac6b42b33c78725fb562f3e55076ed93459913ca0f9d0a08f4712,3,train,results/prepared_audio/03-01-01-01-02-02-12.wav,81c7eb3b5424f15706bde890981b3350826b39ed1bc11e9a5ed23f1ddb93a2ea
03-01-01-01-02-02-13,data/raw/Actor_13/03-01-01-01-02-02-13.wav,13,neutral,1,1,2,2,48000,1,150550,3.13645833333333,1c7f9e7a923e914ccf316a065a85dfa1dbe08a8ecbd0e32c64d7b87dc2923412,1,train,results/prepared_audio/03-01-01-01-02-02-13.wav,96222d0e8b762a7ea1aa0440ab862d6f6aea1056a63204bc69aa72f1d50c8a6e
03-01-01-01-02-02-14,data/raw/Actor_14/03-01-01-01-02-02-14.wav,14,neutral,1,1,2,2,48000,1,171371,3.57022916666667,30716edc46475f2f427c595fbeaf2173cfba83fecd9a0f3d82cfaefacf43a095,4,test,results/prepared_audio/03-01-01-01-02-02-14.wav,03bfdef632ee6d2c6e0f3e4e41c9903977b35de35d1b7ff5fee4a8c10b0f0d00
03-01-01-01-02-02-15,data/raw/Actor_15/03-01-01-01-02-02-15.wav,15,neutral,1,1,2,2,48000,1,163363,3.40339583333333,4bd3b8b27967ce7fa42e6f65e5aa00f5e5f37b00b118726797a62410f5e3d3cc,5,test,results/prepared_audio/03-01-01-01-02-02-15.wav,890627aa07fbdca94517b0fcc94b7c704c13e11697ecb7f692a1b01950a8dec6
03-01-01-01-02-02-16,data/raw/Actor_16/03-01-01-01-02-02-16.wav,16,neutral,1,1,2,2,48000,1,171371,3.57022916666667,a2db8b6c42c1f379b3a94459d983539099ccbfb87395daa695607d6d73946ba5,2,test,results/prepared_audio/03-01-01-01-02-02-16.wav,3ca8e650b7bb25fc40b05ab21bb5dcc814c516bb64c5fcc0c3b16eec0fa7fa22
03-01-01-01-02-02-17,data/raw/Actor_17/03-01-01-01-02-02-17.wav,17,neutral,1,1,2,2,48000,1,166566,3.470125,c2b2c3387df6521202e0b66966f5fa145acb9c6054dff3a986a573cbdc56b7ad,3,train,results/prepared_audio/03-01-01-01-02-02-17.wav,c90538b5bb45168f4509832fbb205f0f9fe48180ff95bd3e4c06855406841e5e
03-01-01-01-02-02-18,data/raw/Actor_18/03-01-01-01-02-02-18.wav,18,neutral,1,1,2,2,48000,1,166567,3.47014583333333,f9b446a5b70d0e2f422c6fab9f636d9d32d6808e11347eddccb488e9f8bae79c,4,train,results/prepared_audio/03-01-01-01-02-02-18.wav,38733cfc7c9d26c0c6f67f6082e6351483c5f1ab79eb293504694efa1a7d1f66
03-01-01-01-02-02-19,data/raw/Actor_19/03-01-01-01-02-02-19.wav,19,neutral,1,1,2,2,48000,1,158558,3.30329166666667,64b0636f83bb766877d11345851b1eec6194dd28319c674d78413b8fb1e5543e,6,train,results/prepared_audio/03-01-01-01-02-02-19.wav,778b5f8f86c7ee3f092a7babac27feb16b7e60c34141de1fdcb33bd2402f3c30
03-01-01-01-02-02-20,data/raw/Actor_20/03-01-01-01-02-02-20.wav,20,neutral,1,1,2,2,48000,1,169770,3.536875,49f64400cb1b296b7e083d062536029beaec79f57eabf9bae8a3a4f49a2aa585,6,test,results/prepared_audio/03-01-01-01-02-02-20.wav,6858237ea2e96f0f0450bcec7bfdd0be1262e0e0ec8884c3e0cf2f6b736d880d
03-01-01-01-02-02-21,data/raw/Actor_21/03-01-01-01-02-02-21.wav,21,neutral,1,1,2,2,48000,1,176176,3.67033333333333,14fc1e4cef25e534f947829251b932e21eaf800c44a1a400a14d16dc5b1b8c44,2,train,results/prepared_audio/03-01-01-01-02-02-21.wav,5f267578a1262ec55cd1fe89b552ec5fe53a560e66a2afcbc5f224b8eb95bd72
03-01-01-01-02-02-22,data/raw/Actor_22/03-01-01-01-02-02-22.wav,22,neutral,1,1,2,2,48000,1,169769,3.53685416666667,aec5d2addc05f0e0fa162a047d262194cad13658d42d8016bc54a0f5c295a4f0,4,train,results/prepared_audio/03-01-01-01-02-02-22.wav,be90cf5c4a07d7528ba1fa203a487630bae8603fb162643bcedcd110ae0a00ee
03-01-01-01-02-02-23,data/raw/Actor_23/03-01-01-01-02-02-23.wav,23,neutral,1,1,2,2,48000,1,184184,3.83716666666667,e6262540b12012fd927e751d1d4b975b225f3ed196604b6bac7f2a63eec4d122,1,test,results/prepared_audio/03-01-01-01-02-02-23.wav,1791db4c5a09fee540fcd71556cbdca2374416792590921209074ee96a35173a
03-01-01-01-02-02-24,data/raw/Actor_24/03-01-01-01-02-02-24.wav,24,neutral,1,1,2,2,48000,1,172973,3.60360416666667,82c8516f8cf928012cae9b42cba67c59cf7689f35b8686587364bbf45fc3eac5,1,train,results/prepared_audio/03-01-01-01-02-02-24.wav,d18915551c624fd04bd0a2e6f0c0e6702b4071c2e084467b45a781278489c214
03-01-03-01-01-01-01,data/raw/Actor_01/03-01-03-01-01-01-01.wav,1,happy,3,1,1,1,48000,1,166567,3.47014583333333,db3035ff3b1dd243f0c63be0791514fae2762c941093dcef6ffdcb02cc013d14,1,test,results/prepared_audio/03-01-03-01-01-01-01.wav,235c7f270ebbfd4904a970af66654d612dc35862d72a1eb863e24a89a263b460
03-01-03-01-01-01-02,data/raw/Actor_02/03-01-03-01-01-01-02.wav,2,happy,3,1,1,1,48000,1,172973,3.60360416666667,4654ca86da9f02b60a5ab11b69f1ed0dbc9cd1caae1a02455f8918c46bb7fd2e,3,train,results/prepared_audio/03-01-03-01-01-01-02.wav,45ae361748b01e504180c33c1b11f188f6158880d8ba2e91e4c3e428f13b10b7
03-01-03-01-01-01-03,data/raw/Actor_03/03-01-03-01-01-01-03.wav,3,happy,3,1,1,1,48000,1,180980,3.77041666666667,bf7281f0cfb95f98be2ce95a9c7ab6e66997965b9084f41e839776b1c401d12a,5,train,results/prepared_audio/03-01-03-01-01-01-03.wav,3510467160da771d96356efde6d8ba58754b8384f45614321ef03d234f99eb2b
03-01-03-01-01-01-04,data/raw/Actor_04/03-01-03-01-01-01-04.wav,4,happy,3,1,1,1,48000,1,168168,3.5035,3080245221302d843d80576ba27b63117aacb78569eef6151dee485293ce75c5,3,test,results/prepared_audio/03-01-03-01-01-01-04.wav,e10e07cc8757b9c73fef5ede07c9bb1a9cae86e3f7da09505a4039b08c755c6b
03-01-03-01-01-01-05,data/raw/Actor_05/03-01-03-01-01-01-05.wav,5,happy,3,1,1,1,48000,1,192192,4.004,c5c44870e45fcbc64656786d57c924477042883e2a92791322ae2f80918a41d3,2,train,results/prepared_audio/03-01-03-01-01-01-05.wav,0692c456c134057b03eabce1539cf64113b2b9886a8202bbde3e8273414fc0b1
03-01-03-01-01-01-06,data/raw/Actor_06/03-01-03-01-01-01-06.wav,6,happy,3,1,1,1,48000,1,169769,3.53685416666667,48a8e08541749be64f1b19737fbdbba6a9271886962cfd7bf1e9b94a6e7890a5,6,train,results/prepared_audio/03-01-03-01-01-01-06.wav,6b130eae4f33b04ee0397823c81c849aa56ca8b1f002999470511122628936f8
03-01-03-01-01-01-07,data/raw/Actor_07/03-01-03-01-01-01-07.wav,7,happy,3,1,1,1,48000,1,168168,3.5035,e0c967a7ea69dfd999af0fa1629e646196e567f1200c171a5e536752f863a687,2,train,results/prepared_audio/03-01-03-01-01-01-07.wav,babab5ec98e27fd3d055abfc5f096ff7ced6a47e7649cfd2a236e509a57b401e
03-01-03-01-01-01-08,data/raw/Actor_08/03-01-03-01-01-01-08.wav,8,happy,3,1,1,1,48000,1,168168,3.5035,05e03d90d279c552d090b3db74734fa5263123a860ee4707ac594991ca5db5f4,5,train,results/prepared_audio/03-01-03-01-01-01-08.wav,6f604ff11cbad417f10ac82cdec15cefa865e4abc5f191496873f24413bae6c3
03-01-03-01-01-01-09,data/raw/Actor_09/03-01-03-01-01-01-09.wav,9,happy,3,1,1,1,48000,1,160160,3.33666666666667,00834f5d487c5b2f0756fedde0191b6d8733bf3068f5b6d636ae0ba035ca04a4,5,test,results/prepared_audio/03-01-03-01-01-01-09.wav,e60edf90970a0ef33b3ef4ab67f73039664b7cef6c5f8f972afc134b2ab4ae31
03-01-03-01-01-01-10,data/raw/Actor_10/03-01-03-01-01-01-10.wav,10,happy,3,1,1,1,48000,1,168168,3.5035,f1e62e5a1981022f6183596d96645880de1fdf7af38651ac1ff51a1478a5fd0e,6,test,results/prepared_audio/03-01-03-01-01-01-10.wav,7390be328df90e5e6d3446a9f6b90596dff6f92cd01a622ff8344475bbbbb5bf
03-01-03-01-01-01-11,data/raw/Actor_11/03-01-03-01-01-01-11.wav,11,happy,3,1,1,1,48000,1,148949,3.10310416666667,4ca32e3e1191a44c925b2cf35b282d1a08060abf5a1fde0a71fd95c125273a3d,4,train,results/prepared_audio/03-01-03-01-01-01-11.wav,546067e01ce1b913a6bab9aa0afa56eed829d557d721c90c8e03cae5bb581eac
03-01-03-01-01-01-12,data/raw/Actor_12/03-01-03-01-01-01-12.wav,12,happy,3,1,1,1,48000,1,177778,3.70370833333333,a0817aa8196eaf45573dbdaa1cbcbf8ab0fe67464246756d39017c18bfc822dd,3,test,results/prepared_audio/03-01-03-01-01-01-12.wav,28a3ddfce2f24ced43486ceed6e8965470fda55c9875f4f314650c8d2f720777
03-01-03-01-01-01-13,data/raw/Actor_13/03-01-03-01-01-01-13.wav,13,happy,3,1,1,1,48000,1,155355,3.2365625,35a47e559a1c647268c87a23d748fd6cd7ea82dde5201444a1f962ba376a2358,1,test,results/prepared_audio/03-01-03-01-01-01-13.wav,8490f1b14ed3b712752f33359e13cd5dd01ec08a1609cfbaf1a77f0cd1a3fed8
03-01-03-01-01-01-14,data/raw/Actor_14/03-01-03-01-01-01-14.wav,14,happy,3,1,1,1,48000,1,177778,3.70370833333333,8e7dbbfa3bb002d8dd8a335cee66447f3bb9526b97c0f3f29c44f8072d02b182,4,train,results/prepared_audio/03-01-03-01-01-01-14.wav,f0a02f27fa546207ab1bf774860809e9b80cb11f687468014f08580f7e44a04e
03-01-03-01-01-01-15,data/raw/Actor_15/03-01-03-01-01-01-15.wav,15,happy,3,1,1,1,48000,1,163363,3.40339583333333,8fcf6fa0e5e6b474b7178e6f42f265a333902d7d1fc0c18c0481f3a0fae11c10,5,train,results/prepared_audio/03-01-03-01-01-01-15.wav,edf5395be66557daa29c90b5a3860919e53a1ab6b47a3eda5ede2b72b47d3ab5
03-01-03-01-01-01-16,data/raw/Actor_16/03-01-03-01-01-01-16.wav,16,happy,3,1,1,1,48000,1,177778,3.70370833333333,83bd9769403184f883195463b48a653a1680b43693539ef000081cf459b0f741,2,train,results/prepared_audio/03-01-03-01-01-01-16.wav,b9951a9fc908c57f095390f702bbb40c71516b17fdb10fc75cedfbe52bb76b14
03-01-03-01-01-01-17,data/raw/Actor_17/03-01-03-01-01-01-17.wav,17,happy,3,1,1,1,48000,1,166566,3.470125,a8ba4d925dabaa286577ad8cada0452c9d6d964a29a38ed8dec35d21f5b1fc21,3,train,results/prepared_audio/03-01-03-01-01-01-17.wav,b7f977e145c8766a9cdfa254b7f73fcfc8443926b0a06bd85c5ff12c67a1defc
03-01-03-01-01-01-18,data/raw/Actor_18/03-01-03-01-01-01-18.wav,18,happy,3,1,1,1,48000,1,163363,3.40339583333333,b2cf2591512dd911b1ea6e03e5c76ab3677362753c321b7fb0df23ece5ddc35d,4,train,results/prepared_audio/03-01-03-01-01-01-18.wav,efe03e8ff061cbd98fa6b6a1ca25def38fd9757edafcb7c797d89f19d8435982
03-01-03-01-01-01-19,data/raw/Actor_19/03-01-03-01-01-01-19.wav,19,happy,3,1,1,1,48000,1,174574,3.63695833333333,490ebea9bfcbf193abf2d0efea014f0a63f0bc35c15fa0f71a09c7d5d04a2576,6,train,results/prepared_audio/03-01-03-01-01-01-19.wav,9aed31dc540292b8fa93296cac0f33dbbb3d05ccc4e5a004d798b515528ab388
03-01-03-01-01-01-20,data/raw/Actor_20/03-01-03-01-01-01-20.wav,20,happy,3,1,1,1,48000,1,169770,3.536875,30abc5a2592cf15e0181a2b8bcc04f154cd83159c10e2da22bdf6782428bd8b3,6,train,results/prepared_audio/03-01-03-01-01-01-20.wav,b15ad628efa266365778d3b70afd5d7ee33659581659dde138f68a5770219df5
03-01-03-01-01-01-21,data/raw/Actor_21/03-01-03-01-01-01-21.wav,21,happy,3,1,1,1,48000,1,184184,3.83716666666667,f19f8fcbb04f1b3d7141c85dde2079e814894947e9fea43ffa981f7730da0e81,2,test,results/prepared_audio/03-01-03-01-01-01-21.wav,1ded1e18afafece09796b0a9212e08512956afbf426b92443c9bf1f562455459
03-01-03-01-01-01-22,data/raw/Actor_22/03-01-03-01-01-01-22.wav,22,happy,3,1,1,1,48000,1,169770,3.536875,d557815859b55e0d581e1fdac7c822eed297f69719dbc1a12a4935e9a7dfa0ac,4,test,results/prepared_audio/03-01-03-01-01-01-22.wav,8bd90027ca465388aaadd69215cd41fe555ea3e3cc215c2bf9384f6f721d8f4f
03-01-03-01-01-01-23,data/raw/Actor_23/03-01-03-01-01-01-23.wav,23,happy,3,1,1,1,48000,1,160160,3.33666666666667,31d210c6afd9e2c2eaf0b6aa9b6957c728292d623aad204b976d6adcd6e2b028,1,train,results/prepared_audio/03-01-03-01-01-01-23.wav,543ba7b13207c4b4640a589490cc9b5eb4c3f7c8e0b65291d8ad81eb5fe23886
03-01-03-01-01-01-24,data/raw/Actor_24/03-01-03-01-01-01-24.wav,24,happy,3,1,1,1,48000,1,172973,3.60360416666667,46aaa34f387ef45dfff9958d425e08fd29b0c2f83e59eb8959c35a5c13418968,1,test,results/prepared_audio/03-01-03-01-01-01-24.wav,4f79404429125b71a37e468daba92d0bc1f14824674fb060529f4dec70c1fd7f
03-01-03-01-01-02-01,data/raw/Actor_01/03-01-03-01-01-02-01.wav,1,happy,3,1,1,2,48000,1,166566,3.470125,074747121ec0b45290ee9c0f28350324e40af442afead70e641db4f7d1e1afa6,1,train,results/prepared_audio/03-01-03-01-01-02-01.wav,73c6477198eeff0f11e8e0e6477060a292cad4a5ca85028189af954eb7ab160c
03-01-03-01-01-02-02,data/raw/Actor_02/03-01-03-01-01-02-02.wav,2,happy,3,1,1,2,48000,1,177777,3.7036875,9a3c41ce92315e8727bee09cd7c4775d12b6d86fea5f7c20f5d90eb076a248d7,3,test,results/prepared_audio/03-01-03-01-01-02-02.wav,a2265b8771ff931a4f23c9660293335af508c5cdfa1b2cea212dcf89873273a8
03-01-03-01-01-02-03,data/raw/Actor_03/03-01-03-01-01-02-03.wav,3,happy,3,1,1,2,48000,1,172972,3.60358333333333,3673c73ead5925f0b41b77f76118402be8e8d4988879f6ecd18abc44cc19fa54,5,test,results/prepared_audio/03-01-03-01-01-02-03.wav,23444a9a95106da16912cf3c077f41e06d2f370103408ab8cddf6bf84b26b9ab
03-01-03-01-01-02-04,data/raw/Actor_04/03-01-03-01-01-02-04.wav,4,happy,3,1,1,2,48000,1,169769,3.53685416666667,1ee011f02e8b7adf153c79e24e2b7b729ae4f85c6cf34f4fc502800b8083e5fe,3,train,results/prepared_audio/03-01-03-01-01-02-04.wav,6d87722efcb9fa5df946dac1c2ce8cadca8def9468cf7aa698a0f6b37725d00c
03-01-03-01-01-02-05,data/raw/Actor_05/03-01-03-01-01-02-05.wav,5,happy,3,1,1,2,48000,1,155355,3.2365625,13ec2eb6bd5a5f79dcca4f43d5354badc161ac5bb967abfee32901e902b4f5f4,2,test,results/prepared_audio/03-01-03-01-01-02-05.wav,c8f07aed174bd4a2a05da517aa9026308491fe6c79ca1d1d4b51aecfaaca2dc9
03-01-03-01-01-02-06,data/raw/Actor_06/03-01-03-01-01-02-06.wav,6,happy,3,1,1,2,48000,1,172973,3.60360416666667,78e189b1feeb289de62b40b49461850651396823893f6dacddc57ce3b1f37e58,6,test,results/prepared_audio/03-01-03-01-01-02-06.wav,79bb962ed4ee3b0b68364fd0898e648cf4d19e93651b9652751fa63498ce9903
03-01-03-01-01-02-07,data/raw/Actor_07/03-01-03-01-01-02-07.wav,7,happy,3,1,1,2,48000,1,166566,3.470125,a6dd4e362a29190c058570766c66862a479000359c77d064929908440469bf3c,2,test,results/prepared_audio/03-01-03-01-01-02-07.wav,a948225f389b1cf5f5bd227969232cad9aa44b58599da725c7706cd8cdbbf638
03-01-03-01-01-02-08,data/raw/Actor_08/03-01-03-01-01-02-08.wav,8,happy,3,1,1,2,48000,1,164964,3.43675,22ac07f8998e6fbe3da6669500f18bcb24d9bf0fa7fdce2f9a89c9b83e16a367,5,train,results/prepared_audio/03-01-03-01-01-02-08.wav,ca4bd533d6d2cdda56c886f992e78af832d50434010a095f9b40cfa3fa44e21b
03-01-03-01-01-02-09,data/raw/Actor_09/03-01-03-01-01-02-09.wav,9,happy,3,1,1,2,48000,1,169769,3.53685416666667,edbd76e8bb00c5ef7dbb58ea01d078c982e22d3d5cc338570e82a64f2c87956a,5,train,results/prepared_audio/03-01-03-01-01-02-09.wav,9407fed32f2ed91fbc6f8c8345e4a93f480569f9664041664b530f9755c45ad0
03-01-03-01-01-02-10,data/raw/Actor_10/03-01-03-01-01-02-10.wav,10,happy,3,1,1,2,48000,1,166566,3.470125,528f7c4a03e02c35842d229589c500cc9a799451221bd317732357d45ec5bbc7,6,train,results/prepared_audio/03-01-03-01-01-02-10.wav,988ee1ffff85be773a5efccc0677e54cb2ef2f46baa1d3b674431a99e2060c8e
03-01-03-01-01-02-11,data/raw/Actor_11/03-01-03-01-01-02-11.wav,11,happy,3,1,1,2,48000,1,153754,3.20320833333333,f04b734f140249d0a2a247f8e49feca37a74403eebd26e5202bd1c86bcda13e9,4,train,results/prepared_audio/03-01-03-01-01-02-11.wav,7781083a6d4e15d45d9a7b8374b1031ea7a6a5e596a1bf1c9d03c5671c616114
03-01-03-01-01-02-12,data/raw/Actor_12/03-01-03-01-01-02-12.wav,12,happy,3,1,1,2,48000,1,179379,3.7370625,b8d70e909464c086b100f0a7e363943e54b6db4ba4853f5827483660e96f95f6,3,train,results/prepared_audio/03-01-03-01-01-02-12.wav,4ea0db7240245a997229c762d973749ba6478276961839aa0270cdfd55be8e08
03-01-03-01-01-02-13,data/raw/Actor_13/03-01-03-01-01-02-13.wav,13,happy,3,1,1,2,48000,1,153754,3.20320833333333,6e436824becedab50be9a905928187d059ccc0f7a197ba8ca41f21f3d61766f3,1,test,results/prepared_audio/03-01-03-01-01-02-13.wav,60e2086ad13f76d83b9f752058070d774b7bf4032d5539a556bc83ab9b281fb9
03-01-03-01-01-02-14,data/raw/Actor_14/03-01-03-01-01-02-14.wav,14,happy,3,1,1,2,48000,1,176176,3.67033333333333,2e8d14cc171dc7549dc48f24bde34c996a424a4ff13e0416212b046abfaa034d,4,train,results/prepared_audio/03-01-03-01-01-02-14.wav,a6536ac527450b3cf683ba9f38e25fff800e3e892619dabbe7cad73934dfad96
03-01-03-01-01-02-15,data/raw/Actor_15/03-01-03-01-01-02-15.wav,15,happy,3,1,1,2,48000,1,160160,3.33666666666667,c4fe94047a45bdf1a8189c8f0122771439d1e0e75c635a36946fa645a3504cbd,5,train,results/prepared_audio/03-01-03-01-01-02-15.wav,99c8c4b198d1f5569e2659c05cb56eede2138703d1384310cc44a60976d775a6
03-01-03-01-01-02-16,data/raw/Actor_16/03-01-03-01-01-02-16.wav,16,happy,3,1,1,2,48000,1,176176,3.67033333333333,986f21a4c4a95a177e29e05e43dfd44d1d12eb61263b027a3de3ff3207ce24ee,2,train,results/prepared_audio/03-01-03-01-01-02-16.wav,ab5d489b53526831d0095268f7b01d6d75a42879e02547578a10d1f9250ca8dc
03-01-03-01-01-02-17,data/raw/Actor_17/03-01-03-01-01-02-17.wav,17,happy,3,1,1,2,48000,1,169770,3.536875,3ce520d0766b853826b0b368c95beeb86950e5b200dba717441f89ab0a5f66d7,3,train,results/prepared_audio/03-01-03-01-01-02-17.wav,999767f9d9351771d38e8449a234fadd15f215403b324154d5e5168dd0da5738
03-01-03-01-01-02-18,data/raw/Actor_18/03-01-03-01-01-02-18.wav,18,happy,3,1,1,2,48000,1,161761,3.37002083333333,c3c6a903a5dc340b1b859acba8266db5dc0d6ced97ccc323924630adf792778f,4,test,results/prepared_audio/03-01-03-01-01-02-18.wav,1dace6c44f729f5f6ea308494958910fc964426c1ae3df4c9abfeb730d591661
03-01-03-01-01-02-19,data/raw/Actor_19/03-01-03-01-01-02-19.wav,19,happy,3,1,1,2,48000,1,177778,3.70370833333333,72eab0ca91e2f034541dcb2cb8d185484e667dbf47337ebf8503c6a2fa01b9e8,6,train,results/prepared_audio/03-01-03-01-01-02-19.wav,154ef752f70beaefd0941ed7c16f95f0f3aedd5eb19dd4d80b454b229c8e0306
03-01-03-01-01-02-20,data/raw/Actor_20/03-01-03-01-01-02-20.wav,20,happy,3,1,1,2,48000,1,177777,3.7036875,8a550dfb8e447be4b988bc241f00c127c1c84a14ad5a4734ecbd939545f44090,6,train,results/prepared_audio/03-01-03-01-01-02-20.wav,a02891bfe3ba6f690592df4da3ba39acb57ccfb143e3cd30bb6e4edb2f8e67bf
03-01-03-01-01-02-21,data/raw/Actor_21/03-01-03-01-01-02-21.wav,21,happy,3,1,1,2,48000,1,182582,3.80379166666667,324904ac04c624603040e39a9490bb1c55c51a7e5bbe72b7890710800f0c3db8,2,train,results/prepared_audio/03-01-03-01-01-02-21.wav,bc7c0719ac47a988cff46ecaf9410640f608ffcd2e6872fff933c9c86ad88ef4
03-01-03-01-01-02-22,data/raw/Actor_22/03-01-03-01-01-02-22.wav,22,happy,3,1,1,2,48000,1,164965,3.43677083333333,dbbd6ca68f107eeefb8fedaea6545e9396eee7082fb793f164c143393fb86189,4,test,results/prepared_audio/03-01-03-01-01-02-22.wav,187cc8d688dea3b3e08d5c6bbfc406516cb53a7da2e8d2c27f2756c78d161bf6
03-01-03-01-01-02-23,data/raw/Actor_23/03-01-03-01-01-02-23.wav,23,happy,3,1,1,2,48000,1,156957,3.2699375,f8bd81bbb1f187c221ccc1bd18f72c6fc4f007838dbcf48d31dec9bf94fbf5b0,1,train,results/prepared_audio/03-01-03-01-01-02-23.wav,0826ea3cf825fac09610eba34694f7ab2399b39852b5b9ac163c7eaa9cc35012
03-01-03-01-01-02-24,data/raw/Actor_24/03-01-03-01-01-02-24.wav,24,happy,3,1,1,2,48000,1,187387,3.90389583333333,cbba8dfc7151948d49386fcaf2bd682be96cdb66448119c92145c3a31cdb1cf4,1,train,results/prepared_audio/03-01-03-01-01-02-24.wav,0e1100d95aa309ca4d606ba5c39f7ce4a099fe9dcd4775c0a65ecade38500250
03-01-03-01-02-01-01,data/raw/Actor_01/03-01-03-01-02-01-01.wav,1,happy,3,1,2,1,48000,1,169769,3.53685416666667,7733fbdc0ea79eb710e4a81031aa4e9cbd0b015de25a5babe1b0ee3fc4e0c03a,1,train,results/prepared_audio/03-01-03-01-02-01-01.wav,6e9a2823d49ef55ead84e6e595480fd30062ae833db8c34928e30274788e75f4
03-01-03-01-02-01-02,data/raw/Actor_02/03-01-03-01-02-01-02.wav,2,happy,3,1,2,1,48000,1,180981,3.7704375,3e9668459238b80ac2b1c7b5ffe3d97c5382dcd60a7975d87fc4864b9c39e067,3,train,results/prepared_audio/03-01-03-01-02-01-02.wav,4b0f46665178e413963acb14127d4ffc91b24b8215ae8413e85002ba3fa071ce
03-01-03-01-02-01-03,data/raw/Actor_03/03-01-03-01-02-01-03.wav,3,happy,3,1,2,1,48000,1,168168,3.5035,9ae11f747e207563a49434c8fe52c96cbe4003542de9ebb535dbcc615069607c,5,train,results/prepared_audio/03-01-03-01-02-01-03.wav,a4e2690463472d7b20dacc87a45438b397bac420d1af6f94faa908a48354cd2b
03-01-03-01-02-01-04,data/raw/Actor_04/03-01-03-01-02-01-04.wav,4,happy,3,1,2,1,48000,1,168168,3.5035,4de2dd416eec22448fe1c4df8037fd12d709dbaec9467d551ac253b0308f4309,3,train,results/prepared_audio/03-01-03-01-02-01-04.wav,87d76b603677353848e3aee98fb0c3b24a1d4e7567e483900d9f4556f9e63bae
03-01-03-01-02-01-05,data/raw/Actor_05/03-01-03-01-02-01-05.wav,5,happy,3,1,2,1,48000,1,161761,3.37002083333333,ec42e4068f7ce963e326b878f46c695efaaa7fbe20f7eb3a1d3fbffa72bfaf4c,2,test,results/prepared_audio/03-01-03-01-02-01-05.wav,6530675684a2e881a9eb00395f550fd9bb1ecc90b0ec9902a4e0a3c66711de93
03-01-03-01-02-01-06,data/raw/Actor_06/03-01-03-01-02-01-06.wav,6,happy,3,1,2,1,48000,1,166566,3.470125,9fd7a1fbd39358c5cfac298fe3d5ed7bbb46c56f42288d94202eacb9703f71dd,6,train,results/prepared_audio/03-01-03-01-02-01-06.wav,a9a160c62b7f54cdfe70b16e072c4895a648f5400c3617c88a86b2ec57db3742
03-01-03-01-02-01-07,data/raw/Actor_07/03-01-03-01-02-01-07.wav,7,happy,3,1,2,1,48000,1,163363,3.40339583333333,ad066a1993793b79c21a8c77e6d4b7dc67dd7d9053efa77e1844491e3681071c,2,train,results/prepared_audio/03-01-03-01-02-01-07.wav,944332fa4aefdf8b5957a0c2091a15c33859d8936ab1a0286d546ddd68febe63
03-01-03-01-02-01-08,data/raw/Actor_08/03-01-03-01-02-01-08.wav,8,happy,3,1,2,1,48000,1,166566,3.470125,131be33f0ccbdaa500566a690e234806c580e1a792e3bedff3617ddde2f6b64f,5,test,results/prepared_audio/03-01-03-01-02-01-08.wav,3f82068fcdc7cda7857099074d7e49497dd73b5dfafa7b931f3ae203abe93553
03-01-03-01-02-01-09,data/raw/Actor_09/03-01-03-01-02-01-09.wav,9,happy,3,1,2,1,48000,1,158558,3.30329166666667,34e97f4f2c3cb4a31480606bdd186256e018be082da88c392c420580a8fd8d06,5,train,results/prepared_audio/03-01-03-01-02-01-09.wav,d60bbb0f8320fd4d4ac5c6d71c0dce48f6a5f6a70b3168563634deb77b4d06c2
03-01-03-01-02-01-10,data/raw/Actor_10/03-01-03-01-02-01-10.wav,10,happy,3,1,2,1,48000,1,158558,3.30329166666667,a309e271121a45ac4929ba360d687a8e5f312383233f6745fdda15a9fdea4899,6,train,results/prepared_audio/03-01-03-01-02-01-10.wav,58c46f793a1a89fde936c2d17fc99aa8881ecd510f2dd31de7fdbf12d3526d35
03-01-03-01-02-01-11,data/raw/Actor_11/03-01-03-01-02-01-11.wav,11,happy,3,1,2,1,48000,1,152152,3.16983333333333,5766cbb077fc4ad13ec1b22c64c5dc18496f33615a9726524cbf5d3fc9beb8d0,4,train,results/prepared_audio/03-01-03-01-02-01-11.wav,045106a65583b2bc2d61848241eefa49f9a66e412a75ca9e49c01edf2a9d56e7
03-01-03-01-02-01-12,data/raw/Actor_12/03-01-03-01-02-01-12.wav,12,happy,3,1,2,1,48000,1,168168,3.5035,98b6a3d230ec2400b2f9603440d97c35a45e682145fec53285bc12b8b8c5a4f0,3,train,results/prepared_audio/03-01-03-01-02-01-12.wav,3e1c98b2b4fb90ceed027e54c37ca4b7fd2b8a4c8ab7253108dae2a491a61627
03-01-03-01-02-01-13,data/raw/Actor_13/03-01-03-01-02-01-13.wav,13,happy,3,1,2,1,48000,1,150551,3.13647916666667,aa2bd6d73ddd6c804deb4f24c6388499f53520384f289d11def9a4cd1e80d88f,1,train,results/prepared_audio/03-01-03-01-02-01-13.wav,3423a16f663d94f628e30cc320f794192d0c0f1617c5b0f3d4b183263b208110
03-01-03-01-02-01-14,data/raw/Actor_14/03-01-03-01-02-01-14.wav,14,happy,3,1,2,1,48000,1,163363,3.40339583333333,14ba5a2473d5e4828b5a79c134784067de32b45ffbdc53f3372546f3261f64be,4,train,results/prepared_audio/03-01-03-01-02-01-14.wav,d9f1bdf6da6d9ead2efb4195393524778264a23270ccf827428beb58b3694146
03-01-03-01-02-01-15,data/raw/Actor_15/03-01-03-01-02-01-15.wav,15,happy,3,1,2,1,48000,1,160160,3.33666666666667,101afbac1e1b00b2255a18d69217186419b95af518f5299d97123ba2fc58f9f7,5,test,results/prepared_audio/03-01-03-01-02-01-15.wav,71e1e712e2ad483f98172e415aeb83c7842eaffbd2d7a0e6e4da1d6115645228
03-01-03-01-02-01-16,data/raw/Actor_16/03-01-03-01-02-01-16.wav,16,happy,3,1,2,1,48000,1,179379,3.7370625,0762cd5d977f9766d63e38f21471ddeebb27a722a3932ddea0f6ffd9a291f4f4,2,test,results/prepared_audio/03-01-03-01-02-01-16.wav,c3218d575fc5be55f3b8c679e27db87f69fa89773e83f2169b764f919e6be4a8
03-01-03-01-02-01-17,data/raw/Actor_17/03-01-03-01-02-01-17.wav,17,happy,3,1,2,1,48000,1,166567,3.47014583333333,c6096eb2cceecb74d04e230092b442c41f8ca7922cd5e30970f8d365b63b9411,3,test,results/prepared_audio/03-01-03-01-02-01-17.wav,8eaf7d0cf6e17909ce88c3298ae5b7547076b922c75957e11e6c9d81bb4be4d6
03-01-03-01-02-01-18,data/raw/Actor_18/03-01-03-01-02-01-18.wav,18,happy,3,1,2,1,48000,1,164964,3.43675,3f75fbe73eeda1d8ef3a3bae569d980c3495d67343ddafe7c57f5acdcc0df703,4,test,results/prepared_audio/03-01-03-01-02-01-18.wav,9626cf3f74e429f993c9bb98b312116c9f3981d163c305bece46f6d795f89fd8
03-01-03-01-02-01-19,data/raw/Actor_19/03-01-03-01-02-01-19.wav,19,happy,3,1,2,1,48000,1,156957,3.2699375,2c720b1b1481b108b12398291ed506df53a4d4e9182232056704e83b92e5067d,6,train,results/prepared_audio/03-01-03-01-02-01-19.wav,38848a8d846e76739a530c8d83a71f474747468e09f4522f0b119e102b2375d1
03-01-03-01-02-01-20,data/raw/Actor_20/03-01-03-01-02-01-20.wav,20,happy,3,1,2,1,48000,2,166566,3.470125,e2310ae83d95638dc000812bb7de0e021a9cdf56f1e0909e0ad53c0d35b1661c,6,test,results/prepared_audio/03-01-03-01-02-01-20.wav,c32b7ef409c915a68ccc7e6071d9a86ebc69be0111600b915bbe70625dffa042
03-01-03-01-02-01-21,data/raw/Actor_21/03-01-03-01-02-01-21.wav,21,happy,3,1,2,1,48000,1,177778,3.70370833333333,ada6fa1ea9d9be5ff06689849f40ffc711386e23ffbf515a75108a2995542282,2,train,results/prepared_audio/03-01-03-01-02-01-21.wav,b91e33854d54203710608012aa19d3bb0f09bb51907657a8b0c922830ce298d9
03-01-03-01-02-01-22,data/raw/Actor_22/03-01-03-01-02-01-22.wav,22,happy,3,1,2,1,48000,1,168168,3.5035,5ba1e1f2bfd3da3e5bab86fcbc2bb5f93677858906035129fd5ee37032f8b78a,4,train,results/prepared_audio/03-01-03-01-02-01-22.wav,544c59f3bf365c4dbe8260a5d91c028344141d86b8c3a1252997cc9c30897ab6
03-01-03-01-02-01-23,data/raw/Actor_23/03-01-03-01-02-01-23.wav,23,happy,3,1,2,1,48000,1,155355,3.2365625,60fc10f038263cb7f2493fa9988f828fa4f3c7d3f041ebbb863f82af43dead3b,1,train,results/prepared_audio/03-01-03-01-02-01-23.wav,4d8119cda7bbf977317f653a3a6301e0db0ca69625166e4fd909e289b290c716
03-01-03-01-02-01-24,data/raw/Actor_24/03-01-03-01-02-01-24.wav,24,happy,3,1,2,1,48000,1,168168,3.5035,4980bf4f90198e05b39d0f24e6454d8ab680eccfaffe33ce598228f3705c3ee8,1,train,results/prepared_audio/03-01-03-01-02-01-24.wav,3f8865d140abe1f030df7436dd5cf3b039efaaf62835c0f061fdaa52fc2ca1a0
03-01-03-01-02-02-01,data/raw/Actor_01/03-01-03-01-02-02-01.wav,1,happy,3,1,2,2,48000,1,177778,3.70370833333333,4d89c73d25a870901b10f002d419ff0403372d946293e051b6f6ada9069aa546,1,train,results/prepared_audio/03-01-03-01-02-02-01.wav,f9a963f31042af9cc64809abcc35685dd5b0f3016dc8d9674c9c0750a00f7204
03-01-03-01-02-02-02,data/raw/Actor_02/03-01-03-01-02-02-02.wav,2,happy,3,1,2,2,48000,1,179380,3.73708333333333,bd18aaec8b3ab71778f167b1c6f0ae4c9ff726946fa401b6681853055efeda01,3,train,results/prepared_audio/03-01-03-01-02-02-02.wav,444c05e3088453876fd4aefd956e196677e868ab024ac92251dc1ababaa6850a
03-01-03-01-02-02-03,data/raw/Actor_03/03-01-03-01-02-02-03.wav,3,happy,3,1,2,2,48000,1,168168,3.5035,4d54f39f6f3f3c3c1b94eb213dab2f73abd92da2900f26c4d34922aab71dc6f4,5,train,results/prepared_audio/03-01-03-01-02-02-03.wav,665e89321e8f747889542e06e28b2cd6e40a8f05369a49a3246586bb8f1f00d3
03-01-03-01-02-02-04,data/raw/Actor_04/03-01-03-01-02-02-04.wav,4,happy,3,1,2,2,48000,1,164965,3.43677083333333,dc04d8d802142c26087d4d3391a5e49211be49d638ae6da80d3155176fdc5b9f,3,train,results/prepared_audio/03-01-03-01-02-02-04.wav,ccf48d385e5a3df2952a8604e33607f73178fa4f6f4a1ffaab85752633bcfc2d
03-01-03-01-02-02-05,data/raw/Actor_05/03-01-03-01-02-02-05.wav,5,happy,3,1,2,2,48000,1,180981,3.7704375,beac21d0684e91a3f18085312ba5d59b0260e360292998deb32b436041e7454b,2,train,results/prepared_audio/03-01-03-01-02-02-05.wav,177566127ebde1d13f4ae747b044ba6d0760dc594742217e75298f7a1908a8ea
03-01-03-01-02-02-06,data/raw/Actor_06/03-01-03-01-02-02-06.wav,6,happy,3,1,2,2,48000,1,164965,3.43677083333333,50d809dbe772dade27e6b2769d80c086e26e004a3a38ee63415d3e82f0e39252,6,test,results/prepared_audio/03-01-03-01-02-02-06.wav,17d01e0303ac78a610bc41f836b408b1fae17ebbc9fd4a8e343ef1c64180901d
03-01-03-01-02-02-07,data/raw/Actor_07/03-01-03-01-02-02-07.wav,7,happy,3,1,2,2,48000,1,163363,3.40339583333333,ad066a1993793b79c21a8c77e6d4b7dc67dd7d9053efa77e1844491e3681071c,2,test,results/prepared_audio/03-01-03-01-02-02-07.wav,944332fa4aefdf8b5957a0c2091a15c33859d8936ab1a0286d546ddd68febe63
03-01-03-01-02-02-08,data/raw/Actor_08/03-01-03-01-02-02-08.wav,8,happy,3,1,2,2,48000,1,164965,3.43677083333333,bfe93ac0756084e369383f1873b4f0ad9308ccf9ae2d751e6240c3b40a281b58,5,train,results/prepared_audio/03-01-03-01-02-02-08.wav,45953e882d81e63c559a567e785205a2f41266b22c2df8628ac5714eb4158ea7
03-01-03-01-02-02-09,data/raw/Actor_09/03-01-03-01-02-02-09.wav,9,happy,3,1,2,2,48000,1,166567,3.47014583333333,0ae97db74488c5d0a8063adeef759f1d260a0a8fe8ee3bbd2de58c4d46552356,5,train,results/prepared_audio/03-01-03-01-02-02-09.wav,7cc71763aa8f947b2e912fd12d312db9d079e871e4bfe46e40c79e66e22b608d
03-01-03-01-02-02-10,data/raw/Actor_10/03-01-03-01-02-02-10.wav,10,happy,3,1,2,2,48000,1,160160,3.33666666666667,b1e5721f49ef04ba4fa72f358270c7346473c90254d3927d7ba7435be47071cb,6,train,results/prepared_audio/03-01-03-01-02-02-10.wav,c6139dd4927262124cb08ff5f99fe3a1a69e22cb3e88da2a279bf3ca3430c835
03-01-03-01-02-02-11,data/raw/Actor_11/03-01-03-01-02-02-11.wav,11,happy,3,1,2,2,48000,1,155356,3.23658333333333,c46ed8f226688d53a6d5b258027600c3f775cf2b9cbd992dcae9cefc6e06fd6a,4,train,results/prepared_audio/03-01-03-01-02-02-11.wav,c07388b1958bcd5f9203800d44fd07aaa865cf497e9513ff5b7685d8e3009305
03-01-03-01-02-02-12,data/raw/Actor_12/03-01-03-01-02-02-12.wav,12,happy,3,1,2,2,48000,1,179380,3.73708333333333,506e4bc884eb6d9becf9f31b597fb3fa5565cd58445395e8682917b7eed66ad6,3,train,results/prepared_audio/03-01-03-01-02-02-12.wav,98752ac3ef5c8afaf9e96fb8307217c7f6809ad46f83ae331bab176139d8d9d4
03-01-03-01-02-02-13,data/raw/Actor_13/03-01-03-01-02-02-13.wav,13,happy,3,1,2,2,48000,1,153754,3.20320833333333,487fa927d6baa9c44213da603bf9b17bc3393cef24d7797482df8020e0f51bc0,1,train,results/prepared_audio/03-01-03-01-02-02-13.wav,f90c7260da424c2de14f9f035da9469272646776f8eac72a783468d4c502a434
03-01-03-01-02-02-14,data/raw/Actor_14/03-01-03-01-02-02-14.wav,14,happy,3,1,2,2,48000,1,166566,3.470125,0fcf9e43e1bb75c2bac841ac901218b0242a93e2b10fcb5937890589d48c9880,4,test,results/prepared_audio/03-01-03-01-02-02-14.wav,0f034dd54a668cf4ccc286b50cf1d9d9b975773efe7637a38da22bba69f65c84
03-01-03-01-02-02-15,data/raw/Actor_15/03-01-03-01-02-02-15.wav,15,happy,3,1,2,2,48000,1,164965,3.43677083333333,6c3d2d68904996ee687c1a23d92c7673340072187250984837387e19a0aea644,5,train,results/prepared_audio/03-01-03-01-02-02-15.wav,d6dae7b9342f963a60fb81b1fb154f9ffce7c97b09e1be8251f055556dd46880
03-01-03-01-02-02-16,data/raw/Actor_16/03-01-03-01-02-02-16.wav,16,happy,3,1,2,2,48000,1,176176,3.67033333333333,4526991a74bc382bbbd0c58b7c6c65d3557901eef3b9c129f767403b7dd95eca,2,test,results/prepared_audio/03-01-03-01-02-02-16.wav,ca256bf0a1fd189b27cd5403840aa6d35c0abd20a417f81056de2481ffc25ee1
03-01-03-01-02-02-17,data/raw/Actor_17/03-01-03-01-02-02-17.wav,17,happy,3,1,2,2,48000,1,169769,3.53685416666667,f101f53c904ef36f22e083d67b86fa570e8cc061224b2931f206a4acf735f6e4,3,train,results/prepared_audio/03-01-03-01-02-02-17.wav,e1497d594713b0b1630ab3337d0ef114f3f04d0ae05308aaea3231cb7a8b8bbb
03-01-03-01-02-02-18,data/raw/Actor_18/03-01-03-01-02-02-18.wav,18,happy,3,1,2,2,48000,1,168168,3.5035,ac442433f2b1306b33c81bfffe258632bceb156ea28d59396f18b22340707860,4,train,results/prepared_audio/03-01-03-01-02-02-18.wav,ca2d46eb7fc9cb14d0f682806d3613b4262788ee7de58d7187b52c5f3609e7da
03-01-03-01-02-02-19,data/raw/Actor_19/03-01-03-01-02-02-19.wav,19,happy,3,1,2,2,48000,1,158559,3.3033125,4f791055809127864a14ece31c3592cafcbe32f3c2bcfab3abfbecd41c5119d0,6,test,results/prepared_audio/03-01-03-01-02-02-19.wav,ad7fdc6717b2a3616a6aa3dcb0f2d57f64ba273a7f47a1eb618e5a383485165d
03-01-03-01-02-02-20,data/raw/Actor_20/03-01-03-01-02-02-20.wav,20,happy,3,1,2,2,48000,1,163363,3.40339583333333,f34fbecb3648315c388be51565f516b867decd645ad33b11a169d89d15eb93c4,6,train,results/prepared_audio/03-01-03-01-02-02-20.wav,b728a698577f18e98162cbf1bb88cd5fb5dd292062d0528b85ed568d398b1e8a
03-01-03-01-02-02-21,data/raw/Actor_21/03-01-03-01-02-02-21.wav,21,happy,3,1,2,2,48000,1,184184,3.83716666666667,fd3e52b910e92ae7d1b8cddd9278cd8a8ffc7711d79ecf86f35c3d2927ce723b,2,train,results/prepared_audio/03-01-03-01-02-02-21.wav,4c79098ac2d627ddf3f5465dbe08abfbde94d959c16418cfae597f2efd496da9
03-01-03-01-02-02-22,data/raw/Actor_22/03-01-03-01-02-02-22.wav,22,happy,3,1,2,2,48000,1,168168,3.5035,7b154ceb413a5d342decbd9af21a542d38f61b1ca780333c23636dc644c117fe,4,train,results/prepared_audio/03-01-03-01-02-02-22.wav,eaf2be56506070ac5807ae22589ed32ffdf12580620f4c19071e7e827781b9b0
03-01-03-01-02-02-23,data/raw/Actor_23/03-01-03-01-02-02-23.wav,23,happy,3,1,2,2,48000,1,156957,3.2699375,54996db43b66a79e2c29a35ae2e0106d2c6bbe59950c2913e5febb7d3e0842b7,1,train,results/prepared_audio/03-01-03-01-02-02-23.wav,e53caddadc528a30dced47b0e11435898e291bad1cb57c6c19a867bf49b72ad3
03-01-03-01-02-02-24,data/raw/Actor_24/03-01-03-01-02-02-24.wav,24,happy,3,1,2,2,48000,1,179379,3.7370625,9ef1c2397e27115d46dd7044cbbec4bb6fa560349935925da8fc5a6b01c3b846,1,test,results/prepared_audio/03-01-03-01-02-02-24.wav,f22767e908e074fa9570ae2133fbdcaef62a978ec21b06704f1fd0defa7fad0b
03-01-03-02-01-01-01,data/raw/Actor_01/03-01-03-02-01-01-01.wav,1,happy,3,2,1,1,48000,1,176176,3.67033333333333,1bc1ae2f36d7fa7314a42f7d250cc346723e2ed3d455a3b0dc4a1dbb50917044,1,train,results/prepared_audio/03-01-03-02-01-01-01.wav,1a85d12778d197e50368b60300eaaa24fb19fd03a509eb4261b5c354077be96d
03-01-03-02-01-01-02,data/raw/Actor_02/03-01-03-02-01-01-02.wav,2,happy,3,2,1,1,48000,1,177778,3.70370833333333,5269349f2129a0d1d1bb44262c6976e6629db2f258456af3d21014c1e9e2a681,3,test,results/prepared_audio/03-01-03-02-01-01-02.wav,ddc97da45e769d55b6bc995201528e1eb7f54a5aaa3f8b3a32c2bf18ebae0f41
03-01-03-02-01-01-03,data/raw/Actor_03/03-01-03-02-01-01-03.wav,3,happy,3,2,1,1,48000,1,206607,4.3043125,ccb0b650d178b4ce33dd0b5d28e16db2a30f5fb5680d4196454a59bc45d05b40,5,train,results/prepared_audio/03-01-03-02-01-01-03.wav,92c0ebd35bd22c43fbd377ce5daf75a2f82640abc7b95c23f13e2da60095a64f
03-01-03-02-01-01-04,data/raw/Actor_04/03-01-03-02-01-01-04.wav,4,happy,3,2,1,1,48000,1,185786,3.87054166666667,c7fbcb4405381013e2fb4b761f570db69392452f895f98b33f5b3eb57a6ab03f,3,train,results/prepared_audio/03-01-03-02-01-01-04.wav,e127fd3dce98526ea3a15889f2654440463d443d28f1eeecfe822282c21d2a8e
03-01-03-02-01-01-05,data/raw/Actor_05/03-01-03-02-01-01-05.wav,5,happy,3,2,1,1,48000,1,198599,4.13747916666667,e13169a4b2fe756e5206f51c8f9841439c5b5c74ac21a578b771905e47467f55,2,train,results/prepared_audio/03-01-03-02-01-01-05.wav,729daa06d713065bcd7342a369abc3fa73985d599420174b5cb10da937cb3910
03-01-03-02-01-01-06,data/raw/Actor_06/03-01-03-02-01-01-06.wav,6,happy,3,2,1,1,48000,1,168168,3.5035,5571df9002c07b4a372da61c7c4f28ec8e898e5d81953668f854b0e2eca8f0db,6,train,results/prepared_audio/03-01-03-02-01-01-06.wav,bc456a81ba89346de5ff2af6b99eea49cfe44b52872f706773f2d61be99853eb
03-01-03-02-01-01-07,data/raw/Actor_07/03-01-03-02-01-01-07.wav,7,happy,3,2,1,1,48000,1,196997,4.10410416666667,b3adef919af010d097d1b593053b33819cc082e96395953cd86e3a73a6018616,2,train,results/prepared_audio/03-01-03-02-01-01-07.wav,1bca45a0ca972df40b0f1b8bd5069d4dfba89e24aa161d3eee2a16b5a322fde4
03-01-03-02-01-01-08,data/raw/Actor_08/03-01-03-02-01-01-08.wav,8,happy,3,2,1,1,48000,1,180980,3.77041666666667,8923df95654a4662cf85203fa9bc6c2a01bd4972be6aaf385b99fe44ae3b54e6,5,train,results/prepared_audio/03-01-03-02-01-01-08.wav,160f1609599a53111737f9978b1299e786ba4cef4b0a1c78e814132bf11bcaad
03-01-03-02-01-01-09,data/raw/Actor_09/03-01-03-02-01-01-09.wav,9,happy,3,2,1,1,48000,1,180981,3.7704375,462478f618b55781964196f5c3529ae88d16fdd229f3a93a93029cd04543e21c,5,train,results/prepared_audio/03-01-03-02-01-01-09.wav,3145539e2a38b8dae402902df629603954e08f1fd6dfaf3c01bcb4beb3cbd5e4
03-01-03-02-01-01-10,data/raw/Actor_10/03-01-03-02-01-01-10.wav,10,happy,3,2,1,1,48000,1,184184,3.83716666666667,a3226539827caa57c844c6681537f96a471952f841ca23d3caea90997edff5e3,6,train,results/prepared_audio/03-01-03-02-01-01-10.wav,585d42bbda384dc84e47580d6cbe4d45acf9d7fc2a7af18adb5fdcfe053329c4
03-01-03-02-01-01-11,data/raw/Actor_11/03-01-03-02-01-01-11.wav,11,happy,3,2,1,1,48000,1,193794,4.037375,d540448428051af8a588f5a3aa3bc7d1ae1711c756c540cf3c93713abd3fd7b4,4,test,results/prepared_audio/03-01-03-02-01-01-11.wav,eea1180b376c6e2688985e0fa5be2b362ed81cbcc223b74f73bed0aacd5b6a18
03-01-03-02-01-01-12,data/raw/Actor_12/03-01-03-02-01-01-12.wav,12,happy,3,2,1,1,48000,1,201802,4.20420833333333,abc7cc20effd6536d2af621bb1d66767160a4da3ed0c55607709fe9c3d6e877d,3,train,results/prepared_audio/03-01-03-02-01-01-12.wav,18cf674b067f1a3822146091bb7d40a7ad931e413ba04a961142f0f363ef47dd
03-01-03-02-01-01-13,data/raw/Actor_13/03-01-03-02-01-01-13.wav,13,happy,3,2,1,1,48000,1,164965,3.43677083333333,ab80b3fe792ce05758b3fa1ee99397771b68b8bf8e73ccfff694352f28b0daf9,1,train,results/prepared_audio/03-01-03-02-01-01-13.wav,73a02344582a433cb8153aa5aa52be2913874481f0c7517bfc5de7a32f80192e
03-01-03-02-01-01-14,data/raw/Actor_14/03-01-03-02-01-01-14.wav,14,happy,3,2,1,1,48000,1,180980,3.77041666666667,859005eda9c937b4986c29745e556f214e09477327fbc0b8adaf58ce79cc1848,4,train,results/prepared_audio/03-01-03-02-01-01-14.wav,1143fbe4aea98ec13401429cd69b3a36f5d9638b121534ba3e70753c44a72645
03-01-03-02-01-01-15,data/raw/Actor_15/03-01-03-02-01-01-15.wav,15,happy,3,2,1,1,48000,1,171371,3.57022916666667,145b1632eb7809b29c66c81b301d76eedbebf787fd4645bc8d6c926f9704e5b0,5,test,results/prepared_audio/03-01-03-02-01-01-15.wav,037c476727bf21e3cb9df1333c90ebc3330632ebe2d028a208b407c4d1628c68
03-01-03-02-01-01-16,data/raw/Actor_16/03-01-03-02-01-01-16.wav,16,happy,3,2,1,1,48000,1,180981,3.7704375,08ab8b7472eb8f71109fb7c878da3978b97a066b61acbc99f12085a4b2eba881,2,train,results/prepared_audio/03-01-03-02-01-01-16.wav,b9c8856cc2bb3969bc23f6ea8b2a91a0d6058a30b6c30b006b70d67a4a3beb82
03-01-03-02-01-01-17,data/raw/Actor_17/03-01-03-02-01-01-17.wav,17,happy,3,2,1,1,48000,1,179379,3.7370625,8923224a59b61618e95106d6e4bd4790889bd87c5408342663cf6c1484ab021a,3,train,results/prepared_audio/03-01-03-02-01-01-17.wav,fc3601fbef6d07162f50c0b436c2d0af8706ad39a969541ecaedd756f85b6b38
03-01-03-02-01-01-18,data/raw/Actor_18/03-01-03-02-01-01-18.wav,18,happy,3,2,1,1,48000,1,180981,3.7704375,89f6c22c4902db28c4f8ce1d171c4f5fb6f3a15e98642bb3b070a33883fd2b78,4,train,results/prepared_audio/03-01-03-02-01-01-18.wav,aaf9cf2b01deea972d33fa2a9a8efcdda4f3716a2e16ddad4b38aa4842b11b7e
03-01-03-02-01-01-19,data/raw/Actor_19/03-01-03-02-01-01-19.wav,19,happy,3,2,1,1,48000,1,180981,3.7704375,67af0ba25a1e5a1822b70ab410ad68127fc8458274724f62a3af887dbbb481ad,6,train,results/prepared_audio/03-01-03-02-01-01-19.wav,eed60ae5553c761b04743a56c626c3d79d18ebbcf93ac00598bf957e5edf09c5
03-01-03-02-01-01-20,data/raw/Actor_20/03-01-03-02-01-01-20.wav,20,happy,3,2,1,1,48000,1,176176,3.67033333333333,d275a3436628aecedcc47eceb80888191001964e33de161234eb0d990dff88e4,6,test,results/prepared_audio/03-01-03-02-01-01-20.wav,e3209f00934c1662a49e6dd906a814296d3b298d9f42f10563abab1251426c32
03-01-03-02-01-01-21,data/raw/Actor_21/03-01-03-02-01-01-21.wav,21,happy,3,2,1,1,48000,1,182582,3.80379166666667,c9597243b6934034f727c1806e342e3529c8d28b6f00e7eec81f1c232dab9821,2,train,results/prepared_audio/03-01-03-02-01-01-21.wav,dad331f1f41a7bc7f26192faefa34dd0da8ede1f6c6c493edc6326079a67135f
03-01-03-02-01-01-22,data/raw/Actor_22/03-01-03-02-01-01-22.wav,22,happy,3,2,1,1,48000,1,179380,3.73708333333333,f7881acb5360ed88d66a0418c7e7ca58a2edc5c3f45cb194e5d501d02da24e76,4,train,results/prepared_audio/03-01-03-02-01-01-22.wav,e5bf82d365ef66fedbd854a11168a3e8c9bbfe742c20014127ff359a13a411d3
03-01-03-02-01-01-23,data/raw/Actor_23/03-01-03-02-01-01-23.wav,23,happy,3,2,1,1,48000,1,155356,3.23658333333333,94cb19c86a0c8cc7469e1ea65e3474eef2725a0047ae82436c6b77d1ed44aaad,1,train,results/prepared_audio/03-01-03-02-01-01-23.wav,06d8e3a95d9d529aedf1fbd5dccc243298c53259b0292111dc5eb5edace77b11
03-01-03-02-01-01-24,data/raw/Actor_24/03-01-03-02-01-01-24.wav,24,happy,3,2,1,1,48000,1,192192,4.004,8a9a93d0eaa13c27e937738f18ae48be12b0af2e68697b4c87a795ba85be84f9,1,train,results/prepared_audio/03-01-03-02-01-01-24.wav,7f1d527ecebee75ffe451db268a24f04225175dba9a9540759170cbb9a6ebbf6
03-01-03-02-01-02-01,data/raw/Actor_01/03-01-03-02-01-02-01.wav,1,happy,3,2,1,2,48000,1,174574,3.63695833333333,6f54c164f6c1ce34e5ec94b52749e9bb63a6adc3042eda9abb02f9aff847cb18,1,test,results/prepared_audio/03-01-03-02-01-02-01.wav,a7484d8a9dc7203c5d4ae47001b9a122e1053ea8ecad4e84c0a781777c7fc0a9
03-01-03-02-01-02-02,data/raw/Actor_02/03-01-03-02-01-02-02.wav,2,happy,3,2,1,2,48000,1,176176,3.67033333333333,b338fb93d6fa3bb726a726e3c5747bf7d1ba55849f21cd92b7c5ce0d596a639c,3,train,results/prepared_audio/03-01-03-02-01-02-02.wav,4db3f22ffedcbf59077e9d8a9c1e28414be1348a1a29d97af840a61e663604fe
03-01-03-02-01-02-03,data/raw/Actor_03/03-01-03-02-01-02-03.wav,3,happy,3,2,1,2,48000,1,211411,4.40439583333333,a5c5bbdb7048f9f3efaa7a463d4fcea1be2bb1527c52f6150206db38491998b3,5,train,results/prepared_audio/03-01-03-02-01-02-03.wav,d308b89fb8bfd93cc509c3dfde8ca7ca8615b10303b933ef00d7dcfcee1b0223
03-01-03-02-01-02-04,data/raw/Actor_04/03-01-03-02-01-02-04.wav,4,happy,3,2,1,2,48000,1,171371,3.57022916666667,006d043e0f45d7dcc8b79874053e01ce856960a80ad2354fe6bff5481b5dfd57,3,test,results/prepared_audio/03-01-03-02-01-02-04.wav,e289dfe9193368cd2638262c35c10f7d755424427ddf975e8025c142c97bf1a5
03-01-03-02-01-02-05,data/raw/Actor_05/03-01-03-02-01-02-05.wav,5,happy,3,2,1,2,48000,1,185786,3.87054166666667,bf0a14aa80f494c9dac27f55f8baa52926daef3d95171217c67a29ed156cafd0,2,train,results/prepared_audio/03-01-03-02-01-02-05.wav,4a995e2e083d51466aa6bd0e127aed5f5e3df24b6f9efa1474ec443d3f9cacf4
03-01-03-02-01-02-06,data/raw/Actor_06/03-01-03-02-01-02-06.wav,6,happy,3,2,1,2,48000,1,166566,3.470125,8f3f54400ed9d7854ae1b33dcfc8a7152f5657cb5b8b2d51c7379333b09fa0a8,6,train,results/prepared_audio/03-01-03-02-01-02-06.wav,9f2a40f5d80b142b7ee8c3e0d43471f36a183242da490f8595af3331b621457c
03-01-03-02-01-02-07,data/raw/Actor_07/03-01-03-02-01-02-07.wav,7,happy,3,2,1,2,48000,1,193793,4.03735416666667,0eadf6b68a146e31b583e02330eeaa7dd78623dff5ea3fae7ccab00a1a31b290,2,train,results/prepared_audio/03-01-03-02-01-02-07.wav,19fda81954d39abe092e84aee9f108ea193c7a6b623c455d81db4f37f1d6ab7f
03-01-03-02-01-02-08,data/raw/Actor_08/03-01-03-02-01-02-08.wav,8,happy,3,2,1,2,48000,1,187387,3.90389583333333,55c8583f3557bd2f9b9c0ee60df8adf11f17b7055760fd61a64428f96cb2d526,5,test,results/prepared_audio/03-01-03-02-01-02-08.wav,91b188c36eb7d19e67ab735cdef5e233a9990f6bc2684a69d9b0059d09038327
03-01-03-02-01-02-09,data/raw/Actor_09/03-01-03-02-01-02-09.wav,9,happy,3,2,1,2,48000,1,200200,4.17083333333333,6df4b05155335285cf07c3cea41654c63aeba5c99dd1d7c10c93627b71ec1b96,5,train,results/prepared_audio/03-01-03-02-01-02-09.wav,94b852e263cb8292a0774f360dc4cafcc1f57ed058a683926cc7e3e9fdd40ec3
03-01-03-02-01-02-10,data/raw/Actor_10/03-01-03-02-01-02-10.wav,10,happy,3,2,1,2,48000,1,168168,3.5035,ce7d2b5b3a4a4ce91b504c235542c9c44411113fa198c7db5514653d19f92b2f,6,test,results/prepared_audio/03-01-03-02-01-02-10.wav,6fc305023b8d7bde0b8879332bf1542942c8254a9144dab7ae86bbde31be6a1a
03-01-03-02-01-02-11,data/raw/Actor_11/03-01-03-02-01-02-11.wav,11,happy,3,2,1,2,48000,1,174575,3.63697916666667,ca1b2096d0b766bd231fa2cc875006beea5ef54462f24260370b308798897d4a,4,train,results/prepared_audio/03-01-03-02-01-02-11.wav,da4d85155675f9dcf7c80b13d5244a47f9b36bd25c17e36ee59525312fc4912f
03-01-03-02-01-02-12,data/raw/Actor_12/03-01-03-02-01-02-12.wav,12,happy,3,2,1,2,48000,1,198598,4.13745833333333,72551da1e68a8df681e8ae000a1eabb8decbcf5d206a3b37be9d33f2a6bb53bb,3,test,results/prepared_audio/03-01-03-02-01-02-12.wav,3c77507482a0ea4f9d00bf656790142575f8f899344290a82ce347e98172490e
03-01-03-02-01-02-13,data/raw/Actor_13/03-01-03-02-01-02-13.wav,13,happy,3,2,1,2,48000,1,172973,3.60360416666667,36bed841d4a6c892eccda3c4e9742021210ab23c0e9649d50ecdaaaf64463912,1,train,results/prepared_audio/03-01-03-02-01-02-13.wav,ac5789470c4ff37320c1a4976947b2b2c6ed4b24ccf7f890e46e3eb3011b1b0f
03-01-03-02-01-02-14,data/raw/Actor_14/03-01-03-02-01-02-14.wav,14,happy,3,2,1,2,48000,1,179379,3.7370625,09c0b8f915c97fb16a8b5e74c45de7724347e382fb11db62eb9646729982a360,4,train,results/prepared_audio/03-01-03-02-01-02-14.wav,a9a7617ee3440dc480eaa21e5bf4e13700ee75bff73497d3bc192ab38eb2105b
03-01-03-02-01-02-15,data/raw/Actor_15/03-01-03-02-01-02-15.wav,15,happy,3,2,1,2,48000,1,166566,3.470125,5242a1f497c04132ca3d1b312e9a403547d1d7807797abc01346774ed54c99dd,5,train,results/prepared_audio/03-01-03-02-01-02-15.wav,2921a9753f1da38eac1556474e236ab3d03f815eb2e70de89e5f772e1a2eef37
03-01-03-02-01-02-16,data/raw/Actor_16/03-01-03-02-01-02-16.wav,16,happy,3,2,1,2,48000,1,171371,3.57022916666667,5cc11dd41d62d05dd13c5e71d6dcc891e4101da13f99d34e61aadf8be4fa0dfe,2,train,results/prepared_audio/03-01-03-02-01-02-16.wav,0f1dc86da31e326e374cd30102793969a3a490496b58ccabd45ed82bf619b393
03-01-03-02-01-02-17,data/raw/Actor_17/03-01-03-02-01-02-17.wav,17,happy,3,2,1,2,48000,1,196997,4.10410416666667,0aff9ee52a204fbfe6a9b69b5f4d95158966f543861f62c836290d1abb393282,3,test,results/prepared_audio/03-01-03-02-01-02-17.wav,c3c92473df3e37c1708f23f053b76673c39f222b17ccc4bb7d8533b5c89e2fad
03-01-03-02-01-02-18,data/raw/Actor_18/03-01-03-02-01-02-18.wav,18,happy,3,2,1,2,48000,1,188988,3.93725,b267145e3f314a82749066ee8fbff50fec0b140152514d91ee01a23983b6c5fd,4,train,results/prepared_audio/03-01-03-02-01-02-18.wav,22a4a4ef9f939b853952852505e8dcda93242b18693d33f4331f9852226d0106
03-01-03-02-01-02-19,data/raw/Actor_19/03-01-03-02-01-02-19.wav,19,happy,3,2,1,2,48000,1,182582,3.80379166666667,10064f06110fdde813a2fe3a6ecfe29b866bbff0664190846fe700b7fd3dc490,6,test,results/prepared_audio/03-01-03-02-01-02-19.wav,08f9042fcfd47d7ec12eec7aa379353ff3c988a29d63a7f63b0edbc272378b5d
03-01-03-02-01-02-20,data/raw/Actor_20/03-01-03-02-01-02-20.wav,20,happy,3,2,1,2,48000,1,206606,4.30429166666667,10a986de6fe65d20049f470f7029ca6f5a5e3767b3476c36f48113c7af3fce7f,6,train,results/prepared_audio/03-01-03-02-01-02-20.wav,0768588a62bf29711d420f0c8849bb97d1543748a402525c9fa6815e9bd58cf8
03-01-03-02-01-02-21,data/raw/Actor_21/03-01-03-02-01-02-21.wav,21,happy,3,2,1,2,48000,1,188989,3.93727083333333,071411f5a344b59200718394b61f6922aaa0f2536e16b5c3ffc1d1ab6dd8f809,2,test,results/prepared_audio/03-01-03-02-01-02-21.wav,f67fcb2553f71cfe6735c179e44686e9e28c83211bf94524c7582f73d55edc25
03-01-03-02-01-02-22,data/raw/Actor_22/03-01-03-02-01-02-22.wav,22,happy,3,2,1,2,48000,1,184184,3.83716666666667,ac2449d475be4b7b4f4dbace4c923daa0bddab90c9b36a596f7ae8aad9801132,4,train,results/prepared_audio/03-01-03-02-01-02-22.wav,1780afacfe64858a0d2c1f4fe705cae30da85c73abaae3e20e55e32d71f35bad
03-01-03-02-01-02-23,data/raw/Actor_23/03-01-03-02-01-02-23.wav,23,happy,3,2,1,2,48000,1,153753,3.2031875,1139bd1c50873eb47334ce92a9f4d5850322fbd1aeace8c2ce58cf57de80255a,1,train,results/prepared_audio/03-01-03-02-01-02-23.wav,9acaa4907a6e8ef65c7c6158a943b00683fa80e86344f0fa22a382ccad727285
03-01-03-02-01-02-24,data/raw/Actor_24/03-01-03-02-01-02-24.wav,24,happy,3,2,1,2,48000,1,180981,3.7704375,c89f0bd69c0cc7bd858ad5f32f0e026493cd3249f7c944c86789a2bd854b4b08,1,train,results/prepared_audio/03-01-03-02-01-02-24.wav,e2a0738cb4595dc002dd621504ea8044d1cc08713a89c237c1f132d0b67aaa5e
03-01-03-02-02-01-01,data/raw/Actor_01/03-01-03-02-02-01-01.wav,1,happy,3,2,2,1,48000,1,188988,3.93725,1198128784b8f851ee52ff21ad8f28e0c8a28feea19243b2c001b74efd0731c2,1,train,results/prepared_audio/03-01-03-02-02-01-01.wav,5bd9f46830242430b994838a7e57aa8871be12920cf4659e568fa15eadc52724
03-01-03-02-02-01-02,data/raw/Actor_02/03-01-03-02-02-01-02.wav,2,happy,3,2,2,1,48000,1,177778,3.70370833333333,c3d8e4469c820ced8e776c910f621f02dbb4a57e8de275c4d1434aea819eb925,3,train,results/prepared_audio/03-01-03-02-02-01-02.wav,d2a03395594e853088dd03505751761db15c3886f6f0d94a63ccf7025a6bf8d0
03-01-03-02-02-01-03,data/raw/Actor_03/03-01-03-02-02-01-03.wav,3,happy,3,2,2,1,48000,1,198598,4.13745833333333,ebfaf47aa2fd98a81ee42d1a5313acbc8d88a5dd11437f4cf3a421ab9849ea4f,5,test,results/prepared_audio/03-01-03-02-02-01-03.wav,5655f1995d9fa57ffc53b9fe05fde851dd1efd10c9b3aa03c604f1dc3a787a52
03-01-03-02-02-01-04,data/raw/Actor_04/03-01-03-02-02-01-04.wav,4,happy,3,2,2,1,48000,1,172973,3.60360416666667,07d243297c0e3cd9f1f2c05505af9e49c8301a8b96b0c6455785d1567c034e9b,3,train,results/prepared_audio/03-01-03-02-02-01-04.wav,2c8a55350fa77bf6c6ff1f3032e0dc442cd227f92debe44c23e35fc4f3c3f4b3
03-01-03-02-02-01-05,data/raw/Actor_05/03-01-03-02-02-01-05.wav,5,happy,3,2,2,1,48000,1,172972,3.60358333333333,8059115a9ef5b90c52eba978d077bd2f00bb99abb28c639856d2ef31394e44bf,2,train,results/prepared_audio/03-01-03-02-02-01-05.wav,c7a78f71b7ca0ef308d63f3001f3e000207941e86c99288b0a680a65356c670c
03-01-03-02-02-01-06,data/raw/Actor_06/03-01-03-02-02-01-06.wav,6,happy,3,2,2,1,48000,1,171371,3.57022916666667,3d8389adb46bfdf669d537217d7b3af68335317b74cf6cccdef77d42fbe94150,6,train,results/prepared_audio/03-01-03-02-02-01-06.wav,57dbcd5509c62d827567907cfabf52b7216f46e1fffe6364aefa493b4eeb01d0
03-01-03-02-02-01-07,data/raw/Actor_07/03-01-03-02-02-01-07.wav,7,happy,3,2,2,1,48000,1,193794,4.037375,ffdb64f07f6a377891374ed0a42001f3cac6dc3c1d15777eea37a05f8e06cedd,2,train,results/prepared_audio/03-01-03-02-02-01-07.wav,785790257a391ee404559a804ffa172cfa7860b672ebc4cae7e2bae224c6d60e
03-01-03-02-02-01-08,data/raw/Actor_08/03-01-03-02-02-01-08.wav,8,happy,3,2,2,1,48000,1,184184,3.83716666666667,479b2b5a5599af7364b956b0190daa1af1260d6c9562c736c7d6109a14e54200,5,train,results/prepared_audio/03-01-03-02-02-01-08.wav,f07a0bd7f5e05d466b1b915ebb5d72451b844131698be5f43d82d59073cfb225
03-01-03-02-02-01-09,data/raw/Actor_09/03-01-03-02-02-01-09.wav,9,happy,3,2,2,1,48000,1,171372,3.57025,e65a989419bfad2b62fe667abb65771ca0c837f93176f0c17e19d0054af70bf5,5,train,results/prepared_audio/03-01-03-02-02-01-09.wav,a0091840dd9f60ef913cf3ad4500cfbbbcea50bb9d1cefa2d9f6b433da57b1bd
03-01-03-02-02-01-10,data/raw/Actor_10/03-01-03-02-02-01-10.wav,10,happy,3,2,2,1,48000,1,179379,3.7370625,b17ca818bc4afa2109e9fce98f7cbf6ae361d10925686714e39e3e8cfbeadca8,6,train,results/prepared_audio/03-01-03-02-02-01-10.wav,b1559ec50e2737ae182e10b0b603f6ba0df6869006b36014361f635266beb6de
03-01-03-02-02-01-11,data/raw/Actor_11/03-01-03-02-02-01-11.wav,11,happy,3,2,2,1,48000,1,185785,3.87052083333333,1c7dff8151925801103320148960d6606fbabfab4f5e8435d28c5fead95d2e32,4,train,results/prepared_audio/03-01-03-02-02-01-11.wav,d8b8f6f8c4bae6548e6d947441efde28ed6317c83b3ec02f172157c323c51ae2
03-01-03-02-02-01-12,data/raw/Actor_12/03-01-03-02-02-01-12.wav,12,happy,3,2,2,1,48000,1,187388,3.90391666666667,0874e2f1d9ef1799b95996eecbb925ae148efe9f257f6fd50ea073930b3f7219,3,train,results/prepared_audio/03-01-03-02-02-01-12.wav,d8215e2d6ab069c2688bd1f9f8ac9d5dff36a3a8471ab258bd7f7cbf37a31ce1
03-01-03-02-02-01-13,data/raw/Actor_13/03-01-03-02-02-01-13.wav,13,happy,3,2,2,1,48000,1,161761,3.37002083333333,13d987172a636e7e44e60566d18f3420a1f1659899598a4eff9897dd9da85df0,1,train,results/prepared_audio/03-01-03-02-02-01-13.wav,14564db9f3bf959a7fa61a5ae7545166637bd2b2f5fc2317ad12876cb0219fb0
03-01-03-02-02-01-14,data/raw/Actor_14/03-01-03-02-02-01-14.wav,14,happy,3,2,2,1,48000,1,184184,3.83716666666667,508543b551c11b5040fd8a6e81dffabe12b14d2e46b491156d50781a583ec86c,4,train,results/prepared_audio/03-01-03-02-02-01-14.wav,372b3bbdbc08ded0ffcc3e690bf1b3e4480d6ccf37112320f5c33300bcad8c05
03-01-03-02-02-01-15,data/raw/Actor_15/03-01-03-02-02-01-15.wav,15,happy,3,2,2,1,48000,1,182582,3.80379166666667,1dc1101aa299ab54accfb5b261afe55f5ea33dd337e0c7d28d731b66d2add4d1,5,train,results/prepared_audio/03-01-03-02-02-01-15.wav,fa607ca429b6a3df66a672e6b26a0134b1ad8ef1ad97d0d0fe798364c0898638
03-01-03-02-02-01-16,data/raw/Actor_16/03-01-03-02-02-01-16.wav,16,happy,3,2,2,1,48000,1,180980,3.77041666666667,688941ba23aa68469661704d3242c27ec28a41258a70bed3fd88fc501b31d596,2,train,results/prepared_audio/03-01-03-02-02-01-16.wav,78fe3385f551c3bbddcac60189c817729b57644f1631263dccb546d48a4980ea
03-01-03-02-02-01-17,data/raw/Actor_17/03-01-03-02-02-01-17.wav,17,happy,3,2,2,1,48000,1,179379,3.7370625,a2fed704b92095cabd97c2c7ffa57f376e704bb2d8b041f673e0a8485329b89b,3,train,results/prepared_audio/03-01-03-02-02-01-17.wav,4a417f4bc740bb19b1732417a78efbbfe11abd8348099074405eeac101f7e008
03-01-03-02-02-01-18,data/raw/Actor_18/03-01-03-02-02-01-18.wav,18,happy,3,2,2,1,48000,1,180981,3.7704375,9cf4f5469dfe3b900dd92c127fd8ecfe5f4fdb6adcaa6e014e83c59a9fbb9d75,4,train,results/prepared_audio/03-01-03-02-02-01-18.wav,f7dcbe73e2cd1ebedf569d21ba807aa67c36552db1e29d0391a1d8b98cb7ebe2
03-01-03-02-02-01-19,data/raw/Actor_19/03-01-03-02-02-01-19.wav,19,happy,3,2,2,1,48000,1,211411,4.40439583333333,b418540b65a8acee06b2d1df33874a0d189555ba62a68fdea53d173521c315db,6,train,results/prepared_audio/03-01-03-02-02-01-19.wav,2296027f760aac5f937ddc91ae9235cdac16b00b482e51d8f8bb50d550f322ee
03-01-03-02-02-01-20,data/raw/Actor_20/03-01-03-02-02-01-20.wav,20,happy,3,2,2,1,48000,1,171372,3.57025,3fd275357744ec3b034ed2abef007524741b3bac7794feb819ef21e24e751bd7,6,train,results/prepared_audio/03-01-03-02-02-01-20.wav,4d729088c19cc0456e2d9a0a8e8c40ccb9dd0edbcc31f1fa54c99df7b725e886
03-01-03-02-02-01-21,data/raw/Actor_21/03-01-03-02-02-01-21.wav,21,happy,3,2,2,1,48000,1,176176,3.67033333333333,048140d369c3d01720e19fb252f1c0fede62e63a2d5768b0504292966b2048db,2,train,results/prepared_audio/03-01-03-02-02-01-21.wav,1794327fea4499af6cf3f17e221af2f7315781834fb3d036a023555aea98f7ee
03-01-03-02-02-01-22,data/raw/Actor_22/03-01-03-02-02-01-22.wav,22,happy,3,2,2,1,48000,1,176176,3.67033333333333,6cae0071f75c254d5723857ee6d383be27948c2d33dddd7c29f2fd4128320a0d,4,train,results/prepared_audio/03-01-03-02-02-01-22.wav,2b10ad8f90363fadee6e1b1589a53998c7c9122abe858078f18b9e91fc73d2d1
03-01-03-02-02-01-23,data/raw/Actor_23/03-01-03-02-02-01-23.wav,23,happy,3,2,2,1,48000,1,155355,3.2365625,818c8eddc70f469ec4d6117d081c3a4f8e7ef3d4581963b1002c4ebed80a1474,1,test,results/prepared_audio/03-01-03-02-02-01-23.wav,21825c797560e5c36e93383b83331b460161274bed13e58390ceeee8a2f7c40b
03-01-03-02-02-01-24,data/raw/Actor_24/03-01-03-02-02-01-24.wav,24,happy,3,2,2,1,48000,1,185786,3.87054166666667,4abdc96a44f984638a59e2f9b5b856e504ae8a97a9c18b5c33973269393e08fb,1,train,results/prepared_audio/03-01-03-02-02-01-24.wav,16b91a21a549c439a1307affd3328bd600787e34ed8dbc75239f92c016ef1da3
03-01-03-02-02-02-01,data/raw/Actor_01/03-01-03-02-02-02-01.wav,1,happy,3,2,2,2,48000,1,188989,3.93727083333333,e0d180fa12e5d5199bde4b629805bf1168019e51494ae3d27a9635560a2f7a9b,1,train,results/prepared_audio/03-01-03-02-02-02-01.wav,eaf605f60242fa2eb9fbaf22431d1dc3c65f68f8b23cf4b21263c488e728d3d1
03-01-03-02-02-02-02,data/raw/Actor_02/03-01-03-02-02-02-02.wav,2,happy,3,2,2,2,48000,1,185785,3.87052083333333,75b8425081dfc5ac8f263096219cf4f67bf493cc4dd07530aae3b1618c571bd3,3,train,results/prepared_audio/03-01-03-02-02-02-02.wav,c5216bc831a261fea6984925452315e83ba0c62833d6a8d0ce89cf3f2667c2fa
03-01-03-02-02-02-03,data/raw/Actor_03/03-01-03-02-02-02-03.wav,3,happy,3,2,2,2,48000,1,184184,3.83716666666667,134ef20f808ca3cdd011dea89bddff5cfc3ebb6cfd446e080f4399b654b9b0fb,5,train,results/prepared_audio/03-01-03-02-02-02-03.wav,25d489ad9db3dc2b885445a00a9b97542671bb3eb6f61e773d21c78d8b388672
03-01-03-02-02-02-04,data/raw/Actor_04/03-01-03-02-02-02-04.wav,4,happy,3,2,2,2,48000,1,180980,3.77041666666667,fe90dc6b792f8e507eb235076dda166ca38a01849d0baa16c67203fd00b9dda5,3,train,results/prepared_audio/03-01-03-02-02-02-04.wav,0b9816be2c8eb2b364652fcb052571aad977c804b9996df2c5e0b552fb1b068a
03-01-03-02-02-02-05,data/raw/Actor_05/03-01-03-02-02-02-05.wav,5,happy,3,2,2,2,48000,1,163363,3.40339583333333,154c315e31eba438ede423a9f23ab065ad936b6c307bd24b4cfde4475380748e,2,train,results/prepared_audio/03-01-03-02-02-02-05.wav,787957fb7cd4a6c0ad36da8817813672528c0ae0c034d8bb2190a75964d0b6d7
03-01-03-02-02-02-06,data/raw/Actor_06/03-01-03-02-02-02-06.wav,6,happy,3,2,2,2,48000,1,172972,3.60358333333333,ad7cd50cc368b9f2e26e57c3ad822fd79dbda155697cf3544831d5daa42ab1b4,6,train,results/prepared_audio/03-01-03-02-02-02-06.wav,db9c17b68569ff373c4d64745ae47f65b2cf320822e6cb6ac903073a4d4aa50b
03-01-03-02-02-02-07,data/raw/Actor_07/03-01-03-02-02-02-07.wav,7,happy,3,2,2,2,48000,1,184184,3.83716666666667,c2a4a6ca4556dc83d3f36221ee3e469c10dbb5deca54491f759a80a1fb46759f,2,train,results/prepared_audio/03-01-03-02-02-02-07.wav,53a7c02b1d96b3de40ae35c34decb4058126fbfcf74faf529c43d46c1347f8c5
03-01-03-02-02-02-08,data/raw/Actor_08/03-01-03-02-02-02-08.wav,8,happy,3,2,2,2,48000,1,188989,3.93727083333333,fdd8ec794e33d24d43a825c6b1fd3d02db49a217d243585ed14d429b34c9817f,5,train,results/prepared_audio/03-01-03-02-02-02-08.wav,394756f4cb41622405358eeb9934c89214176205a96b9157ebac6be16899b646
03-01-03-02-02-02-09,data/raw/Actor_09/03-01-03-02-02-02-09.wav,9,happy,3,2,2,2,48000,1,171371,3.57022916666667,f921944fc8558b49c9d9402037a8dac7d3a838fa43f435f7bc762f222f6b79b6,5,test,results/prepared_audio/03-01-03-02-02-02-09.wav,6312cfb91341468e577bf0d274d58fd0ebecf02dc6965bc5c4ead4adf9c58742
03-01-03-02-02-02-10,data/raw/Actor_10/03-01-03-02-02-02-10.wav,10,happy,3,2,2,2,48000,1,190591,3.97064583333333,557e78616caf7c1329d1b9ec6095dcdc48253518acb9af87691fb2ec14de4d15,6,train,results/prepared_audio/03-01-03-02-02-02-10.wav,63a139191a40de4570725a696ca5930213b840fff6894aca329cc905bf03b3d7
03-01-03-02-02-02-11,data/raw/Actor_11/03-01-03-02-02-02-11.wav,11,happy,3,2,2,2,48000,1,168168,3.5035,86625a2ecb4b5b0e9fef47dfd9114f0c95f6c7133104d7d4d4251c7deed48db1,4,test,results/prepared_audio/03-01-03-02-02-02-11.wav,1d2cd18a19003407a42900411070ca6fa296e9daa9e6ba3922cc61a6f2e6e18f
03-01-03-02-02-02-12,data/raw/Actor_12/03-01-03-02-02-02-12.wav,12,happy,3,2,2,2,48000,1,190590,3.970625,8efb58887ae23706fab6ee5a22fd80aa5f06ea1d6b86dc0fd81760f09a011c53,3,train,results/prepared_audio/03-01-03-02-02-02-12.wav,7780da402aa3b375e55343762ac6eb55cc4b85b749baa32287aeb06e0e6b26ad
03-01-03-02-02-02-13,data/raw/Actor_13/03-01-03-02-02-02-13.wav,13,happy,3,2,2,2,48000,1,160160,3.33666666666667,71a940182211e11e6c868e9749e012ee0b43dde36cdef617e6e61003ebb87cdf,1,train,results/prepared_audio/03-01-03-02-02-02-13.wav,d5dafa2944880e2f9153c3e6d897004023fb7b0e2858441ccbec99312ae28203
03-01-03-02-02-02-14,data/raw/Actor_14/03-01-03-02-02-02-14.wav,14,happy,3,2,2,2,48000,1,179379,3.7370625,0026f37a5f21e06226fb067af598951e288a42de826f3890892a990c281f848f,4,test,results/prepared_audio/03-01-03-02-02-02-14.wav,8fb3f26f916b7623acf2caa4bfdb71bd8fe74c9a66c8811e855a43be3c47c49c
03-01-03-02-02-02-15,data/raw/Actor_15/03-01-03-02-02-02-15.wav,15,happy,3,2,2,2,48000,1,161762,3.37004166666667,1b83f5a16aa062fef265dc47370dbbfc8ac069d2d032a2b656cd1c25197ee560,5,train,results/prepared_audio/03-01-03-02-02-02-15.wav,39bb50747c74228b8066aa6c3d96568dea66c17e9153c205678a29488ebf62e6
03-01-03-02-02-02-16,data/raw/Actor_16/03-01-03-02-02-02-16.wav,16,happy,3,2,2,2,48000,1,182583,3.8038125,f1e55db3f1f5d21c6f9e659515114fe23379eca7363a3d7a6bfa2abf135fa6b5,2,train,results/prepared_audio/03-01-03-02-02-02-16.wav,18fcdc192ecb7510010108bd1fef374ba045a693993ae274cadced9dff565303
03-01-03-02-02-02-17,data/raw/Actor_17/03-01-03-02-02-02-17.wav,17,happy,3,2,2,2,48000,1,182582,3.80379166666667,3d22d00fd53824cb3338c59a8fb7f564475467fe3332fae68bfffeb57659145b,3,train,results/prepared_audio/03-01-03-02-02-02-17.wav,3610bd9d92b81b9fef9d5ce29e0ed860ca8569a674107b2c306953adcc1f1cee
03-01-03-02-02-02-18,data/raw/Actor_18/03-01-03-02-02-02-18.wav,18,happy,3,2,2,2,48000,1,184184,3.83716666666667,ca90b21e68855131705ed0bc3f3dfd36908ba48e1da2e54b607afc8bfec3a8fd,4,train,results/prepared_audio/03-01-03-02-02-02-18.wav,93451183cb4107f88949c2493d33f8cfccab791aa643fdde173a3e0f430e506a
03-01-03-02-02-02-19,data/raw/Actor_19/03-01-03-02-02-02-19.wav,19,happy,3,2,2,2,48000,1,192192,4.004,fd919117099ecddb1b9ad75b65787f6a7d9c3ff1b0c1ac765cef4ff42578e0a2,6,train,results/prepared_audio/03-01-03-02-02-02-19.wav,0a263aa92239e81ab9c09c3f7329d5dcf1f246e318cd9e2f6a7595e06c729122
03-01-03-02-02-02-20,data/raw/Actor_20/03-01-03-02-02-02-20.wav,20,happy,3,2,2,2,48000,1,177778,3.70370833333333,63014a9898579422fc0c32197eaf9c5fed576a620c85335201b082aa1aa66f95,6,train,results/prepared_audio/03-01-03-02-02-02-20.wav,b3d00c4a5937f8b5c51af440ec26c1a588a70ea83a23aaba034c84c8fcff33df
03-01-03-02-02-02-21,data/raw/Actor_21/03-01-03-02-02-02-21.wav,21,happy,3,2,2,2,48000,1,182582,3.80379166666667,687f8f9b31333489457ac2a3a71b4cd0034a2c810f58b5b7bca27f79a594541e,2,train,results/prepared_audio/03-01-03-02-02-02-21.wav,6347d95594ce7bf500bb07d1c0770217c70c984da866c5aaa44ec342384d7db4
03-01-03-02-02-02-22,data/raw/Actor_22/03-01-03-02-02-02-22.wav,22,happy,3,2,2,2,48000,1,188989,3.93727083333333,0f0c4fcc37d63c907b93559a8113ae02f3341c23ef0b8dc3fa60084cd76f3582,4,train,results/prepared_audio/03-01-03-02-02-02-22.wav,ff71f251b2284b57c0ce75d14cf07f5e6e6132552e3f28085e31154d5d70885b
03-01-03-02-02-02-23,data/raw/Actor_23/03-01-03-02-02-02-23.wav,23,happy,3,2,2,2,48000,1,155355,3.2365625,be41fe2d273c54e460351ab61e772900e710a7ede30fc9b4613440363953a346,1,test,results/prepared_audio/03-01-03-02-02-02-23.wav,7d5c6f147abb7ca59fccb061aa72fa77437d6a1eaa8e33aaad607d426969d6f6
03-01-03-02-02-02-24,data/raw/Actor_24/03-01-03-02-02-02-24.wav,24,happy,3,2,2,2,48000,1,185786,3.87054166666667,570dc759db0c521752fb7436bb0a34838b3f468a3264d61699f868566632dd3f,1,train,results/prepared_audio/03-01-03-02-02-02-24.wav,6d201dc9ecce1c9b7be0209c4e4720f98221f3180c5241a35e00a9dbe373bf9f
03-01-04-01-01-01-01,data/raw/Actor_01/03-01-04-01-01-01-01.wav,1,sad,4,1,1,1,48000,1,184184,3.83716666666667,217c63ffd1b13eaa258c827c56acfcde592bed80c4809e158c755c284de2511a,1,train,results/prepared_audio/03-01-04-01-01-01-01.wav,405cbe203974fbbb13cc4449118cec00fd249db61ed455be54229409eedb49d6
03-01-04-01-01-01-02,data/raw/Actor_02/03-01-04-01-01-01-02.wav,2,sad,4,1,1,1,48000,1,184184,3.83716666666667,1dd1dea9b9f6522b2ada29cb60a35f55c6ce99fef1afb6e6fc48959d0de2c102,3,train,results/prepared_audio/03-01-04-01-01-01-02.wav,19cf0e7de19dba0259f5a2bf132ddd01d132d9608b0d6ac73b7a6c5a3b18b6b5
03-01-04-01-01-01-03,data/raw/Actor_03/03-01-04-01-01-01-03.wav,3,sad,4,1,1,1,48000,1,172973,3.60360416666667,36c9db23dc891df8a4eae9ecb9d9553a284e6e9b1c05db26ec4c56ad5a2096c8,5,train,results/prepared_audio/03-01-04-01-01-01-03.wav,5cc27eede0b56a73295a207670905df73f77cb657c7ec5da06f2cc69f3aee0af
03-01-04-01-01-01-04,data/raw/Actor_04/03-01-04-01-01-01-04.wav,4,sad,4,1,1,1,48000,1,161762,3.37004166666667,8b6e0f419a113c05de859e17fcfb1af607991e99479d340ce38f4a713888b1c9,3,train,results/prepared_audio/03-01-04-01-01-01-04.wav,c86c00aa2bae440f6b6d0754aa7ec5c26fa5be23125d4f989247f3e5fa8d59a9
03-01-04-01-01-01-05,data/raw/Actor_05/03-01-04-01-01-01-05.wav,5,sad,4,1,1,1,48000,1,156957,3.2699375,7377f1402368664dec385427043c38a32a076d945f5df1b1c2f1f9e15e15e5a1,2,train,results/prepared_audio/03-01-04-01-01-01-05.wav,aa52481cb9977329f1dee4677fbb5b0ba89e27b17ae7f9bfdaefcc9044933079
03-01-04-01-01-01-06,data/raw/Actor_06/03-01-04-01-01-01-06.wav,6,sad,4,1,1,1,48000,1,171371,3.57022916666667,a1f54dfbeba22f5a7b22373a8470de851094d15582bb21392894be0a36badd6f,6,train,results/prepared_audio/03-01-04-01-01-01-06.wav,ea050f001489785a33ff6e2be32a52b81570c6d2f465588f0bdf9745aff18bb8
03-01-04-01-01-01-07,data/raw/Actor_07/03-01-04-01-01-01-07.wav,7,sad,4,1,1,1,48000,1,169770,3.536875,bfaecf085338c9c0a92b25c9b8cf00ce1c60d033e51a41e8a586378e34faa408,2,train,results/prepared_audio/03-01-04-01-01-01-07.wav,029b2dcbf084d8063bdd8a065583a716476a935447cd2ecb6c35c2b60f8615c0
03-01-04-01-01-01-08,data/raw/Actor_08/03-01-04-01-01-01-08.wav,8,sad,4,1,1,1,48000,1,201802,4.20420833333333,31080846da414245b35e793fc78f1ef7e8a1f13d01b0ff5e7c7b48b40270f587,5,train,results/prepared_audio/03-01-04-01-01-01-08.wav,1bf725db28491761189a9727d487c6610b0fe6f064be3b7b5a7f907e065f5820
03-01-04-01-01-01-09,data/raw/Actor_09/03-01-04-01-01-01-09.wav,9,sad,4,1,1,1,48000,1,156957,3.2699375,bef9512a920c06d6166d894e0ce14f11af23eb5c093f691b754a5035452ee172,5,train,results/prepared_audio/03-01-04-01-01-01-09.wav,c55af181d25502476459c32f111375e3041860fa3a2aed9f72cadb76f091b3ae
03-01-04-01-01-01-10,data/raw/Actor_10/03-01-04-01-01-01-10.wav,10,sad,4,1,1,1,48000,1,158558,3.30329166666667,a602a6bfc808591266c478fa10da006adf65738ef11c71338a90f8ee71b56d66,6,test,results/prepared_audio/03-01-04-01-01-01-10.wav,db0ef9e867aa7fc28fed1ace49dc51e4acf3a3c75c081bb81ccc35b4a4990d05
03-01-04-01-01-01-11,data/raw/Actor_11/03-01-04-01-01-01-11.wav,11,sad,4,1,1,1,48000,1,160160,3.33666666666667,7f43323b686d299f43f70db330a5eabe03ea6f77b7ed14d31770e202b60f209c,4,train,results/prepared_audio/03-01-04-01-01-01-11.wav,506e4c81e8694ff554d68e1effb0a76995a2866e38f295fdc07e088226dd2782
03-01-04-01-01-01-12,data/raw/Actor_12/03-01-04-01-01-01-12.wav,12,sad,4,1,1,1,48000,1,176176,3.67033333333333,96843c24763fb78909828bd1d6c99464ab835902071365ce75de9443216e0177,3,train,results/prepared_audio/03-01-04-01-01-01-12.wav,11c7b609841589766100d3498b1e417581dcf24f6320712cf0fa5ab76e5b4524
03-01-04-01-01-01-13,data/raw/Actor_13/03-01-04-01-01-01-13.wav,13,sad,4,1,1,1,48000,1,171371,3.57022916666667,e38e2b5956ea85f12cfd6e9035dd2982e32f5194caf605578ad6d52b2ab9bc1a,1,train,results/prepared_audio/03-01-04-01-01-01-13.wav,d4bb40b70b13fe08bdf43a735a1f6a0b8389a7a66f432127d06679e7b2e37f35
03-01-04-01-01-01-14,data/raw/Actor_14/03-01-04-01-01-01-14.wav,14,sad,4,1,1,1,48000,1,179379,3.7370625,248440b303b83e945ccc798ebcc6a7485aec8e2914cea1b4719dcf764841d3e6,4,train,results/prepared_audio/03-01-04-01-01-01-14.wav,c59a476f852df5bf2273281874640b5feac940fdb4a9728f73bc9352ccf69099
03-01-04-01-01-01-15,data/raw/Actor_15/03-01-04-01-01-01-15.wav,15,sad,4,1,1,1,48000,1,168168,3.5035,bbabdf2d4bb0d75322fbe24b8395dffbd9f1b59cd87badd755b62749f1b222f2,5,train,results/prepared_audio/03-01-04-01-01-01-15.wav,324ae6c8f0f54b20d1e1e66e93eb1586f8da2f5af953253a36392e231ab4ca26
03-01-04-01-01-01-16,data/raw/Actor_16/03-01-04-01-01-01-16.wav,16,sad,4,1,1,1,48000,1,171371,3.57022916666667,559c3f1cd08af5a819246d08881ae759a59c535d0edac97bb17f3e3607c630aa,2,test,results/prepared_audio/03-01-04-01-01-01-16.wav,d3a0adb2bca8161bd93d7fd1abd795accdcf884d1ad900bebd91d5cacc9d8294
03-01-04-01-01-01-17,data/raw/Actor_17/03-01-04-01-01-01-17.wav,17,sad,4,1,1,1,48000,1,176176,3.67033333333333,d7e521d72e834c7c03c720bbef21ca13893f3b3972ccc9d6ee6daae24dc85f7d,3,train,results/prepared_audio/03-01-04-01-01-01-17.wav,6da60b4e29b7d36fe1bb0f41d5f12055fb7ccacd78e6d069a5d8530d0ae47d7e
03-01-04-01-01-01-18,data/raw/Actor_18/03-01-04-01-01-01-18.wav,18,sad,4,1,1,1,48000,1,171371,3.57022916666667,6e41d2cac30c7433b86e07784c562cb3340339f2108a99c89c2eb32f55d76773,4,test,results/prepared_audio/03-01-04-01-01-01-18.wav,f72eae69d49441529fafe5f5617f7409f0cd4e8834e9beed4e52b2cfffc0e1f3
03-01-04-01-01-01-19,data/raw/Actor_19/03-01-04-01-01-01-19.wav,19,sad,4,1,1,1,48000,1,164965,3.43677083333333,153bf3788b3f3fcf3d3c1dbe58250a99a4d9519b4793f537778fefbd9a5c40f0,6,train,results/prepared_audio/03-01-04-01-01-01-19.wav,fd6c197c107a34039e2dedb535a7564be58c44f17f9b07c20447db5edcce3c5d
03-01-04-01-01-01-20,data/raw/Actor_20/03-01-04-01-01-01-20.wav,20,sad,4,1,1,1,48000,1,172972,3.60358333333333,a312435b813a844b2eeb4ecf28bc523cf776eb125a7752f9ffc9c5549e97a4bc,6,train,results/prepared_audio/03-01-04-01-01-01-20.wav,439923a8c2b2a9e0da906cf4dcb72c13346db1c8c1cd9b90f1b69b1871c47b48
03-01-04-01-01-01-21,data/raw/Actor_21/03-01-04-01-01-01-21.wav,21,sad,4,1,1,1,48000,1,206606,4.30429166666667,e87b07d44c4b421ee488bcb895946cbdc396ef0279427b52f96d846b8ce16d42,2,test,results/prepared_audio/03-01-04-01-01-01-21.wav,657987828c6972589288e2bd3e9bf6832d48b8b6b3e5ec94f406aba62d825f69
03-01-04-01-01-01-22,data/raw/Actor_22/03-01-04-01-01-01-22.wav,22,sad,4,1,1,1,48000,1,172973,3.60360416666667,8772107539aa3b56730a27290230c48ff5660b2f4931dc7e502c43c7bdc209de,4,train,results/prepared_audio/03-01-04-01-01-01-22.wav,8e160325e2217a934000e3935dc51bfdd445acee8f151651cf3c63ecf8a9d11b
03-01-04-01-01-01-23,data/raw/Actor_23/03-01-04-01-01-01-23.wav,23,sad,4,1,1,1,48000,1,172973,3.60360416666667,337dcd6840a457100ccaf9708c2305946bb96b8434629c3f00d3c2d8ffc73f54,1,train,results/prepared_audio/03-01-04-01-01-01-23.wav,b3780b5b6c42594323e9e3049a5393c0bd9c59820a1bdfe0a425d34c83fb6b86
03-01-04-01-01-01-24,data/raw/Actor_24/03-01-04-01-01-01-24.wav,24,sad,4,1,1,1,48000,1,196997,4.10410416666667,3bcff9e3f1bf06762e28d5e630a589f56febedeb838325912728bf38416fc8f9,1,train,results/prepared_audio/03-01-04-01-01-01-24.wav,143f29f21df22dbfa32b0e8e665c74b69320896d05bcd729497cf37ca081d781
03-01-04-01-01-02-01,data/raw/Actor_01/03-01-04-01-01-02-01.wav,1,sad,4,1,1,2,48000,1,171371,3.57022916666667,9c6bde015cb897b5ef6e37e8e5895a84635a6662ca515e762e9715b04a4d4cdc,1,train,results/prepared_audio/03-01-04-01-01-02-01.wav,95569bf7a8ae068253daf2beea57e43accc1b955ac0861140ae5a44a88eca261
03-01-04-01-01-02-02,data/raw/Actor_02/03-01-04-01-01-02-02.wav,2,sad,4,1,1,2,48000,1,180981,3.7704375,da78102797dd0b1501d03ad4c6b3b0ea8054e3952d5918a9aaeecb41fd7589f5,3,train,results/prepared_audio/03-01-04-01-01-02-02.wav,325b08c4aa6c308a6fc270a4d0e3181569c72d097de29d54faa943723acf40b5
03-01-04-01-01-02-03,data/raw/Actor_03/03-01-04-01-01-02-03.wav,3,sad,4,1,1,2,48000,1,171371,3.57022916666667,920a39b9b5e7cc5be20a80120dbc5971dca76d3d1b40ef2227b3be2ad844e8c0,5,test,results/prepared_audio/03-01-04-01-01-02-03.wav,da5f02b0d3a96cb939f639baf3b3c81ddcc359ea3f6b9be1de29a6529ee082bc
03-01-04-01-01-02-04,data/raw/Actor_04/03-01-04-01-01-02-04.wav,4,sad,4,1,1,2,48000,1,163363,3.40339583333333,b9fa9f7cd4d3818c4ea88a657a0bcf6608e555f204caf59c560de07ea14faeb9,3,train,results/prepared_audio/03-01-04-01-01-02-04.wav,8fa88154c7e33d1cd6550957012f283be062ce62dd1399a90b208ba83b031668
03-01-04-01-01-02-05,data/raw/Actor_05/03-01-04-01-01-02-05.wav,5,sad,4,1,1,2,48000,1,174574,3.63695833333333,a3b30ffdb171a75a4c4ae921ab880175f5004c37c30e239141fbf2c7103f0b6d,2,test,results/prepared_audio/03-01-04-01-01-02-05.wav,3ce1e28ebbebc41084d87ea83cfd2e9d8118275badda16be1ad667881e003d45
03-01-04-01-01-02-06,data/raw/Actor_06/03-01-04-01-01-02-06.wav,6,sad,4,1,1,2,48000,1,172973,3.60360416666667,6ad745c5b36b0c4cbcb8d4b3819f16e3742dc34240ad6a6e555210371f0fe329,6,train,results/prepared_audio/03-01-04-01-01-02-06.wav,38efa3aaffe84c0741361445b5bea3b2eb31e62bfcdbc3be309418f08a88b428
03-01-04-01-01-02-07,data/raw/Actor_07/03-01-04-01-01-02-07.wav,7,sad,4,1,1,2,48000,1,172972,3.60358333333333,8ad8fc398334f54bfb056e9a3154577c4f54e491f26fed377fb4b50e3479e860,2,train,results/prepared_audio/03-01-04-01-01-02-07.wav,44358f361628722b3e6cf3e13f51eae088eb1486367d4c8ee124f4ba6c2580f4
03-01-04-01-01-02-08,data/raw/Actor_08/03-01-04-01-01-02-08.wav,8,sad,4,1,1,2,48000,1,185785,3.87052083333333,833407f4ba3920bf7b23005329e72b57253ee549b3607539cdf8b2d21c65d792,5,test,results/prepared_audio/03-01-04-01-01-02-08.wav,ac639ddc104c095a7b49e33ed5eb531e42d187bfa112e7148b88db5db340cafb
03-01-04-01-01-02-09,data/raw/Actor_09/03-01-04-01-01-02-09.wav,9,sad,4,1,1,2,48000,1,164964,3.43675,52ab73c03cd7ca9ccd3654efb08d979870668a61f343c09589f96218e10ac12f,5,train,results/prepared_audio/03-01-04-01-01-02-09.wav,4fce0ac90d4be7c2f8a1162183ebe734d40231a6ef3a52135ac5b392470638b8
03-01-04-01-01-02-10,data/raw/Actor_10/03-01-04-01-01-02-10.wav,10,sad,4,1,1,2,48000,1,166566,3.470125,478775b0e043ac2c5ab86a37f37acdf92cdf2087f5015132be7dc1fa40636f7d,6,train,results/prepared_audio/03-01-04-01-01-02-10.wav,c40e1d14c2a0ba95638243bf736313aa46082c020ac77bbeb7bd73f382083ea2
03-01-04-01-01-02-11,data/raw/Actor_11/03-01-04-01-01-02-11.wav,11,sad,4,1,1,2,48000,1,172973,3.60360416666667,c08da1d961ae78d1b59a8f676954121afbb1bff0bbdae29236bcd316c6c3ffdf,4,train,results/prepared_audio/03-01-04-01-01-02-11.wav,aa6f669fb48a6b21c01d7e0ac1bb5b385b71d2e250d10157c3c05d54c10bf9e8
03-01-04-01-01-02-12,data/raw/Actor_12/03-01-04-01-01-02-12.wav,12,sad,4,1,1,2,48000,1,172972,3.60358333333333,6815cd28d67fa8a9da0c889184fe9bdba7ce0ebdd8fa93c38de6acba4c2fbaa4,3,train,results/prepared_audio/03-01-04-01-01-02-12.wav,ab2b0b3b41705dbdeb62a35d01d9a5c4155dc87d7572864b876bd413ff843216
03-01-04-01-01-02-13,data/raw/Actor_13/03-01-04-01-01-02-13.wav,13,sad,4,1,1,2,48000,1,169769,3.53685416666667,3e7072dbbd86b607615652ec6abd84e3e5ee738b09717d6eae02992788bdb26d,1,test,results/prepared_audio/03-01-04-01-01-02-13.wav,eb66c6b90c6ec57e4e438d34671c641b7db185e82e2077b501515daea8e77d11
03-01-04-01-01-02-14,data/raw/Actor_14/03-01-04-01-01-02-14.wav,14,sad,4,1,1,2,48000,1,172973,3.60360416666667,c37442655fc39c97685419295227153268f05864f197a96bccb58f24f23483e6,4,train,results/prepared_audio/03-01-04-01-01-02-14.wav,26b6a7936893a0b1a0a87ca5f136179e5ad87baee753659161706264594c4828
03-01-04-01-01-02-15,data/raw/Actor_15/03-01-04-01-01-02-15.wav,15,sad,4,1,1,2,48000,1,158558,3.30329166666667,1a0668b8d92cfe78fb4d270f86524d8ece12d107b0b549d930622122d7d9a294,5,test,results/prepared_audio/03-01-04-01-01-02-15.wav,24c3460a86b1098eb1d46ff2388b367db26442e642cf25c99aef12ea9260a4de
03-01-04-01-01-02-16,data/raw/Actor_16/03-01-04-01-01-02-16.wav,16,sad,4,1,1,2,48000,1,174574,3.63695833333333,2014cbb1113b85f9bdb33a11c7d812e16f5b99966c1e58667aec2df00d77b1a3,2,train,results/prepared_audio/03-01-04-01-01-02-16.wav,875b1b0712909b67e822c0d03e65368f14b531f7509fbad4072198a6a3943187
03-01-04-01-01-02-17,data/raw/Actor_17/03-01-04-01-01-02-17.wav,17,sad,4,1,1,2,48000,1,168168,3.5035,08d7ab40b81b789be5f666741079faa0e1c8d43d5b95013aaec3d4dd2e681549,3,test,results/prepared_audio/03-01-04-01-01-02-17.wav,563f6f07b70bbdbdf6efedf82a5cf371fea410683b9f316d53c718c640c7ff36
03-01-04-01-01-02-18,data/raw/Actor_18/03-01-04-01-01-02-18.wav,18,sad,4,1,1,2,48000,1,174574,3.63695833333333,311eeeefd449f6e6fef1f6dd24099ec1308f53bad021401d23a73f7daaa48553,4,train,results/prepared_audio/03-01-04-01-01-02-18.wav,5ec043475ab5a6c3bf06913bbb454829f15ab9c0809cef7eb2fab613fa184b52
03-01-04-01-01-02-19,data/raw/Actor_19/03-01-04-01-01-02-19.wav,19,sad,4,1,1,2,48000,1,176176,3.67033333333333,7f49fadebc087659e66ce609c049ecf1cb23bffbfbe1ef5959cde3ad7c993a7c,6,train,results/prepared_audio/03-01-04-01-01-02-19.wav,656ecb01023fce1a7abfbe232f145d0308843f59bfaec0f5ba110428b2c24e25
03-01-04-01-01-02-20,data/raw/Actor_20/03-01-04-01-01-02-20.wav,20,sad,4,1,1,2,48000,1,168168,3.5035,062286670590b77290854063e033b24a6c727b99446563dae369fd1133022817,6,test,results/prepared_audio/03-01-04-01-01-02-20.wav,ab5359cef7ea8e37ede0e6fe7534ded2c86b4acb65a8057428844464d731f17e
03-01-04-01-01-02-21,data/raw/Actor_21/03-01-04-01-01-02-21.wav,21,sad,4,1,1,2,48000,1,221021,4.60460416666667,9947b1ace05b4d74c6c42c63bf4a2a15fa5ca8479a7eafe08d182b82b0936037,2,train,results/prepared_audio/03-01-04-01-01-02-21.wav,4fe8e877c49d1cc3b8e067058351417798f1daca3c9cd9041a18b3df5d144464
03-01-04-01-01-02-22,data/raw/Actor_22/03-01-04-01-01-02-22.wav,22,sad,4,1,1,2,48000,1,177778,3.70370833333333,38772956cff2286c309171264cce34ba5b1a3d540b4718df7f064905ebb56239,4,train,results/prepared_audio/03-01-04-01-01-02-22.wav,8c04e7b2dfc10afdd06f0687e85e3a99c8466e7a5989083978fc6b6e2e8e1640
03-01-04-01-01-02-23,data/raw/Actor_23/03-01-04-01-01-02-23.wav,23,sad,4,1,1,2,48000,1,185786,3.87054166666667,bd073b0bd7add76136084c9d8d2d1bbf5bb391e108e667436ca359275be6bb1e,1,train,results/prepared_audio/03-01-04-01-01-02-23.wav,1c057fc14aaa07ba6dcca9be6fbd1093320c0d48037975d9941a8d79da0a8dfd
03-01-04-01-01-02-24,data/raw/Actor_24/03-01-04-01-01-02-24.wav,24,sad,4,1,1,2,48000,1,190590,3.970625,850c3a9677e63793a4455d7dadc6b87a9cfc539b360221f8626295575bee2a71,1,train,results/prepared_audio/03-01-04-01-01-02-24.wav,d93cf405c04991ed9aa4f1c04da53e787fca856bb870b782e3a2cc0e9ef9343c
03-01-04-01-02-01-01,data/raw/Actor_01/03-01-04-01-02-01-01.wav,1,sad,4,1,2,1,48000,1,168168,3.5035,ee8d71ab08e246729098d4277f2d6643287c2cfa9b8a09606a6761a58875fa8f,1,train,results/prepared_audio/03-01-04-01-02-01-01.wav,6059cece9bec4b5b6e615432bd17392cbbab0182b057af95791d1f4be7839953
03-01-04-01-02-01-02,data/raw/Actor_02/03-01-04-01-02-01-02.wav,2,sad,4,1,2,1,48000,1,179379,3.7370625,05d80c8e8ffe4e53d9440a80be21a81df3f8bb26e80f5006e2e37d5acc100332,3,test,results/prepared_audio/03-01-04-01-02-01-02.wav,46af42209da04562b0c5355fae3c2b7b9f96579184f411d4b9dd262bcd59e574
03-01-04-01-02-01-03,data/raw/Actor_03/03-01-04-01-02-01-03.wav,3,sad,4,1,2,1,48000,1,171371,3.57022916666667,7c7b5bf72e22adf24c7ecc6b7047033a1218fc4bd58b94ef63aaa46c0d3fa804,5,train,results/prepared_audio/03-01-04-01-02-01-03.wav,eb2549cd6cbf0acdcc9f6381b8c22dd53621e4462ad30adcb4afa25c5a3d6a63
03-01-04-01-02-01-04,data/raw/Actor_04/03-01-04-01-02-01-04.wav,4,sad,4,1,2,1,48000,1,164965,3.43677083333333,9c3986476124f7de51fc9ea23c76efca2ff21da8c6babf6a6d825ca94e2e7bd4,3,test,results/prepared_audio/03-01-04-01-02-01-04.wav,8f5d29740bc5d90280171f49b3d893c692bda61f5a017c83ac9335540adf2688
03-01-04-01-02-01-05,data/raw/Actor_05/03-01-04-01-02-01-05.wav,5,sad,4,1,2,1,48000,1,148949,3.10310416666667,432a43e7569a61a7b304cd413e432676dc2c0a4102ca782c918756cb609fcaa1,2,train,results/prepared_audio/03-01-04-01-02-01-05.wav,407f478df0a07d4d2b2b6c9fff20b969391ca820b42a44d40169455d19342aab
03-01-04-01-02-01-06,data/raw/Actor_06/03-01-04-01-02-01-06.wav,6,sad,4,1,2,1,48000,1,166567,3.47014583333333,27d13b234b1f3779ab4d0a4996a1aa57b4f4cc739643247c2ce1e722e52d7e06,6,train,results/prepared_audio/03-01-04-01-02-01-06.wav,25d7cf14a4ddb9f1d67702cd3927426c7084cc727d4969f76fbab01b26d962db
03-01-04-01-02-01-07,data/raw/Actor_07/03-01-04-01-02-01-07.wav,7,sad,4,1,2,1,48000,1,169770,3.536875,64bbac8f959a5f93fcd3d5db71065a019ad50c7f9f9367e3de9cb16ae2c5b889,2,test,results/prepared_audio/03-01-04-01-02-01-07.wav,512f482dac1c94a0ff8594bbc6bb734ec43ce1fc5d72eea223555b989bca1cff
03-01-04-01-02-01-08,data/raw/Actor_08/03-01-04-01-02-01-08.wav,8,sad,4,1,2,1,48000,1,171372,3.57025,06b32eb45667bad23ef5aacc5b6b90567d1b862f5e3d40c685827d1eea7a460c,5,train,results/prepared_audio/03-01-04-01-02-01-08.wav,0d7a5a6d111a7e4f598467fc2d05f558749aa72460b7ce3e44d4a7867ca2d83a
03-01-04-01-02-01-09,data/raw/Actor_09/03-01-04-01-02-01-09.wav,9,sad,4,1,2,1,48000,1,163363,3.40339583333333,2ca9f5746076fe07279e8eb057dff7f0b23d57c18ac01d7a218f6e76e4b1f868,5,test,results/prepared_audio/03-01-04-01-02-01-09.wav,6a397463b83ccf1aee2ed02d0f826bfc948c39b078961078eb8ae06425683f61
03-01-04-01-02-01-10,data/raw/Actor_10/03-01-04-01-02-01-10.wav,10,sad,4,1,2,1,48000,1,169770,3.536875,3ca143f7e43b45e431b21fdc32beb5451606f3b3b059c4968c96ec035fad2d01,6,train,results/prepared_audio/03-01-04-01-02-01-10.wav,c57c9d8bd833919075bacf9cdb8cc8840e702f5f7e4ec1fdb9cad40d66361839
03-01-04-01-02-01-11,data/raw/Actor_11/03-01-04-01-02-01-11.wav,11,sad,4,1,2,1,48000,1,169769,3.53685416666667,f24f687b7001f156ea1f5a24ea25a47e49f1b51fa73b5e95a6e566a55e089aa7,4,train,results/prepared_audio/03-01-04-01-02-01-11.wav,bfaf07e92f97693b83b92bfa1c0530c3b44236628e50918396d5dc1b977c0ac5
03-01-04-01-02-01-12,data/raw/Actor_12/03-01-04-01-02-01-12.wav,12,sad,4,1,2,1,48000,1,176176,3.67033333333333,12cd767e90a10ac3fa940be4b18ec5b5b0ccb3ec11b644bea35a5038284202bb,3,test,results/prepared_audio/03-01-04-01-02-01-12.wav,db1d618e38e23a083f4807062f11804ebc450e9f52f85598f253cb79e3a6ae87
03-01-04-01-02-01-13,data/raw/Actor_13/03-01-04-01-02-01-13.wav,13,sad,4,1,2,1,48000,1,164965,3.43677083333333,1f99d28533ad8b40b6d1532aa000cd253584dcd18592cb0c394fbfa3e85ad08b,1,train,results/prepared_audio/03-01-04-01-02-01-13.wav,09194cdb6a7fde9b2c6bbbc90e15c7bc20efe7ccadfd2f6d8c3cb3a7ca5624c9
03-01-04-01-02-01-14,data/raw/Actor_14/03-01-04-01-02-01-14.wav,14,sad,4,1,2,1,48000,1,172973,3.60360416666667,1240db3d900702fb25e624f635f9091ec29c2efbf9044be0f9dcd08b9bfbdfdc,4,train,results/prepared_audio/03-01-04-01-02-01-14.wav,89f82dd307b1e6acefb82164c0c3f512124116255cfa1052682f1b08926bce47
03-01-04-01-02-01-15,data/raw/Actor_15/03-01-04-01-02-01-15.wav,15,sad,4,1,2,1,48000,1,158559,3.3033125,09aed5442a43ff49412088ab983a849c56ba48293d7524a63a7179c86c2c8680,5,train,results/prepared_audio/03-01-04-01-02-01-15.wav,a4ee9f4675e0b44b8496abc5aa15e9a3ad2c950bf74462e54a269fc15489356d
03-01-04-01-02-01-16,data/raw/Actor_16/03-01-04-01-02-01-16.wav,16,sad,4,1,2,1,48000,1,163364,3.40341666666667,e0150b2e3e5c27e2f8353d25d59182631a263f2b09fef2c2cf3c682e0add43de,2,train,results/prepared_audio/03-01-04-01-02-01-16.wav,6298836bf4a51e64a19304f4327dce6ce788a41f77906914a20dfe6a32de4511
03-01-04-01-02-01-17,data/raw/Actor_17/03-01-04-01-02-01-17.wav,17,sad,4,1,2,1,48000,1,171371,3.57022916666667,40e6b070942649a79b1cd9a2a8f992831823892916e79f0afe79509a84a959f7,3,train,results/prepared_audio/03-01-04-01-02-01-17.wav,74489a606cbcf78c8185493974eca9af493015d6d35799be57b31c8afb873e3d
03-01-04-01-02-01-18,data/raw/Actor_18/03-01-04-01-02-01-18.wav,18,sad,4,1,2,1,48000,1,169770,3.536875,2f71a4328eb3580bf9fff5d4eeee4743c0fe9249fe6e852c44816903c9b7edc7,4,train,results/prepared_audio/03-01-04-01-02-01-18.wav,580f2369c3a47ea87397212070e0c571ade5ac4d0996bdc900c70c19c34b4be4
03-01-04-01-02-01-19,data/raw/Actor_19/03-01-04-01-02-01-19.wav,19,sad,4,1,2,1,48000,1,152152,3.16983333333333,dc315e83fb1b18a3c24a5dc06a7863b3e913d8f9b2994895616b3f78114ec986,6,train,results/prepared_audio/03-01-04-01-02-01-19.wav,345ec7ad95f79585d75fe0c04e02aae3c13a5fbe12962e08196d507fb42b89ca
03-01-04-01-02-01-20,data/raw/Actor_20/03-01-04-01-02-01-20.wav,20,sad,4,1,2,1,48000,1,166566,3.470125,37d43c062451aa70c1dd377f58d0c7237cdb42b63599b1c18db30f2de2805012,6,train,results/prepared_audio/03-01-04-01-02-01-20.wav,bf65221e68122153d83819b62ad8bc9e1c55a1b1ffe1a5e7bb94ce53897c24a7
03-01-04-01-02-01-21,data/raw/Actor_21/03-01-04-01-02-01-21.wav,21,sad,4,1,2,1,48000,1,195396,4.07075,c384c35794cd3c4c1c5cbab206c9174f31dc4e13f8562dbc4ad44e9cfdd3b1ae,2,train,results/prepared_audio/03-01-04-01-02-01-21.wav,c537f215d56bd273362f5818120c1890caa56989d82453aaa50c84a16cfee044
03-01-04-01-02-01-22,data/raw/Actor_22/03-01-04-01-02-01-22.wav,22,sad,4,1,2,1,48000,1,176176,3.67033333333333,1b671b94ae1d869570def571aef29c891dd2d9b08eb8b9d025070a83c0cc35bf,4,train,results/prepared_audio/03-01-04-01-02-01-22.wav,e30663242d9d44c8df5d76ed54a0254ee13e433814bb24a779c2e8315689d255
03-01-04-01-02-01-23,data/raw/Actor_23/03-01-04-01-02-01-23.wav,23,sad,4,1,2,1,48000,1,171371,3.57022916666667,eaf615b26e9b6e3ccba51ee35f0b0bc1545ed3edd311354a7c7e704e2381dcdf,1,test,results/prepared_audio/03-01-04-01-02-01-23.wav,b26d44475a437ed6458e6c54ac95e366cb02b4a51b94433aa04f9c4122fd87cb
03-01-04-01-02-01-24,data/raw/Actor_24/03-01-04-01-02-01-24.wav,24,sad,4,1,2,1,48000,1,169770,3.536875,f0c0b860af7999673cf731ed9617a5788ccb80b940ddd7af9933103ef4e66938,1,train,results/prepared_audio/03-01-04-01-02-01-24.wav,1e3193a3d7b855b7bbf60379d470e18fe1c11ba71b92b2b73aa19d2adcadf4ff
03-01-04-01-02-02-01,data/raw/Actor_01/03-01-04-01-02-02-01.wav,1,sad,4,1,2,2,48000,1,161762,3.37004166666667,b93d8c5458f0e32071405d0499c33982d819637323b04e014b04d83b7dcccc04,1,train,results/prepared_audio/03-01-04-01-02-02-01.wav,9dac1f6c39958ab2bab96cf53850908af4797740bd6478d2a91b13a14de43566
03-01-04-01-02-02-02,data/raw/Actor_02/03-01-04-01-02-02-02.wav,2,sad,4,1,2,2,48000,1,180981,3.7704375,65e774df0f88c5c13bbdb5da25f8e49cbc1cee312df881ea74b0f9c812d470b7,3,train,results/prepared_audio/03-01-04-01-02-02-02.wav,ad248d1a4e66c0179296abddbb104c815f7f3a42a81834e4609f62682cd8cacf
03-01-04-01-02-02-03,data/raw/Actor_03/03-01-04-01-02-02-03.wav,3,sad,4,1,2,2,48000,1,169770,3.536875,c7ab261efdae4c0bdf8a2aec93c6eecd9766470cb8b7ebe11e8994fb9e56f69d,5,train,results/prepared_audio/03-01-04-01-02-02-03.wav,3615e0fce0db47149ca54cea579e37ca09d9708a6e3de5f8d0a0d583c2913e2c
03-01-04-01-02-02-04,data/raw/Actor_04/03-01-04-01-02-02-04.wav,4,sad,4,1,2,2,48000,1,166566,3.470125,80ea6b389658797b1b1f5667a8017280a6f47beb800847894f073ba820d080c9,3,train,results/prepared_audio/03-01-04-01-02-02-04.wav,e54725cc4fbc09c1367a51b74846a545fd771f34223a4ad8ba339b9d2283f7a4
03-01-04-01-02-02-05,data/raw/Actor_05/03-01-04-01-02-02-05.wav,5,sad,4,1,2,2,48000,1,177777,3.7036875,3962e2dee5c32de6c3ab5cb9e4e37e254d2ea6750a646fdad0a569ea48f7825f,2,train,results/prepared_audio/03-01-04-01-02-02-05.wav,3f89438aefb8e0151965135e11b49e32a29b093017ca30d22dd2d8b5bfa6b165
03-01-04-01-02-02-06,data/raw/Actor_06/03-01-04-01-02-02-06.wav,6,sad,4,1,2,2,48000,1,164965,3.43677083333333,5160650002e9df83e19f5ae715587ba14c5abd1b26e37f58dbd01ce947673047,6,train,results/prepared_audio/03-01-04-01-02-02-06.wav,29f160b80dac56da486713a6648c61641e30c517d44d790dd321bf1d96fc4cb6
03-01-04-01-02-02-07,data/raw/Actor_07/03-01-04-01-02-02-07.wav,7,sad,4,1,2,2,48000,1,185785,3.87052083333333,bd235785c73d70d68b4c38ef646438b893261196620d517cd2182702cf5686b7,2,train,results/prepared_audio/03-01-04-01-02-02-07.wav,2e5505ac47da40146bb2c7b31063f680ddfbbe7ad15f42319b4de8ab06735f15
03-01-04-01-02-02-08,data/raw/Actor_08/03-01-04-01-02-02-08.wav,8,sad,4,1,2,2,48000,1,172973,3.60360416666667,2c1d0c4397b166b54ab082b30c47003d1ffee8f4219e693ff607dfbfaddd7ec2,5,train,results/prepared_audio/03-01-04-01-02-02-08.wav,b09ca4447528fc3c4b578fca07ae3472cbc22c2529770dcb254cf509e162b2a9
03-01-04-01-02-02-09,data/raw/Actor_09/03-01-04-01-02-02-09.wav,9,sad,4,1,2,2,48000,1,163364,3.40341666666667,2fff38312c98ffe973f222336e6d915ec7661e894b03f207fc09ee1e575a5b80,5,train,results/prepared_audio/03-01-04-01-02-02-09.wav,babe48dc3b654b5a74d6411c85612c3c9b0fd55e87292cabf47f8f09d9f797cb
03-01-04-01-02-02-10,data/raw/Actor_10/03-01-04-01-02-02-10.wav,10,sad,4,1,2,2,48000,1,182582,3.80379166666667,6769cc31697c6811201e56611886cef6a280ed1c53798e46a1041b6db0adbf35,6,train,results/prepared_audio/03-01-04-01-02-02-10.wav,a966fa389d75a31d6884677243b30300db254f7395a6686b4aab81cf6b6c810e
03-01-04-01-02-02-11,data/raw/Actor_11/03-01-04-01-02-02-11.wav,11,sad,4,1,2,2,48000,1,164965,3.43677083333333,e4caf0012f35d05816050cbd1968da905cb07105489156837878eaa15ebabc9b,4,train,results/prepared_audio/03-01-04-01-02-02-11.wav,d4f80556b33bd4d9ebf64060622c5f55ba16efe477ffd2d87653b899d86522c7
03-01-04-01-02-02-12,data/raw/Actor_12/03-01-04-01-02-02-12.wav,12,sad,4,1,2,2,48000,1,171371,3.57022916666667,ce5d6bea50e5bcf51597cf0bae790ae6c70ffc3e183e76cf04e32b9ba1376ea8,3,test,results/prepared_audio/03-01-04-01-02-02-12.wav,c79296cce4740ecaa8e80e275fdfb3f175dae3bf9682a8a52fcb9fa2b5361a83
03-01-04-01-02-02-13,data/raw/Actor_13/03-01-04-01-02-02-13.wav,13,sad,4,1,2,2,48000,1,161762,3.37004166666667,fac7817ce1cd3c092e21d82733bcc9defdc944c29d8afad120050d5504fc4e00,1,train,results/prepared_audio/03-01-04-01-02-02-13.wav,0fb423abae7351fae7cf63d5fd8628e7500d1ab5cc256f04959e11ffa2f763bd
03-01-04-01-02-02-14,data/raw/Actor_14/03-01-04-01-02-02-14.wav,14,sad,4,1,2,2,48000,1,169770,3.536875,7951893de0382f857aec9fba55f238cf2a1680832b87935a5ca751386dc3c1d9,4,train,results/prepared_audio/03-01-04-01-02-02-14.wav,464ce3bae970d165d5b7de63321d4fc5b2b78de0e1395fe127d9171eb670691f
03-01-04-01-02-02-15,data/raw/Actor_15/03-01-04-01-02-02-15.wav,15,sad,4,1,2,2,48000,1,161761,3.37002083333333,6345c6ab16c1c5675de43c7dba40820fa1bf40f60aca9beaa47f5314eee69ddf,5,train,results/prepared_audio/03-01-04-01-02-02-15.wav,db49759a5959c74d87f65964a38faee783dc7d7e846ac93c2eb6c7fae222fb07
03-01-04-01-02-02-16,data/raw/Actor_16/03-01-04-01-02-02-16.wav,16,sad,4,1,2,2,48000,1,168168,3.5035,f8e6d926e8ed9ea66b9ef9b77480de77567129e8b70017f2439395def719091d,2,train,results/prepared_audio/03-01-04-01-02-02-16.wav,f2a4c8375a6ff7a11ee556a8a1abfdae9ac933ea64bafad3681f0ce31317d74f
03-01-04-01-02-02-17,data/raw/Actor_17/03-01-04-01-02-02-17.wav,17,sad,4,1,2,2,48000,1,172973,3.60360416666667,28c6eebd8a5be4db110e067a917a9e5621aee8a1669f79301b37f73293dcf220,3,test,results/prepared_audio/03-01-04-01-02-02-17.wav,5a1a26bf3f0a36577e59ca7d53414025e072c53eb234e8deb8b6839ed554a269
03-01-04-01-02-02-18,data/raw/Actor_18/03-01-04-01-02-02-18.wav,18,sad,4,1,2,2,48000,1,174574,3.63695833333333,9400e0ba81f54c013ee3b09aa9259b59819e28a27b3bfaa1b7f1966f1a4fee09,4,test,results/prepared_audio/03-01-04-01-02-02-18.wav,d938d34dce48070e075b884b9c9a28cb7e80966af636ed523166982bc5a8f815
03-01-04-01-02-02-19,data/raw/Actor_19/03-01-04-01-02-02-19.wav,19,sad,4,1,2,2,48000,1,176176,3.67033333333333,8e69c048e6126a5ba8009e5b55303dd6dcf68a77ac4ffc40118c1b080a16fb9f,6,test,results/prepared_audio/03-01-04-01-02-02-19.wav,a9e763d1e8a9bc9d1a4f2cdd8a934d18d9b18c4cac6adcacc864a24cf95db8d4
03-01-04-01-02-02-20,data/raw/Actor_20/03-01-04-01-02-02-20.wav,20,sad,4,1,2,2,48000,1,161762,3.37004166666667,819f58b2a985ce676e8d3460a71a22ba5e228269512e4126076e3362e00bcd97,6,train,results/prepared_audio/03-01-04-01-02-02-20.wav,6cde3855d6a966ec9e3188d8e5f577e8fc20a066c0e2cd5f874b8f02ba588122
03-01-04-01-02-02-21,data/raw/Actor_21/03-01-04-01-02-02-21.wav,21,sad,4,1,2,2,48000,1,201801,4.2041875,a775f7193d8ca596d17fca2d9fd0d66f46484c6d4caeab29f2c4bd495b172b58,2,train,results/prepared_audio/03-01-04-01-02-02-21.wav,fb13ebaf66968bc841fce2d85f9fcc9020b83a6c65647028d397203b703df56c
03-01-04-01-02-02-22,data/raw/Actor_22/03-01-04-01-02-02-22.wav,22,sad,4,1,2,2,48000,1,177778,3.70370833333333,894dec495da43a51498744b98bb34962d915f2be378693c81e9ecb149197c644,4,train,results/prepared_audio/03-01-04-01-02-02-22.wav,23f130ba4f942022808f25f6f4b2e30cd5b9657f26c017f62902f53ba06872b9
03-01-04-01-02-02-23,data/raw/Actor_23/03-01-04-01-02-02-23.wav,23,sad,4,1,2,2,48000,1,176176,3.67033333333333,804fc7206456db960570467f1bc4e780e604ceedcb691d69cf3ccc068d4685d6,1,test,results/prepared_audio/03-01-04-01-02-02-23.wav,dcfb2a5f7d055bf28e912d5fc635c3e76eee01d1735b7259716426341a431a64
03-01-04-01-02-02-24,data/raw/Actor_24/03-01-04-01-02-02-24.wav,24,sad,4,1,2,2,48000,1,184184,3.83716666666667,9df4abdd92ed4739b533a95b00df6c1cc6f2e31b5ce7ca51fbc1270c8ca3c311,1,test,results/prepared_audio/03-01-04-01-02-02-24.wav,c6b97c2358bf0e7036269d6b3bda130c21edf4033e355c517505f009b39559d8
03-01-04-02-01-01-01,data/raw/Actor_01/03-01-04-02-01-01-01.wav,1,sad,4,2,1,1,48000,1,182582,3.80379166666667,a617ba3cf207d2f22742a0b180c864c6311dc82b00944b7dab110b7ebf99e292,1,train,results/prepared_audio/03-01-04-02-01-01-01.wav,210bed392200df10fa1fe22b622b76e928fd3fc36b32b12584bd3dada15802a3
03-01-04-02-01-01-02,data/raw/Actor_02/03-01-04-02-01-01-02.wav,2,sad,4,2,1,1,48000,1,179380,3.73708333333333,c164e43034a28da0d81f97b6ca0df91b6d1970def189de9542af7c999af166a3,3,test,results/prepared_audio/03-01-04-02-01-01-02.wav,337dc978c0d1a461e88a327c15af4145ed1e021c4cf31581300211f4cbf036fe
03-01-04-02-01-01-03,data/raw/Actor_03/03-01-04-02-01-01-03.wav,3,sad,4,2,1,1,48000,1,180981,3.7704375,bdf16fd457fed2f6e5de374c7dac4fbd25cfd831b09edc38846f9c90d58c35c1,5,test,results/prepared_audio/03-01-04-02-01-01-03.wav,a3ad25fddf3d1f568f8ebf8c37da9e556ae4e76251123c8b4660edcf3afbe2f4
03-01-04-02-01-01-04,data/raw/Actor_04/03-01-04-02-01-01-04.wav,4,sad,4,2,1,1,48000,1,176176,3.67033333333333,8346608176061cdcced8950fda2399df15c3b024eb87540041f55999c4995f61,3,train,results/prepared_audio/03-01-04-02-01-01-04.wav,27ba274201d146fab7e19da69be8863831add7dff2dff430d195c46d124d87aa
03-01-04-02-01-01-05,data/raw/Actor_05/03-01-04-02-01-01-05.wav,5,sad,4,2,1,1,48000,1,169769,3.53685416666667,2ddadb3041219f1267f22f30af08d990ee737656617df22f0d4df26c356e00b3,2,train,results/prepared_audio/03-01-04-02-01-01-05.wav,cf164d708013b40bb4434bae73e16671885a046b459d88edaf1c42135ff57b49
03-01-04-02-01-01-06,data/raw/Actor_06/03-01-04-02-01-01-06.wav,6,sad,4,2,1,1,48000,1,201801,4.2041875,63fb57ff165f14a76b6778a6a15c89335b853ed450fe7396e764d73fcc208e89,6,test,results/prepared_audio/03-01-04-02-01-01-06.wav,f9353946c153e2eb77d48f50fdb98f16be40151226b808abc5323810e8b51b28
03-01-04-02-01-01-07,data/raw/Actor_07/03-01-04-02-01-01-07.wav,7,sad,4,2,1,1,48000,1,188988,3.93725,987fab292bdf423611644941c6392492f6f16051a498a7e8fc70c2c9f6e5886a,2,train,results/prepared_audio/03-01-04-02-01-01-07.wav,2eb7c72d719a156211ffe2980aa0aa2f1dc9343dc5fa3038fd253c13e56c6260
03-01-04-02-01-01-08,data/raw/Actor_08/03-01-04-02-01-01-08.wav,8,sad,4,2,1,1,48000,1,180980,3.77041666666667,60c7925d51e01ff9603320a811381e54de4bdee08da02edd15f4a499304f6639,5,train,results/prepared_audio/03-01-04-02-01-01-08.wav,777578600b87305f839478118b94cb5f07e26a4ecb7fb81ac7f3e90d6af9310a
03-01-04-02-01-01-09,data/raw/Actor_09/03-01-04-02-01-01-09.wav,9,sad,4,2,1,1,48000,1,188989,3.93727083333333,7dc629dd0d3c1ac6650392d10468f040e4e169259d2ca854f8bd5abfff43b01c,5,train,results/prepared_audio/03-01-04-02-01-01-09.wav,b5ed4588f78b4408320d3a56f893c2f5e41ce8ae3b77abd05216f66b806f30bb
03-01-04-02-01-01-10,data/raw/Actor_10/03-01-04-02-01-01-10.wav,10,sad,4,2,1,1,48000,1,168168,3.5035,94f9b34900e9373cf6e4e270d5b30fa2d8d0f1d14fe199de40a4c576deaf445e,6,train,results/prepared_audio/03-01-04-02-01-01-10.wav,0d30d06a0c734f1ea8e226be6557f91447b14e209885570d272174fdad5f3d84
03-01-04-02-01-01-11,data/raw/Actor_11/03-01-04-02-01-01-11.wav,11,sad,4,2,1,1,48000,1,160160,3.33666666666667,af343d03576efff87141658978faf186c479fc554581017bb109497a55b2e640,4,train,results/prepared_audio/03-01-04-02-01-01-11.wav,bf7340cc99c6322038ff36a565e51d677e766f2430a771a4be7fcf6adee290ae
03-01-04-02-01-01-12,data/raw/Actor_12/03-01-04-02-01-01-12.wav,12,sad,4,2,1,1,48000,1,185785,3.87052083333333,b9b08e00d567bc7b015fdaf2c0ddba2377fb6084af581b0d47ce46c171e1fdc3,3,train,results/prepared_audio/03-01-04-02-01-01-12.wav,e6aa99f04ac03802fd3c602990a2681ca3eb889e8b7cc0a9f28933384600cb5f
03-01-04-02-01-01-13,data/raw/Actor_13/03-01-04-02-01-01-13.wav,13,sad,4,2,1,1,48000,1,160160,3.33666666666667,8f4ea349184cfa0a1f992e3407e306b25cb4536f40370471f17f58226a86ce0e,1,train,results/prepared_audio/03-01-04-02-01-01-13.wav,12f0943205824d3ce611ca3a9ae758fec59f427ca138ad161e700c19cd9f869d
03-01-04-02-01-01-14,data/raw/Actor_14/03-01-04-02-01-01-14.wav,14,sad,4,2,1,1,48000,1,185785,3.87052083333333,5f33a327fae0eeb9fb22dde3832be0187bef25f74e5383eaa3cc54bff3bcef4d,4,test,results/prepared_audio/03-01-04-02-01-01-14.wav,017ed7df10e23a8d8561d2c5f7326d19b66d1a71d9b2c9512cf45185fb0bb6a9
03-01-04-02-01-01-15,data/raw/Actor_15/03-01-04-02-01-01-15.wav,15,sad,4,2,1,1,48000,1,156956,3.26991666666667,4843c62ca1bae58e9e3ec565c7f64120310dcbacfc4f91e3c57563debbeb3406,5,test,results/prepared_audio/03-01-04-02-01-01-15.wav,a0104a0934b12685d51a64494b292e5a5c0d760e93d420d6e0345fe48ae9eec9
03-01-04-02-01-01-16,data/raw/Actor_16/03-01-04-02-01-01-16.wav,16,sad,4,2,1,1,48000,1,179379,3.7370625,0b742fb7177a568e8485b5a6457b6c5c48a21901b84cc83b34cc1142516e8aa0,2,train,results/prepared_audio/03-01-04-02-01-01-16.wav,88933756a4a3135a2cb0f1024d705cb07db73bacfa6a2ea56058bd8da5b9ded6
03-01-04-02-01-01-17,data/raw/Actor_17/03-01-04-02-01-01-17.wav,17,sad,4,2,1,1,48000,1,176176,3.67033333333333,89d5a611786ed111b5aca5decb879756952776ca8f06c4e5ad0b875184ada49a,3,train,results/prepared_audio/03-01-04-02-01-01-17.wav,1e3048bfc63da15bf9b73a1f10572c48a74ceac2257e2a0828a9612c1fd1b0f5
03-01-04-02-01-01-18,data/raw/Actor_18/03-01-04-02-01-01-18.wav,18,sad,4,2,1,1,48000,1,182582,3.80379166666667,248a5d22589f22e9c54012da7da55b213c9ca22b2fdc8367b3515bed499de7a2,4,train,results/prepared_audio/03-01-04-02-01-01-18.wav,a7381d664a5092048ce10abfcabbbd21c8f5c21ad5f891d6faa3a7a15717c052
03-01-04-02-01-01-19,data/raw/Actor_19/03-01-04-02-01-01-19.wav,19,sad,4,2,1,1,48000,1,192192,4.004,a75e873faea7876990d74b3bfb01ce620d342a7ab8fad1a3f99a399bd43b230a,6,test,results/prepared_audio/03-01-04-02-01-01-19.wav,d4351c5b718c5946ea25832000f264a5e887b5611e49d2df9054e114e66958e3
03-01-04-02-01-01-20,data/raw/Actor_20/03-01-04-02-01-01-20.wav,20,sad,4,2,1,1,48000,1,180981,3.7704375,65ebcba7b2ffc16998af7a3624e83319a51d5bb6d8c2d36fb1d248e968f5776b,6,train,results/prepared_audio/03-01-04-02-01-01-20.wav,f9c257bf598e3fd3ec3fc0930f2e01a807f1e87b2720dcab236938a5a160a511
03-01-04-02-01-01-21,data/raw/Actor_21/03-01-04-02-01-01-21.wav,21,sad,4,2,1,1,48000,1,200200,4.17083333333333,872baf73dc7245f19b91db58fb39d9fc741d13ad3567e04ed1ca72d1597a92ac,2,train,results/prepared_audio/03-01-04-02-01-01-21.wav,e3e1a07185f97131a420d9c9c7a6b799cc110e858538909d423b37dc51b04e85
03-01-04-02-01-01-22,data/raw/Actor_22/03-01-04-02-01-01-22.wav,22,sad,4,2,1,1,48000,1,179379,3.7370625,9c91feeefce84f9d4e9bdf67d3a3fc7a3e17e4542c63cc872f4be6342220f13d,4,train,results/prepared_audio/03-01-04-02-01-01-22.wav,9cec8befb6c441fee4b2987ab2b0dcadc391ca128aef40b1ff40d5dcd39baacc
03-01-04-02-01-01-23,data/raw/Actor_23/03-01-04-02-01-01-23.wav,23,sad,4,2,1,1,48000,1,205005,4.2709375,d705eac656b6767d244325fd0485c4dc091a731ed642e7e65dd6be10d84b1d93,1,train,results/prepared_audio/03-01-04-02-01-01-23.wav,db918f98c23d324c98a4edb75a619ddb566a56a3dff8b9bd4b7334b5375f5e08
03-01-04-02-01-01-24,data/raw/Actor_24/03-01-04-02-01-01-24.wav,24,sad,4,2,1,1,48000,1,211411,4.40439583333333,86afd2009b4febc98e9c903aaabc827cb085dd67209eca2548bd498a84fcffd8,1,train,results/prepared_audio/03-01-04-02-01-01-24.wav,f234bdaf827f607986b01b3171878f374b2fd5a6caa8f36e08c4c9b40830a73c
03-01-04-02-01-02-01,data/raw/Actor_01/03-01-04-02-01-02-01.wav,1,sad,4,2,1,2,48000,1,177778,3.70370833333333,35d3232f8c00b92b71dd34bea881d245df124e4f0784f7c135781acffe824511,1,test,results/prepared_audio/03-01-04-02-01-02-01.wav,b337f2b684d2c974e631cdc34ce7282c776f8a67b6d29e4c1a9290aad6b717f9
03-01-04-02-01-02-02,data/raw/Actor_02/03-01-04-02-01-02-02.wav,2,sad,4,2,1,2,48000,1,180980,3.77041666666667,6c5e70947db7d8f5f80accf65b2e95be20031f4edcf47777991f955f4bbf6906,3,train,results/prepared_audio/03-01-04-02-01-02-02.wav,ca9c62a772335b0ac598d41ace948c63abd76b58aa369f219ec4b7387b6f30df
03-01-04-02-01-02-03,data/raw/Actor_03/03-01-04-02-01-02-03.wav,3,sad,4,2,1,2,48000,1,184184,3.83716666666667,1401afd3a74fb724d90f649421e1e8e0982d62e17b478181acf7ca8a189a8e57,5,train,results/prepared_audio/03-01-04-02-01-02-03.wav,0639641be5d11fd0bb393495c411fa9f9c83354d774c26f97f0f26dbf62588b3
03-01-04-02-01-02-04,data/raw/Actor_04/03-01-04-02-01-02-04.wav,4,sad,4,2,1,2,48000,1,180981,3.7704375,74cb64f7605e97b73c3ead94ed868450c36b5f576b380a73aad15ec273b35066,3,test,results/prepared_audio/03-01-04-02-01-02-04.wav,421d750a78a8aeb2519e33ed9ac945c1e9ef90647731123559dc903ea3598297
03-01-04-02-01-02-05,data/raw/Actor_05/03-01-04-02-01-02-05.wav,5,sad,4,2,1,2,48000,1,156957,3.2699375,8f2683dc68b42d0942732eb70ec9ccbddd9b1a45b2563f5b960c81d3670baf9c,2,train,results/prepared_audio/03-01-04-02-01-02-05.wav,a6ead74235213fcdecfaa492bce638d4fba52e6bd267ac0e69d464191e2d727d
03-01-04-02-01-02-06,data/raw/Actor_06/03-01-04-02-01-02-06.wav,6,sad,4,2,1,2,48000,1,196997,4.10410416666667,884851598944f2881902bde9f056e7324621ef2e1c4cd8e596cc5537f07e08b8,6,train,results/prepared_audio/03-01-04-02-01-02-06.wav,c7d4b45c21fef4b462a55ccf04ab7ced8041d65fa03a30cf275be3197f24e8a5
03-01-04-02-01-02-07,data/raw/Actor_07/03-01-04-02-01-02-07.wav,7,sad,4,2,1,2,48000,1,184184,3.83716666666667,e3e5048c878a462a5e05e4274c557c617ac62f0c58fa161697e603942b4032de,2,train,results/prepared_audio/03-01-04-02-01-02-07.wav,012354f357a037447f0c11df7fbc50aa1b91cf998ddadc8a8f322c15dbce65ea
03-01-04-02-01-02-08,data/raw/Actor_08/03-01-04-02-01-02-08.wav,8,sad,4,2,1,2,48000,1,188989,3.93727083333333,ec0bceadae35d6e661358763e5da2090bf60372a169f755d05af4cdefe3195b3,5,train,results/prepared_audio/03-01-04-02-01-02-08.wav,c94f00846a81a6bfd5c1def0dcd5b5e2f19da2e3d1a0a162644359ecfae00a37
03-01-04-02-01-02-09,data/raw/Actor_09/03-01-04-02-01-02-09.wav,9,sad,4,2,1,2,48000,1,187387,3.90389583333333,1de7ef2c2cefd9a6ae9d16c8b026c2c73872a0825c3374441435c4a077f4351e,5,train,results/prepared_audio/03-01-04-02-01-02-09.wav,cff39bd56c3a48e1ed1deb98b3cc78a78a092ea29670a34c5b7489989655fe2a
03-01-04-02-01-02-10,data/raw/Actor_10/03-01-04-02-01-02-10.wav,10,sad,4,2,1,2,48000,1,171371,3.57022916666667,517806fc25307632a3e9d522da98a281cbebe1ee470b2b0d9ef99ab799ae142d,6,train,results/prepared_audio/03-01-04-02-01-02-10.wav,ad1d10a92fe26f6af52a243decc321ef70b4788cf0ab96fcf5f7c0d64187e40a
03-01-04-02-01-02-11,data/raw/Actor_11/03-01-04-02-01-02-11.wav,11,sad,4,2,1,2,48000,1,172973,3.60360416666667,a6cef42747bcfcd26bae128892946ae95640797fb9f23d13e5b9789c7f88d3e6,4,test,results/prepared_audio/03-01-04-02-01-02-11.wav,c94261c7aa48e7e2772b5b84f839d33792c132c5a9e88202f0e67e23b37c712a
03-01-04-02-01-02-12,data/raw/Actor_12/03-01-04-02-01-02-12.wav,12,sad,4,2,1,2,48000,1,180981,3.7704375,5dd09dfaf2242aa6a5968f72612e22171d69a8d59d305025a219fec58d7d55a9,3,train,results/prepared_audio/03-01-04-02-01-02-12.wav,fd9317ea8c69c85c4aaa5cf21bde49312a907045dfec1b8f486aa1d3e210fad5
03-01-04-02-01-02-13,data/raw/Actor_13/03-01-04-02-01-02-13.wav,13,sad,4,2,1,2,48000,1,158558,3.30329166666667,d6f3b32a60031c31cfea39dade35614d5e6aa3cfa726702afdea0e354c43b15c,1,train,results/prepared_audio/03-01-04-02-01-02-13.wav,ad70b75f44bc045c2563360df580da65e5fcd15319ad09392e4be0a74539da29
03-01-04-02-01-02-14,data/raw/Actor_14/03-01-04-02-01-02-14.wav,14,sad,4,2,1,2,48000,1,176176,3.67033333333333,e1688073f51b1b7d5518828494f8872a187e9bf5204c696d60a0f0c0cfec4488,4,train,results/prepared_audio/03-01-04-02-01-02-14.wav,f3b1f45d1a5015a15882b86ed0e5a5f6b9325a020194c706d2352bca00987683
03-01-04-02-01-02-15,data/raw/Actor_15/03-01-04-02-01-02-15.wav,15,sad,4,2,1,2,48000,1,163363,3.40339583333333,9df746572521d401e86b8c8aeb065e96c3607f8a8019c9e1c1f1aad61c2dd343,5,train,results/prepared_audio/03-01-04-02-01-02-15.wav,cf1201fa9268be86f8e37191c21991a3d5700dd2b752779ce9c088ba09891d9e
03-01-04-02-01-02-16,data/raw/Actor_16/03-01-04-02-01-02-16.wav,16,sad,4,2,1,2,48000,1,182583,3.8038125,977219317c22f95e1d7e7bee421d8bb17a7a8153b077bdb25a381d809e9bd6f6,2,train,results/prepared_audio/03-01-04-02-01-02-16.wav,3598d8b3484f7a65e010603d0e491423dc642f195a40087a1a360a52380c8fc9
03-01-04-02-01-02-17,data/raw/Actor_17/03-01-04-02-01-02-17.wav,17,sad,4,2,1,2,48000,1,177778,3.70370833333333,08d195438a079c428d15acb9247c665f763b1c0098f9e1b5f5fc1ec2228d36c7,3,train,results/prepared_audio/03-01-04-02-01-02-17.wav,d0d5cf07c5efa8c19dc78d7ec7773c0b4db659d26c023554b37fd5a91bf26df8
03-01-04-02-01-02-18,data/raw/Actor_18/03-01-04-02-01-02-18.wav,18,sad,4,2,1,2,48000,1,184184,3.83716666666667,68ea80667bbd2e944a12366e6713015c1bc3dd1ac1920ffa60d44348f1c8efee,4,train,results/prepared_audio/03-01-04-02-01-02-18.wav,209b741e13295cec90a207b0a0ff57b5e0495c1cc0641878800f88a71d4a4732
03-01-04-02-01-02-19,data/raw/Actor_19/03-01-04-02-01-02-19.wav,19,sad,4,2,1,2,48000,1,177778,3.70370833333333,c846512bed3742d561acfbf157a3bc0a03324e0964e7f7b025652724ed1a38a7,6,train,results/prepared_audio/03-01-04-02-01-02-19.wav,5a30add39ee46a7249c6a8749a22a9737aba5ba9c43d0127958befedef0601a1
03-01-04-02-01-02-20,data/raw/Actor_20/03-01-04-02-01-02-20.wav,20,sad,4,2,1,2,48000,1,203403,4.2375625,f8fdec5f4b0f9e6b0c8eab87f0f802579a1ff93f398247a7dca52930e3b8b4f3,6,train,results/prepared_audio/03-01-04-02-01-02-20.wav,6a3a58acd04f76a49669539869a9b8da5eb9dcb0d436ab2f9ab09b31f52b659b
03-01-04-02-01-02-21,data/raw/Actor_21/03-01-04-02-01-02-21.wav,21,sad,4,2,1,2,48000,1,205004,4.27091666666667,284c6782818516b4990e54c12e74357991def5ac03e1e5a07b81e7636379f00a,2,train,results/prepared_audio/03-01-04-02-01-02-21.wav,05a1f62e90b3cc5f2eb0dcd29c1a44cc573b8e048c1799b92c48cd0cbe13109d
03-01-04-02-01-02-22,data/raw/Actor_22/03-01-04-02-01-02-22.wav,22,sad,4,2,1,2,48000,1,174575,3.63697916666667,fc2fe17f453b293587094524c6a341d2939d6971792b20dfae680d1530a9ab6b,4,test,results/prepared_audio/03-01-04-02-01-02-22.wav,217ed265c964373325f4097a2860a642f2162adc414e448f2add152a7099f5fd
03-01-04-02-01-02-23,data/raw/Actor_23/03-01-04-02-01-02-23.wav,23,sad,4,2,1,2,48000,1,209809,4.37102083333333,dad4bade0a954ea1187a753279b02c27ce00a044f68172d82705b37df1ca38e3,1,train,results/prepared_audio/03-01-04-02-01-02-23.wav,0353e308e293559fec6b90268db1923e4aa6badef21e2f5de544e22a992f8dcd
03-01-04-02-01-02-24,data/raw/Actor_24/03-01-04-02-01-02-24.wav,24,sad,4,2,1,2,48000,1,219420,4.57125,3260d37f923d46a8015deab40a7f32e01108ecfe3ed6bc8f9c591c83e55c901a,1,train,results/prepared_audio/03-01-04-02-01-02-24.wav,47ad7816b394474659661e17afd64957f8b16c11c698a35be20df15b141adfe3
03-01-04-02-02-01-01,data/raw/Actor_01/03-01-04-02-02-01-01.wav,1,sad,4,2,2,1,48000,1,179380,3.73708333333333,e4500d8ebbf3b5e4d090711ed165b096a963906edac733f140063f37e51e9a51,1,train,results/prepared_audio/03-01-04-02-02-01-01.wav,5610fe647850d7c46da63cc1cb0644b3f679894ec0d14c81c5a73d46a60a0cac
03-01-04-02-02-01-02,data/raw/Actor_02/03-01-04-02-02-01-02.wav,2,sad,4,2,2,1,48000,1,177777,3.7036875,efa86bccfd96610660d6518872b010e0c76202624ed4ccffedb644beaea925f4,3,train,results/prepared_audio/03-01-04-02-02-01-02.wav,cd9b1ee8e5987a2b3302cb1ff252338520855733d5420d23e7ae9e2342ca9b75
03-01-04-02-02-01-03,data/raw/Actor_03/03-01-04-02-02-01-03.wav,3,sad,4,2,2,1,48000,1,166566,3.470125,6cffd7fcf7bfba2321097741c554c970dff18e6737a4f66ce4200cd8c2308f19,5,train,results/prepared_audio/03-01-04-02-02-01-03.wav,e3a8c99e248bcb9ee0a47026c0c87021d5c1bb17e800bc54bffb82700cd08a8c
03-01-04-02-02-01-04,data/raw/Actor_04/03-01-04-02-02-01-04.wav,4,sad,4,2,2,1,48000,1,180981,3.7704375,3f9354e0711e17be4e96033cbc3759188a8b66daaffbb305bf99f2fb7069e321,3,train,results/prepared_audio/03-01-04-02-02-01-04.wav,0a1833d83f0d6d18bfb9afa6515c8a3bb5c81e531b67a148591ec95c31a1fe41
03-01-04-02-02-01-05,data/raw/Actor_05/03-01-04-02-02-01-05.wav,5,sad,4,2,2,1,48000,1,156956,3.26991666666667,cc10c259a4da55bf621448f511a604f925d049bb12f40496aa130e1239f076c9,2,train,results/prepared_audio/03-01-04-02-02-01-05.wav,84ff5c4db69fab5c2f47b6f9862cc8c9bf6dd2e3c54027e1863728a47c37311d
03-01-04-02-02-01-06,data/raw/Actor_06/03-01-04-02-02-01-06.wav,6,sad,4,2,2,1,48000,1,221020,4.60458333333333,e0fe33e75fc28d6c02283689768fb68e817575b4123633594e03d14eb3ecdff4,6,test,results/prepared_audio/03-01-04-02-02-01-06.wav,a2c27f330b326758fced40b5362de121b9ed9fcbf87aedeacda671149369c769
03-01-04-02-02-01-07,data/raw/Actor_07/03-01-04-02-02-01-07.wav,7,sad,4,2,2,1,48000,1,174575,3.63697916666667,e868bfee4acfbb454c469f1205d27ddf2cec7fc0221fc102c148fe88cf18d0ac,2,train,results/prepared_audio/03-01-04-02-02-01-07.wav,753d6b4253ab53b931ef91310c95b6ca6358f82648995ed966775078ed2041a5
03-01-04-02-02-01-08,data/raw/Actor_08/03-01-04-02-02-01-08.wav,8,sad,4,2,2,1,48000,1,176176,3.67033333333333,d120b922663636172daf1cb6b42b97184fa6cfc052fc5cc53642675d7a9c93ed,5,test,results/prepared_audio/03-01-04-02-02-01-08.wav,aa60867caee01c67e5332b85cae16770c38a1d1a064eb48d58c35afc9dd318cd
03-01-04-02-02-01-09,data/raw/Actor_09/03-01-04-02-02-01-09.wav,9,sad,4,2,2,1,48000,1,174575,3.63697916666667,d0175cbd344241f48ca4ae1537266262308994290499269edff218cc853c150d,5,test,results/prepared_audio/03-01-04-02-02-01-09.wav,491ad27781560d99e2f99237ec2c2059ddcf1c7579d773f1de547f14f721b378
03-01-04-02-02-01-10,data/raw/Actor_10/03-01-04-02-02-01-10.wav,10,sad,4,2,2,1,48000,1,176176,3.67033333333333,b045286403b3656f1121f39dcadce45f1cbb8d55797c38582d02e5fec65be3d6,6,train,results/prepared_audio/03-01-04-02-02-01-10.wav,f988bb1a0427b50e7b1180c5b5a4d1540db9035af4459f69a2f7795ac1364270
03-01-04-02-02-01-11,data/raw/Actor_11/03-01-04-02-02-01-11.wav,11,sad,4,2,2,1,48000,1,161762,3.37004166666667,0079211110f2a0baf6eb832ec1a302fe31f9e784d100e0aa209233b950632d18,4,test,results/prepared_audio/03-01-04-02-02-01-11.wav,eb810677df3e7b1dd8e29f443b571cbeacf815ce9440d3f0533b3f2d3727638f
03-01-04-02-02-01-12,data/raw/Actor_12/03-01-04-02-02-01-12.wav,12,sad,4,2,2,1,48000,1,182582,3.80379166666667,6ac26e87e2507382a71f475dd00ab1511760317df1bc0518a1e62b608940ad65,3,train,results/prepared_audio/03-01-04-02-02-01-12.wav,492483acf5cf72f962c34822a0efd662767f578aee56f8efbc0768fcdc6c86ee
03-01-04-02-02-01-13,data/raw/Actor_13/03-01-04-02-02-01-13.wav,13,sad,4,2,2,1,48000,1,164965,3.43677083333333,b6142ae295ce99d627ce48452ff05640a5126b552949b371db4915b46c65a6a7,1,test,results/prepared_audio/03-01-04-02-02-01-13.wav,0ef3c33da8907df827ed1dd62dc453b5dee31bb64622732daa42991a40f9e5dc
03-01-04-02-02-01-14,data/raw/Actor_14/03-01-04-02-02-01-14.wav,14,sad,4,2,2,1,48000,1,176176,3.67033333333333,93a29be72506c121f3dec0d0b7f8be26cbf1c849b0ba9db9cc113c2c4290d07a,4,test,results/prepared_audio/03-01-04-02-02-01-14.wav,3a6d4e0fa8d62f986554eb4dacbbe537c4ace17329536da1bbc6c23ea0312f44
03-01-04-02-02-01-15,data/raw/Actor_15/03-01-04-02-02-01-15.wav,15,sad,4,2,2,1,48000,1,169770,3.536875,f02e34a8762ca924fddf2e210a37820553b9bd780f3fd4a05699d93d15f4f335,5,train,results/prepared_audio/03-01-04-02-02-01-15.wav,cdc8a33b02fa4aeb735d56c6c1b27358a852d9da96e908f51290ec71667d5474
03-01-04-02-02-01-16,data/raw/Actor_16/03-01-04-02-02-01-16.wav,16,sad,4,2,2,1,48000,1,185786,3.87054166666667,04eb5297d94a46c6941140d8787f3f378d4a81272d1af0f4264ceecef4ea4924,2,train,results/prepared_audio/03-01-04-02-02-01-16.wav,e5cfae5a4298431335f87e1b026416d9b3e02dfc0441cf132d92e3fd451acbc5
03-01-04-02-02-01-17,data/raw/Actor_17/03-01-04-02-02-01-17.wav,17,sad,4,2,2,1,48000,1,172973,3.60360416666667,57a5330bdcbf44146bff6997bcf9d4a00d77d6e832bb846cbd07501b299f913a,3,train,results/prepared_audio/03-01-04-02-02-01-17.wav,0bd4b07e8ef9615917e882cffb82af33b9dcd98a418541bc2e7d3a29d44a0512
03-01-04-02-02-01-18,data/raw/Actor_18/03-01-04-02-02-01-18.wav,18,sad,4,2,2,1,48000,1,198599,4.13747916666667,bbc064001650cc731ca007597f8c654f50f891fa1bdd794b653ec3fa3bc841b6,4,train,results/prepared_audio/03-01-04-02-02-01-18.wav,c9f65f3ce9cf64395e723af779a7dac140abe271309a1624b4c601101c1f81b8
03-01-04-02-02-01-19,data/raw/Actor_19/03-01-04-02-02-01-19.wav,19,sad,4,2,2,1,48000,1,163364,3.40341666666667,8b6f52a4158fad40ab476b452e12adc77005f9a4642bf84d5ab3eb0b72623acb,6,train,results/prepared_audio/03-01-04-02-02-01-19.wav,0bc116019f36c32f09eb49a31e7d19a289d2fbdfe62fe42f60e10c9cbbb1fb51
03-01-04-02-02-01-20,data/raw/Actor_20/03-01-04-02-02-01-20.wav,20,sad,4,2,2,1,48000,1,182583,3.8038125,9ee8f086a65cd26abcbe168344de823b60c0b47c0ee6e62b87b35067aef6d3c1,6,train,results/prepared_audio/03-01-04-02-02-01-20.wav,f1ab0edb56c9f680fe2fe4aeaeb6a268573dee04bc52e69c17c8aeebcd99cfa1
03-01-04-02-02-01-21,data/raw/Actor_21/03-01-04-02-02-01-21.wav,21,sad,4,2,2,1,48000,1,205005,4.2709375,a910d66ce2925e33f640edd7e0d733e1a0d77017f87bd4937d1550c75388e457,2,test,results/prepared_audio/03-01-04-02-02-01-21.wav,b9c08fc2c66c138c78d5872769a627c2bef9d047d94f0fa0de1d616a5710741e
03-01-04-02-02-01-22,data/raw/Actor_22/03-01-04-02-02-01-22.wav,22,sad,4,2,2,1,48000,1,179380,3.73708333333333,1123b4dabe4316340df4a9cb24debdd860e6d66c367f5fa338664abac49d0bfa,4,train,results/prepared_audio/03-01-04-02-02-01-22.wav,a8cfbf5429c397f60c0172fde7f1d5cb99b497567077f9873e38cedde32404f8
03-01-04-02-02-01-23,data/raw/Actor_23/03-01-04-02-02-01-23.wav,23,sad,4,2,2,1,48000,1,188989,3.93727083333333,9ef17292587c260895b807bdc5bd0ea50a0a8ec833a43eba155191cc64522f56,1,train,results/prepared_audio/03-01-04-02-02-01-23.wav,f0aa8335634573f458426f779f7891d660957d516e62cb74916ae5f24276ce99
03-01-04-02-02-01-24,data/raw/Actor_24/03-01-04-02-02-01-24.wav,24,sad,4,2,2,1,48000,1,201802,4.20420833333333,5a205d864d44031f053ff9f2ce76b5fc9332f6346776409f5a53c302158164fe,1,train,results/prepared_audio/03-01-04-02-02-01-24.wav,9139ab83b2509482711f270eb044f870a9b167eb7de87981454630ccb7444281
03-01-04-02-02-02-01,data/raw/Actor_01/03-01-04-02-02-02-01.wav,1,sad,4,2,2,2,48000,1,179379,3.7370625,feb72c843718f1e3b8ae7918419416e03385eeb55226f6262cd3fc48bb216626,1,test,results/prepared_audio/03-01-04-02-02-02-01.wav,f769378ba9a19cdf3a3a0b27444426800bd1c3fa6c340215b785eca27e50191a
03-01-04-02-02-02-02,data/raw/Actor_02/03-01-04-02-02-02-02.wav,2,sad,4,2,2,2,48000,1,176176,3.67033333333333,faa98815ea99829510149881b63417bfcd3cea9cb8dc25611417646e05b3005f,3,train,results/prepared_audio/03-01-04-02-02-02-02.wav,5080bb3aa23b011c98fd7ab8a82ec9d860e93539004d64020f35f99a56489ac7
03-01-04-02-02-02-03,data/raw/Actor_03/03-01-04-02-02-02-03.wav,3,sad,4,2,2,2,48000,1,177777,3.7036875,dda87d9cd5aed95683de7586a32e04091e94df3a1e070fe30f9e5df6038e2764,5,train,results/prepared_audio/03-01-04-02-02-02-03.wav,e98e5808b89c7d92cfdcf29ea01ec04e117b79477ddd9404cfb7d526ae16a5f2
03-01-04-02-02-02-04,data/raw/Actor_04/03-01-04-02-02-02-04.wav,4,sad,4,2,2,2,48000,1,180981,3.7704375,4ede51497bc93cc6c06600880a2aff053d13c2065df684c2b1ca9e4f8a34341c,3,train,results/prepared_audio/03-01-04-02-02-02-04.wav,407c82c8fa948a5195cadb914ff5d854bbcc1dc3504266d07cc9ae2da9cd09d6
03-01-04-02-02-02-05,data/raw/Actor_05/03-01-04-02-02-02-05.wav,5,sad,4,2,2,2,48000,1,150551,3.13647916666667,01df5b137333646501dde207dba8efb7738865bbf24b8d94b4cc33c678d333b4,2,test,results/prepared_audio/03-01-04-02-02-02-05.wav,685cc2fe50629c3e4f0b9c087e098497e538b86c5f2e3ba431db37bd2f5f669e
03-01-04-02-02-02-06,data/raw/Actor_06/03-01-04-02-02-02-06.wav,6,sad,4,2,2,2,48000,1,193793,4.03735416666667,b9c089a869cf069f2e74b6abe81ebd0116ed95332ecbd1cf9472c0e8002764bf,6,train,results/prepared_audio/03-01-04-02-02-02-06.wav,e4a1477fa82ce51ea79f1a61155dc869d0ee7e98998bb1c9862aee508c3ebaee
03-01-04-02-02-02-07,data/raw/Actor_07/03-01-04-02-02-02-07.wav,7,sad,4,2,2,2,48000,1,184184,3.83716666666667,a4845cd12c2bd347b9a9825ce4c1ee5c2e1d7288ba6481931ae17e183e4109fe,2,test,results/prepared_audio/03-01-04-02-02-02-07.wav,03eff4d2c2d6dc213d00d78df2c40e7e7b53d753bff475bc2cd2890b73460bd4
03-01-04-02-02-02-08,data/raw/Actor_08/03-01-04-02-02-02-08.wav,8,sad,4,2,2,2,48000,1,177778,3.70370833333333,4a44821480975d87262c6213b3ae70e52694e98a5c4681b7c63834fdd87e43d7,5,train,results/prepared_audio/03-01-04-02-02-02-08.wav,033516388a7d99021f7007155dac6a936ea1d1e5d858b1da3d38c37d69fb5e62
03-01-04-02-02-02-09,data/raw/Actor_09/03-01-04-02-02-02-09.wav,9,sad,4,2,2,2,48000,1,185786,3.87054166666667,5d2b06e1e92dd2d7d7502d5a004c037bfc5199d75d4e6e7a3677c46c1a38af28,5,train,results/prepared_audio/03-01-04-02-02-02-09.wav,c06f3a0c3f316c3f6aa67e5664360274bdfbeff352a6df12f8b13e9d2f5c482e
03-01-04-02-02-02-10,data/raw/Actor_10/03-01-04-02-02-02-10.wav,10,sad,4,2,2,2,48000,1,171371,3.57022916666667,820a9406ce1a82bf5b852c981f0da220c8b43b101c5fe6e3aa54641cd3cc1120,6,test,results/prepared_audio/03-01-04-02-02-02-10.wav,6e9ac245ee4c6731f52a344ce0b5a03dea3a4ea7c2f1c02457fc8d024fff9f23
03-01-04-02-02-02-11,data/raw/Actor_11/03-01-04-02-02-02-11.wav,11,sad,4,2,2,2,48000,1,160160,3.33666666666667,92e9a9422597e04de74bfd59172c635193d5d50b0cfd790198c35b832fb850d1,4,train,results/prepared_audio/03-01-04-02-02-02-11.wav,599eafd3727ff0f8c74f69d0117e99c4d0b4d4ed4b8236caabd55c4ef4e28b58
03-01-04-02-02-02-12,data/raw/Actor_12/03-01-04-02-02-02-12.wav,12,sad,4,2,2,2,48000,1,185786,3.87054166666667,f4fe7ed032e83a6780ac4664ba9e34cd9c98c5597102ff3c6fb6266bd39d5e9f,3,train,results/prepared_audio/03-01-04-02-02-02-12.wav,c5a0de2c9050d9dbc1c2ca7f015e99c38df177c81a304efdc0542d1fe7cd561d
03-01-04-02-02-02-13,data/raw/Actor_13/03-01-04-02-02-02-13.wav,13,sad,4,2,2,2,48000,1,153753,3.2031875,ec10f2d58f999574fddadb2618ee0c17f75d39e7104624e2c1814653e33ab6d9,1,train,results/prepared_audio/03-01-04-02-02-02-13.wav,45add23b188ac2ceb351a4096e8f9eae53f320db576bc787f15cf9591c66b564
03-01-04-02-02-02-14,data/raw/Actor_14/03-01-04-02-02-02-14.wav,14,sad,4,2,2,2,48000,1,187388,3.90391666666667,7cf8290fcc2fd8d072d298b3c81d3bc22711cacd114085dd12d6899ee4c7b6fe,4,train,results/prepared_audio/03-01-04-02-02-02-14.wav,6910932b5a35d01cf886abd14365c081e993aa57df1557c6574ce47730d97afa
03-01-04-02-02-02-15,data/raw/Actor_15/03-01-04-02-02-02-15.wav,15,sad,4,2,2,2,48000,1,164965,3.43677083333333,cf585c35621cd4546b46159c12fe122f7b0dd0b06ad7b19b59c73e10746ee31d,5,train,results/prepared_audio/03-01-04-02-02-02-15.wav,97bf7ce3023027c81df9988be68c415f5863f82bb37aaf961f42b488d2c576a7
03-01-04-02-02-02-16,data/raw/Actor_16/03-01-04-02-02-02-16.wav,16,sad,4,2,2,2,48000,1,179379,3.7370625,2461d8626872425b79502b2a8a4c7dbfc5407beb9c02e682590eab6926c3abd5,2,test,results/prepared_audio/03-01-04-02-02-02-16.wav,086b6cd10f3a33ae6ff3d440891e31c0b89984928d35265758ba2ad9201f33ff
03-01-04-02-02-02-17,data/raw/Actor_17/03-01-04-02-02-02-17.wav,17,sad,4,2,2,2,48000,1,171371,3.57022916666667,377db72d54d3e4e5b0d2f290c9721962548ccf0b6e1fe2398878ec42e01f1e08,3,train,results/prepared_audio/03-01-04-02-02-02-17.wav,679eb657413757a2d7a7e59b51ad57e8481050ae20c9b896b8178b30191690e9
03-01-04-02-02-02-18,data/raw/Actor_18/03-01-04-02-02-02-18.wav,18,sad,4,2,2,2,48000,1,184184,3.83716666666667,456ddc2cedcdb5817af6abec9ae44c3bbeb46c5294e05c6a62f5551640089892,4,train,results/prepared_audio/03-01-04-02-02-02-18.wav,2c503ee2c801a6c17e7f97337d3b0a6d3968ed0ba5d2e956ea324bd912b221f0
03-01-04-02-02-02-19,data/raw/Actor_19/03-01-04-02-02-02-19.wav,19,sad,4,2,2,2,48000,1,179380,3.73708333333333,fa6fd47f9662ac812666da8728190e002b9f93cca9b4485e5145739d79faa230,6,train,results/prepared_audio/03-01-04-02-02-02-19.wav,a16a604fb9c60099107964b46458b438f0b73c57ae5706579d4aeeb68b6b60d8
03-01-04-02-02-02-20,data/raw/Actor_20/03-01-04-02-02-02-20.wav,20,sad,4,2,2,2,48000,1,190590,3.970625,88abc6110e246e547b1f868454e9b31fb64ecf1e02aa481fea872da9312a47c7,6,test,results/prepared_audio/03-01-04-02-02-02-20.wav,b77ee529ce70cbb06e425c9e040008469cb5cf18bf4a846633fdff901e88105c
03-01-04-02-02-02-21,data/raw/Actor_21/03-01-04-02-02-02-21.wav,21,sad,4,2,2,2,48000,1,198599,4.13747916666667,655eb818cbe2a15e29639ba1a07aee652d5962d70b8599054a07f939826b8e81,2,train,results/prepared_audio/03-01-04-02-02-02-21.wav,6b25df254dbf25764d317d9ca6f3f76e9a5d40024e041340cc02bfc2d03963a6
03-01-04-02-02-02-22,data/raw/Actor_22/03-01-04-02-02-02-22.wav,22,sad,4,2,2,2,48000,1,184184,3.83716666666667,24d9b2c2840a054ca8d0d565631087a4d47bd05e114e747be78f6bee781bc84f,4,test,results/prepared_audio/03-01-04-02-02-02-22.wav,f34dcea18e94d67ae6b2eec9f4ef5ddc86856bb184e2a032d17691029394c1af
03-01-04-02-02-02-23,data/raw/Actor_23/03-01-04-02-02-02-23.wav,23,sad,4,2,2,2,48000,1,227427,4.7380625,cf7281c69e973107ffd3fc724105f9be9096cc42fcf8fecd5cc36f075e837337,1,train,results/prepared_audio/03-01-04-02-02-02-23.wav,433e81fdfb29c099a3d6784f002747c5fe6c0fe93c9b74bc5274174d12f34323
03-01-04-02-02-02-24,data/raw/Actor_24/03-01-04-02-02-02-24.wav,24,sad,4,2,2,2,48000,1,224224,4.67133333333333,d99526741e8686b296bb72a4f62f0806a7efae1a76ae1fbed8e1903bcdaa5bc2,1,test,results/prepared_audio/03-01-04-02-02-02-24.wav,7e3e80cbc9e109999b48651894e92b09b52da94b26fb92ce06c7570c76821c9a
03-01-05-01-01-01-01,data/raw/Actor_01/03-01-05-01-01-01-01.wav,1,angry,5,1,1,1,48000,1,185786,3.87054166666667,c9b2cfb8f3ed7153aa56b0a198ba0b81d9bae41c859c93f490b8c550b7c4cf97,1,train,results/prepared_audio/03-01-05-01-01-01-01.wav,dec4eda299feb32353a49845c5e59d3a4b7d6eda0cb4e57106946f2723e57671
03-01-05-01-01-01-02,data/raw/Actor_02/03-01-05-01-01-01-02.wav,2,angry,5,1,1,1,48000,1,176176,3.67033333333333,85e9338f1a1c5011221afce5d145a6a98784ff007b7562006cbcce93761b8fd4,3,train,results/prepared_audio/03-01-05-01-01-01-02.wav,c1930818192a83df579ed481b95fc603ebd5628ba8b7494ef880c49c6fc98ad6
03-01-05-01-01-01-03,data/raw/Actor_03/03-01-05-01-01-01-03.wav,3,angry,5,1,1,1,48000,1,192192,4.004,1016e7e730d0ce722881b0a306c3c88141155404ad6b0b308d9df22b161463e9,5,train,results/prepared_audio/03-01-05-01-01-01-03.wav,799080a1245b384f1b11c748be4a6cd1842c8cd927d090649108316e74c58074
03-01-05-01-01-01-04,data/raw/Actor_04/03-01-05-01-01-01-04.wav,4,angry,5,1,1,1,48000,1,177778,3.70370833333333,02c20d8c0bc3a3b21e3fcbbd91105eba1fb54c3951e3dcbac984a6153b4ae23c,3,train,results/prepared_audio/03-01-05-01-01-01-04.wav,ee1b0609db2ddee35a3d9a9bca64c30e57f3585e9583346702cdfedbdbcf31f1
03-01-05-01-01-01-05,data/raw/Actor_05/03-01-05-01-01-01-05.wav,5,angry,5,1,1,1,48000,1,185786,3.87054166666667,714d6afc7017420099d0acd23cd2740bb02297c35c3f49f7a7eda53fa58785c3,2,train,results/prepared_audio/03-01-05-01-01-01-05.wav,d6fd070b4146844c8acd8b436456874096b6a7e1ef68a5151392ec3985c02bb6
03-01-05-01-01-01-06,data/raw/Actor_06/03-01-05-01-01-01-06.wav,6,angry,5,1,1,1,48000,1,180981,3.7704375,c231083df71b164edabd744fcf2b2e7148b10a679de82f0a6453ae49b2e8e148,6,test,results/prepared_audio/03-01-05-01-01-01-06.wav,f198072b5d2b0273bd5f07c45e5a5f341de7891c9cc4d85e824ff1ea3d2c8285
03-01-05-01-01-01-07,data/raw/Actor_07/03-01-05-01-01-01-07.wav,7,angry,5,1,1,1,48000,1,192192,4.004,82797b22b4fd4d2a8c7aec798a7c499571bcadbb0e3ff874d592f8ec27376a9c,2,train,results/prepared_audio/03-01-05-01-01-01-07.wav,6c796b73e8424de8d46c4813e64b744b24bb45322041185fbb977f69e624f488
03-01-05-01-01-01-08,data/raw/Actor_08/03-01-05-01-01-01-08.wav,8,angry,5,1,1,1,48000,1,177778,3.70370833333333,7b00d1a53421b911e7b5288c24363d1a69d3d2d327de9d34e88e936903c42c5f,5,train,results/prepared_audio/03-01-05-01-01-01-08.wav,9c3ac8f20fd396c02a478847b223ea7a1fca222f4992125b10d440c26911c4e7
03-01-05-01-01-01-09,data/raw/Actor_09/03-01-05-01-01-01-09.wav,9,angry,5,1,1,1,48000,1,171371,3.57022916666667,47414b279e33baf3f3d75f9b06d470464579bbb599f7f3b7d91783b52afd8736,5,train,results/prepared_audio/03-01-05-01-01-01-09.wav,0706c9e67712bcb773ce3bff5ef0dddf528e196ec2dace5e3b357300d90bf6c2
03-01-05-01-01-01-10,data/raw/Actor_10/03-01-05-01-01-01-10.wav,10,angry,5,1,1,1,48000,1,187387,3.90389583333333,43387b5da850abb7299e2228e2f7fc04369c38249ae36639869551685c4aae00,6,train,results/prepared_audio/03-01-05-01-01-01-10.wav,ab5b1a3b2f44ba91a89dce4fade6ba4f852f1436c0c45d9e6a97ee136d517715
03-01-05-01-01-01-11,data/raw/Actor_11/03-01-05-01-01-01-11.wav,11,angry,5,1,1,1,48000,1,172973,3.60360416666667,13a0ca4a662a664ccf3ac26879cd3256371d562b7177a7532d0a42cde3acdfd4,4,train,results/prepared_audio/03-01-05-01-01-01-11.wav,e7a3f14e2edd01d54ed2158cb39183df196f2dddc8583ccc7069a11088e16fef
03-01-05-01-01-01-12,data/raw/Actor_12/03-01-05-01-01-01-12.wav,12,angry,5,1,1,1,48000,1,205005,4.2709375,190222a3559922afe021491cbae79578941b076156d88e57226121fd6f175387,3,train,results/prepared_audio/03-01-05-01-01-01-12.wav,03592dc15b00ad394fb8df583b7d7db88101596b41a6e168c0fe2f9455d059f4
03-01-05-01-01-01-13,data/raw/Actor_13/03-01-05-01-01-01-13.wav,13,angry,5,1,1,1,48000,1,164965,3.43677083333333,a011fd3d87160f3941ec636d291d2ff94d520d4b495f66bff31c855b4c36901f,1,train,results/prepared_audio/03-01-05-01-01-01-13.wav,fe4defd75333faae4f33742d6256dc3db19dd821c60cc030c1708f0d98f5cc29
03-01-05-01-01-01-14,data/raw/Actor_14/03-01-05-01-01-01-14.wav,14,angry,5,1,1,1,48000,1,172972,3.60358333333333,7086f9cbd090f1d42933c5a59187974c847d1829e402ec4761f42200dfab1b74,4,train,results/prepared_audio/03-01-05-01-01-01-14.wav,3d335ee4dac9e8fd8ebf479097dd4141ed73fc54f678cc1bd013222c60a32464
03-01-05-01-01-01-15,data/raw/Actor_15/03-01-05-01-01-01-15.wav,15,angry,5,1,1,1,48000,1,174575,3.63697916666667,9484ebe862e28876d7cc31f567332b107111328fb4059b171f02df9b87b8cc2b,5,train,results/prepared_audio/03-01-05-01-01-01-15.wav,bf73081b93079cdfc95f0df1fea458e2a2fc737b1d6215d6ee2049d053540092
03-01-05-01-01-01-16,data/raw/Actor_16/03-01-05-01-01-01-16.wav,16,angry,5,1,1,1,48000,1,190591,3.97064583333333,3fd5bb4ae17032c8e006ed4065041189dadaf88b8b327d77fe4f1fe2959201ab,2,train,results/prepared_audio/03-01-05-01-01-01-16.wav,08d580d3118562c60bea7f718347c954c6bcfae8e5ffb0ab3327271c2ae13c69
03-01-05-01-01-01-17,data/raw/Actor_17/03-01-05-01-01-01-17.wav,17,angry,5,1,1,1,48000,1,166567,3.47014583333333,41641e4de5768c362d77d1c92a6dda06e91a21c57f7cd6d466da09723332cbf1,3,train,results/prepared_audio/03-01-05-01-01-01-17.wav,b7cead27910e4bec82a5ab94e8b096713a89174f9320fdaf5450247bb7c7fb33
03-01-05-01-01-01-18,data/raw/Actor_18/03-01-05-01-01-01-18.wav,18,angry,5,1,1,1,48000,1,187387,3.90389583333333,9cedf54c890841dd30dea6226bdefdc810a89abacf6fa21ae5417cd438a0cdae,4,train,results/prepared_audio/03-01-05-01-01-01-18.wav,1156899ed4e38ddcc70043931ff9debb9d2def95e1287e48e6fdfbb8170b4695
03-01-05-01-01-01-19,data/raw/Actor_19/03-01-05-01-01-01-19.wav,19,angry,5,1,1,1,48000,1,180981,3.7704375,47f1536a1fa2b80db7b5e6d0fdfe2bd1b3ee513ddef14eeed043be9143ceef3f,6,train,results/prepared_audio/03-01-05-01-01-01-19.wav,b329d290a2afc81e168a0bdedab2885294be6ef642ace42968b87f7155590d0b
03-01-05-01-01-01-20,data/raw/Actor_20/03-01-05-01-01-01-20.wav,20,angry,5,1,1,1,48000,1,155356,3.23658333333333,4d76b3752ee3089db2e55a1b89975e357d917a6c64b2744f68f6fc581a5133f8,6,test,results/prepared_audio/03-01-05-01-01-01-20.wav,5a3fed9bf9105b96595db8835e02df3f2023724d6a50df125a510fa6275b9bd1
03-01-05-01-01-01-21,data/raw/Actor_21/03-01-05-01-01-01-21.wav,21,angry,5,1,1,1,48000,1,198599,4.13747916666667,e6123a6014fbb5f4566f2bd2928afdebb421c595897a87e79c31267244342d87,2,train,results/prepared_audio/03-01-05-01-01-01-21.wav,83e29028128907a8681c3daa15dec3182312826b04a7b0f89c8e144b50495871
03-01-05-01-01-01-22,data/raw/Actor_22/03-01-05-01-01-01-22.wav,22,angry,5,1,1,1,48000,1,177778,3.70370833333333,f60cab81ab6dd85aa284cb6d37843102489ecbca7b01ea51377b0d6793d6c27f,4,train,results/prepared_audio/03-01-05-01-01-01-22.wav,64104d2943216677c58a80ca57e871b07b79476ef297a43fc704f4491e491ee2
03-01-05-01-01-01-23,data/raw/Actor_23/03-01-05-01-01-01-23.wav,23,angry,5,1,1,1,48000,1,158559,3.3033125,2011bc504b1642fe5e85f7d2ca787242c2318639bf1c8e091cf9a84d820026c3,1,train,results/prepared_audio/03-01-05-01-01-01-23.wav,0f1f9d69f5250cc9ab05307f31c135ada7493bb638a1eb3efd7ab3188184aa79
03-01-05-01-01-01-24,data/raw/Actor_24/03-01-05-01-01-01-24.wav,24,angry,5,1,1,1,48000,1,196997,4.10410416666667,c351b9f5e2cea16fe9f9aa7d022852b42f0aa06d6fad47d6d89d7987e47138fa,1,train,results/prepared_audio/03-01-05-01-01-01-24.wav,0f7816dacaa5c62b214d184da8ef43c596afb68705713bfdd37ea7826b9e7e11
03-01-05-01-01-02-01,data/raw/Actor_01/03-01-05-01-01-02-01.wav,1,angry,5,1,1,2,48000,1,188989,3.93727083333333,34adc22d8a19200194c2b8a08e06201234d87be5682bbe6267bdf073aaf0ab27,1,test,results/prepared_audio/03-01-05-01-01-02-01.wav,9e9f10e79befc5b91af28be5f4f8365c7116a6aff05e3cf84e6295a0e2604b67
03-01-05-01-01-02-02,data/raw/Actor_02/03-01-05-01-01-02-02.wav,2,angry,5,1,1,2,48000,1,176176,3.67033333333333,6521fea459b712fa6a1227d5513bb32aac81509a318309ce13ec24345cc2b2d5,3,train,results/prepared_audio/03-01-05-01-01-02-02.wav,7f7d54364c08ee7c6b32ee6680efa422fb06da3a568388ce9405a4ff5cd031bf
03-01-05-01-01-02-03,data/raw/Actor_03/03-01-05-01-01-02-03.wav,3,angry,5,1,1,2,48000,1,195395,4.07072916666667,3c2579dbc464c176b4f87c63d3a3761091fab9ab208adc563da623c81e366d64,5,train,results/prepared_audio/03-01-05-01-01-02-03.wav,136bfa9f7f4d88d841011ebe6fb1f5349a263c23cdf77e5edf72863a0366fb80
03-01-05-01-01-02-04,data/raw/Actor_04/03-01-05-01-01-02-04.wav,4,angry,5,1,1,2,48000,1,172973,3.60360416666667,1cff7512fa4077c81c5f78b71191272f986a815e5064693a1bf84eeeab57202a,3,train,results/prepared_audio/03-01-05-01-01-02-04.wav,48407654375e23c43b5fa7570ade547d5ed7d3569060eae35f38f8a8b5a29575
03-01-05-01-01-02-05,data/raw/Actor_05/03-01-05-01-01-02-05.wav,5,angry,5,1,1,2,48000,1,182582,3.80379166666667,71d931b064bda1f02100b01bad1348866abb68ef82e29fa2935c3b017f6dfe18,2,train,results/prepared_audio/03-01-05-01-01-02-05.wav,f3527f79cae24eb0bc56369a0ec3b158b1d3a8253f884786d4ecec4c17c1f17a
03-01-05-01-01-02-06,data/raw/Actor_06/03-01-05-01-01-02-06.wav,6,angry,5,1,1,2,48000,1,190590,3.970625,a137639b4df8b329ea0f40f715df0efd364a782e097a666d683c23142e345735,6,train,results/prepared_audio/03-01-05-01-01-02-06.wav,b08feb43a1daef0caaae18e617677e3a647c6f915382fb4a4032d02098a14415
03-01-05-01-01-02-07,data/raw/Actor_07/03-01-05-01-01-02-07.wav,7,angry,5,1,1,2,48000,1,190591,3.97064583333333,f1ecc2bf6f0246dffc345a6bbff4f759715d76b96c99e0b7295524712dccbfb5,2,train,results/prepared_audio/03-01-05-01-01-02-07.wav,89bb7df62023e09277be951c28acd296f7a42c56ee97668015baae6d2be26634
03-01-05-01-01-02-08,data/raw/Actor_08/03-01-05-01-01-02-08.wav,8,angry,5,1,1,2,48000,1,172973,3.60360416666667,d24051225d1311f89945b0bc208525c85919114b9faedd4d4534b5af131d1cec,5,test,results/prepared_audio/03-01-05-01-01-02-08.wav,eab2f5ef7b75a3fa2020ebbee4ee5a48811bc2ced22c286fd8be77efb896336c
03-01-05-01-01-02-09,data/raw/Actor_09/03-01-05-01-01-02-09.wav,9,angry,5,1,1,2,48000,1,171372,3.57025,d6c2f6b2039f63d845fd1250123974bdd4db718272bc888d8f0d402e51c8d982,5,train,results/prepared_audio/03-01-05-01-01-02-09.wav,03d90a7e848b1b6b2a24f5b7e004fbcfc7c39751148684270372c373c9904637
03-01-05-01-01-02-10,data/raw/Actor_10/03-01-05-01-01-02-10.wav,10,angry,5,1,1,2,48000,1,192192,4.004,a46f80f8f376d5c1c3f1acf5e64b1dd55e862909a02d15a21bed260837209a30,6,train,results/prepared_audio/03-01-05-01-01-02-10.wav,1494485e3657fcd97da26aeca7df7a8a72440f0e9e8198eaf67d50a7c270a7c4
03-01-05-01-01-02-11,data/raw/Actor_11/03-01-05-01-01-02-11.wav,11,angry,5,1,1,2,48000,1,166567,3.47014583333333,64b3e954bb1e1b9726a9dec3f65dde1912bb1dd4c4e6c030ba1b4709c58a106d,4,train,results/prepared_audio/03-01-05-01-01-02-11.wav,13cbb8d3f2f511fd343a91f5c6eb63c25309c9e07dcce1fd952e2c8713017281
03-01-05-01-01-02-12,data/raw/Actor_12/03-01-05-01-01-02-12.wav,12,angry,5,1,1,2,48000,1,190590,3.970625,b153b22ccea737665bc2046c4e24465a89ffdf216c63961c924089f3e5e12686,3,train,results/prepared_audio/03-01-05-01-01-02-12.wav,d2d132d1656fcac11ccacedc32e49c5fa7b7974e4f736919a673580233343ea9
03-01-05-01-01-02-13,data/raw/Actor_13/03-01-05-01-01-02-13.wav,13,angry,5,1,1,2,48000,1,169769,3.53685416666667,d419e3acb8515a327b1c7df4ed84df56ace167be4b1b38781ff4a2066dcf1168,1,train,results/prepared_audio/03-01-05-01-01-02-13.wav,7e78d95aa7304951f91c8940e9ae692f22aa20631980533233f4ded7a7653685
03-01-05-01-01-02-14,data/raw/Actor_14/03-01-05-01-01-02-14.wav,14,angry,5,1,1,2,48000,1,177778,3.70370833333333,30dc94add3e33886b736ba12b340a269d4f38d132ae0384501ed0faaca8dbcf5,4,train,results/prepared_audio/03-01-05-01-01-02-14.wav,ced32617acd44562d7606932170f9d72292ebd2e3a02244ef2ce7bcac4659a4f
03-01-05-01-01-02-15,data/raw/Actor_15/03-01-05-01-01-02-15.wav,15,angry,5,1,1,2,48000,1,172973,3.60360416666667,e84e4704c2b75044e127cf5d3c93192c41fb783bb5e93cc005331135c2828fc6,5,train,results/prepared_audio/03-01-05-01-01-02-15.wav,836026d28938e4143ac4922528deb676dccf9531e663dd8fb9e46bafad28a47f
03-01-05-01-01-02-16,data/raw/Actor_16/03-01-05-01-01-02-16.wav,16,angry,5,1,1,2,48000,1,192192,4.004,32b5aa15f16cdd9d3ece564f42de5dbf47d9dbe68d2b6f5dd8dd95744b96b416,2,test,results/prepared_audio/03-01-05-01-01-02-16.wav,d127af693e4a2ae8f09ff6d1a08ea4730724658bba88b8df3f57d43825f557ce
03-01-05-01-01-02-17,data/raw/Actor_17/03-01-05-01-01-02-17.wav,17,angry,5,1,1,2,48000,1,177778,3.70370833333333,72b23469085603c9d43cae1641dc8310232295a22c5c8ef5f45a6976c17c4c8e,3,train,results/prepared_audio/03-01-05-01-01-02-17.wav,ef42915c8f035ae2080d70c159595b60df37d2e5fefa8909393bf3edc0e57139
03-01-05-01-01-02-18,data/raw/Actor_18/03-01-05-01-01-02-18.wav,18,angry,5,1,1,2,48000,1,200200,4.17083333333333,dad895b0a058dd3f3289910d9ff0cf4ba12093619c8f714b4ebcd49f7dd192e3,4,test,results/prepared_audio/03-01-05-01-01-02-18.wav,0615cbd225aed6f9b5c7e45290e63924db3c86f1b55877d325ff3ae2fd800e7f
03-01-05-01-01-02-19,data/raw/Actor_19/03-01-05-01-01-02-19.wav,19,angry,5,1,1,2,48000,1,177778,3.70370833333333,85db14736e70c8a8d401f1c211bce90ebad8ab79aa8d7701335ec42c8fd0191c,6,test,results/prepared_audio/03-01-05-01-01-02-19.wav,ccdde42dc0ed36a4cf30bbf7f141f46e4a30b0c64de1c40ed8f8a5972df57df8
03-01-05-01-01-02-20,data/raw/Actor_20/03-01-05-01-01-02-20.wav,20,angry,5,1,1,2,48000,1,179379,3.7370625,5d1e2a445ee6f37937cdecc9b809043d076ec409f1fe71619ebac0fe2ac3f585,6,train,results/prepared_audio/03-01-05-01-01-02-20.wav,a72aab81f3799f310ad38aa44c4956f7b88fbbbdacb62a8c6ce719bbe4b9b2fc
03-01-05-01-01-02-21,data/raw/Actor_21/03-01-05-01-01-02-21.wav,21,angry,5,1,1,2,48000,1,192192,4.004,b5ebf8dd6c23a849f4776bba2030972ae259053a6e8f16a6a079eb7154069463,2,train,results/prepared_audio/03-01-05-01-01-02-21.wav,88c13981c24ffa0ca3e37293c633d37fac71190634d7e7c585b1c04c61467385
03-01-05-01-01-02-22,data/raw/Actor_22/03-01-05-01-01-02-22.wav,22,angry,5,1,1,2,48000,1,179379,3.7370625,b8abe63a013401aa33c5f88bdd55d188d0173e7a8ccb1f7b51f89c6e646d2ee0,4,train,results/prepared_audio/03-01-05-01-01-02-22.wav,cc190d2c4de44d96fce72c40ee00ec6febe9d4c59bbb61c70375c4e886567c31
03-01-05-01-01-02-23,data/raw/Actor_23/03-01-05-01-01-02-23.wav,23,angry,5,1,1,2,48000,1,158559,3.3033125,479d7c3c1c310d29091334fb9539dd9c63b59d1476d25b4cb94a7644c562ae86,1,train,results/prepared_audio/03-01-05-01-01-02-23.wav,50ff133975839774dc78a1069e74bc8af4a5d04bd1bd89627c4efceff965d4f3
03-01-05-01-01-02-24,data/raw/Actor_24/03-01-05-01-01-02-24.wav,24,angry,5,1,1,2,48000,1,179379,3.7370625,6ff5288fda0ebb398c815fb8304b040c523347a0f4a188b14921fbb1445ea753,1,train,results/prepared_audio/03-01-05-01-01-02-24.wav,aee6e89d53ba6d983bbc2746a1cf4e828e468c4a20f6fa8b5b375263286efcda
03-01-05-01-02-01-01,data/raw/Actor_01/03-01-05-01-02-01-01.wav,1,angry,5,1,2,1,48000,1,168168,3.5035,81d4b5010bfbea54ae10b6ffa1068f9b5ae3f1ae1410eb1a97b8f6f9403d9353,1,train,results/prepared_audio/03-01-05-01-02-01-01.wav,0307cfbe3aa490d2acd2ce2b9cbc1eff671904eccbd8b05c364d5cae28d1c69a
03-01-05-01-02-01-02,data/raw/Actor_02/03-01-05-01-02-01-02.wav,2,angry,5,1,2,1,48000,1,180980,3.77041666666667,0b9b8fad5c6b5728a692371d92e5638f6c17149784b97be5cf3c69fbc46cdec0,3,train,results/prepared_audio/03-01-05-01-02-01-02.wav,8a3e62b33c58c33168d4d3e861f80ffd69ab5283e341dacad3ac58da061fcd52
03-01-05-01-02-01-03,data/raw/Actor_03/03-01-05-01-02-01-03.wav,3,angry,5,1,2,1,48000,1,182583,3.8038125,ee2e119031cdc3a2e8a50d727a70163fc3355d6452d1aaceedc1190704e4049f,5,test,results/prepared_audio/03-01-05-01-02-01-03.wav,e19c861a5cd1133609be3c17fffb7ead7c09e70224ad3d7bf6dd67b7fad21b09
03-01-05-01-02-01-04,data/raw/Actor_04/03-01-05-01-02-01-04.wav,4,angry,5,1,2,1,48000,1,166566,3.470125,9f268b530406c0d1c323b4d616005e6c8ebeaa79e5c85986531f0d0f9c1dbd39,3,train,results/prepared_audio/03-01-05-01-02-01-04.wav,e77fa882b5e3f1cf444d861630ecf2114e418c88e001b454e45695a2a39236ca
03-01-05-01-02-01-05,data/raw/Actor_05/03-01-05-01-02-01-05.wav,5,angry,5,1,2,1,48000,1,195395,4.07072916666667,948cc29032238907dca424bfd7562c959b21917b0da1ddc2740b34c3d0b7dc17,2,train,results/prepared_audio/03-01-05-01-02-01-05.wav,7ca2d583d0ab9715d8bd36d82f65ac2ccad87795bd284d227f6fe859a37dcd34
03-01-05-01-02-01-06,data/raw/Actor_06/03-01-05-01-02-01-06.wav,6,angry,5,1,2,1,48000,1,201801,4.2041875,8199f6a69cf285f733fa3731f1f388808915f8fd356861ac389a2c4b5861e349,6,test,results/prepared_audio/03-01-05-01-02-01-06.wav,08cdb55f5c8b51f9799c4f57af20760f1d0c1f02a40f1b386df43a70273251c7
03-01-05-01-02-01-07,data/raw/Actor_07/03-01-05-01-02-01-07.wav,7,angry,5,1,2,1,48000,1,192192,4.004,7ee1ec06dca0bcc6ab18724a135d1382313e38c8f976f9a82c0b8b3aafacece1,2,test,results/prepared_audio/03-01-05-01-02-01-07.wav,f00aa63d203b45a8ab00ab0b83946f8f92db1ec1305a8267e1121a02e80adea3
03-01-05-01-02-01-08,data/raw/Actor_08/03-01-05-01-02-01-08.wav,8,angry,5,1,2,1,48000,1,169770,3.536875,6687f59c9d49304e7f46d1acebfcc3d29c063e023a39ca17caab2573a1e578a4,5,train,results/prepared_audio/03-01-05-01-02-01-08.wav,344dee36b602e1af0a2c960c5a6a8500548b8c289ae28e7483e5a9889a1f2d92
03-01-05-01-02-01-09,data/raw/Actor_09/03-01-05-01-02-01-09.wav,9,angry,5,1,2,1,48000,1,179379,3.7370625,05ee9c98ba2ce94ae38a61dd4e2f463806edfd9575219ffcd2824d7cac517b32,5,train,results/prepared_audio/03-01-05-01-02-01-09.wav,6b554ad29bb658ba4585878f48402d0d790da441f90fe769c241b8d2a31ed9e0
03-01-05-01-02-01-10,data/raw/Actor_10/03-01-05-01-02-01-10.wav,10,angry,5,1,2,1,48000,1,196997,4.10410416666667,300f24d29765ef162e4456cd9f4a53b5d481eeec0fe89f4c04a1d15ef02ebccc,6,test,results/prepared_audio/03-01-05-01-02-01-10.wav,9ccb1e5776ee19c7b3ed053811a4ec706f99cd195748188eaca16f42412e9072
03-01-05-01-02-01-11,data/raw/Actor_11/03-01-05-01-02-01-11.wav,11,angry,5,1,2,1,48000,1,166566,3.470125,5037723a3bb633a43ac04f679b2528c45a846eb53cc0ae39f685215aabbb2a19,4,train,results/prepared_audio/03-01-05-01-02-01-11.wav,34050eba486fec3698654eeda1fb12a38a2c8308ec211239d1eebb4180dfea38
03-01-05-01-02-01-12,data/raw/Actor_12/03-01-05-01-02-01-12.wav,12,angry,5,1,2,1,48000,1,179380,3.73708333333333,c62ac22641976a2cfb114428397814fe6a3e0ef9cbc3598f0ca0a6212645fefc,3,train,results/prepared_audio/03-01-05-01-02-01-12.wav,d5294dc18d54b80362dba6debeca214d1d4c95ee6b60b3b85d504c540750f036
03-01-05-01-02-01-13,data/raw/Actor_13/03-01-05-01-02-01-13.wav,13,angry,5,1,2,1,48000,1,172973,3.60360416666667,742638b3ec34e652b35a41caa3079749463cab302186528a50d085b41e0e2dfe,1,train,results/prepared_audio/03-01-05-01-02-01-13.wav,e4cb0a4a94a8930d82a7e1f5f84c81a28e716abc30d374a7cab390e2a5a152e1
03-01-05-01-02-01-14,data/raw/Actor_14/03-01-05-01-02-01-14.wav,14,angry,5,1,2,1,48000,1,179379,3.7370625,e18de20616a0c4a650f2a748a97ce02104e403ecd8cc62f84079a2a1db09f3ea,4,train,results/prepared_audio/03-01-05-01-02-01-14.wav,a746d7f99de0faa8b08a5a62e8248886b222d9527e393676fc52abc1e1bddc52
03-01-05-01-02-01-15,data/raw/Actor_15/03-01-05-01-02-01-15.wav,15,angry,5,1,2,1,48000,1,177778,3.70370833333333,effd801c7c59548d7ac23d50a71f0f9e76c7bf962181461d1a3e314e5442e469,5,train,results/prepared_audio/03-01-05-01-02-01-15.wav,ca7df25e8e7abcc9f4af57f3994fa27b4f6b64566ed6826c1c1adb0e503814cd
03-01-05-01-02-01-16,data/raw/Actor_16/03-01-05-01-02-01-16.wav,16,angry,5,1,2,1,48000,1,187387,3.90389583333333,aaf7d7411f8dd392e43bc5bd47b7928ba6d9350058ade128d69f8a06303c45f9,2,train,results/prepared_audio/03-01-05-01-02-01-16.wav,77259961a07b9b0c4ce5f42ee0e90b9732a4502ad33ab8a550ff8597a50398a1
03-01-05-01-02-01-17,data/raw/Actor_17/03-01-05-01-02-01-17.wav,17,angry,5,1,2,1,48000,1,172973,3.60360416666667,92a0ef8775ddf3856a17971f2f3c7ec54a233ee5dd64c28e3db21b95950cf4f2,3,train,results/prepared_audio/03-01-05-01-02-01-17.wav,8b6df339555945a72d517c3371810f5cc6671740c14a394990ea7e7b53a50477
03-01-05-01-02-01-18,data/raw/Actor_18/03-01-05-01-02-01-18.wav,18,angry,5,1,2,1,48000,1,171371,3.57022916666667,9d60560d7ba39dac0afc7d9080d56dd738f41e77b6d960e524f70db4e08030a5,4,train,results/prepared_audio/03-01-05-01-02-01-18.wav,9e4a99d9350cd773758f49f8433b5af880675755124e09aeccf1e135f83aa298
03-01-05-01-02-01-19,data/raw/Actor_19/03-01-05-01-02-01-19.wav,19,angry,5,1,2,1,48000,1,158559,3.3033125,96819187cf827122f7c5b09b4ae04d56447673011d7ee03a5617df3cadd5d7ec,6,train,results/prepared_audio/03-01-05-01-02-01-19.wav,f1fc03fabce2c9db66c3f085a33f203b335abd2dbf00357c0ff5f37b5f831530
03-01-05-01-02-01-20,data/raw/Actor_20/03-01-05-01-02-01-20.wav,20,angry,5,1,2,1,48000,1,176176,3.67033333333333,7402fc83bd29aae02d537ebf81d8a4753b718a456e888a3e30c912a62e21a5aa,6,train,results/prepared_audio/03-01-05-01-02-01-20.wav,e75eab3382b95ba4f013317ef8bcb5cba33d9a425988503fe4e6da5794e11fac
03-01-05-01-02-01-21,data/raw/Actor_21/03-01-05-01-02-01-21.wav,21,angry,5,1,2,1,48000,1,195395,4.07072916666667,644e5a066e93a1724b67db06d1382dc55f0d8bd1efcbe0350476b203711ca9f2,2,test,results/prepared_audio/03-01-05-01-02-01-21.wav,1649051d8336cffb6a34548ccdfb8c399687a74979e958b81bf385058618db7f
03-01-05-01-02-01-22,data/raw/Actor_22/03-01-05-01-02-01-22.wav,22,angry,5,1,2,1,48000,1,185785,3.87052083333333,fba6770bcaf142ef0f60024aa032ced1be393d2eb7f45336688183c16edf100b,4,train,results/prepared_audio/03-01-05-01-02-01-22.wav,eb38dd77f25512e477c93a890f57a961744d2f2d4f9bcca8af481d032e9d5a7d
03-01-05-01-02-01-23,data/raw/Actor_23/03-01-05-01-02-01-23.wav,23,angry,5,1,2,1,48000,1,156957,3.2699375,561282aeba5a533891ca077d950a49a723cbe076e5034e28e212f30d31e5f050,1,test,results/prepared_audio/03-01-05-01-02-01-23.wav,54fa538149c739f292fde3a59e4a320f33bb9499bd74202076a6d0a41e42642b
03-01-05-01-02-01-24,data/raw/Actor_24/03-01-05-01-02-01-24.wav,24,angry,5,1,2,1,48000,1,176176,3.67033333333333,9c9647b59729de23313a50a597096c81c54cf845b2fdb38b2a176862353bc4fc,1,train,results/prepared_audio/03-01-05-01-02-01-24.wav,2705ecf5e9e0de04fb46bde562ba533f66ceaa0e241ea2714cecae2e194b4475
03-01-05-01-02-02-01,data/raw/Actor_01/03-01-05-01-02-02-01.wav,1,angry,5,1,2,2,48000,1,179379,3.7370625,4939ee1a2d83c127e07ac0bfcf4178d375c4e0688a6daee2f656864b52e3a1a0,1,train,results/prepared_audio/03-01-05-01-02-02-01.wav,de27858963492172d98bff65b2b024f7976f2d74efed7b391fa277a2bbeebcc8
03-01-05-01-02-02-02,data/raw/Actor_02/03-01-05-01-02-02-02.wav,2,angry,5,1,2,2,48000,1,182582,3.80379166666667,db5236c610aaa14319d9b340f698405957c44d1fcfcbb99c303090c4e6081d9e,3,train,results/prepared_audio/03-01-05-01-02-02-02.wav,95418331b28597589e89d7691a8e81629b86e4c2b0b6faf672d2643918e969a0
03-01-05-01-02-02-03,data/raw/Actor_03/03-01-05-01-02-02-03.wav,3,angry,5,1,2,2,48000,1,184184,3.83716666666667,28efdb2dc7c92a8d6f91e0a624de44580f1c9cdb1f85063367d630d7f359308e,5,train,results/prepared_audio/03-01-05-01-02-02-03.wav,eebc7311de63504a5a892e3feb79c18a34a7e0f957be2efacb4d1afa631c3f4a
03-01-05-01-02-02-04,data/raw/Actor_04/03-01-05-01-02-02-04.wav,4,angry,5,1,2,2,48000,1,179379,3.7370625,d8e2c978824e301affccc110eced1bbe4cfcf9981cb9dffb2632935aee4542bf,3,train,results/prepared_audio/03-01-05-01-02-02-04.wav,828c54e40befd9e4517abf8a02638d42f26e99d677891ef61fdacb3962d7b3ea
03-01-05-01-02-02-05,data/raw/Actor_05/03-01-05-01-02-02-05.wav,5,angry,5,1,2,2,48000,1,211411,4.40439583333333,dac1869ac777a88b6a1f971b248eaa83c4d3c18a0a152f2391744c26bc8adfdb,2,test,results/prepared_audio/03-01-05-01-02-02-05.wav,f3f609396c46596b66d0cea491db5f99a2c222599809f227b9339b95b30c831e
03-01-05-01-02-02-06,data/raw/Actor_06/03-01-05-01-02-02-06.wav,6,angry,5,1,2,2,48000,1,187387,3.90389583333333,faa619a393ff2936a28d8c4c718a0779a960165e1396aaa29c8dd7e301d6a4c1,6,train,results/prepared_audio/03-01-05-01-02-02-06.wav,4af169ded4f77999fdaaa1a43d59a21f811aec345aa472b60110765482fd2176
03-01-05-01-02-02-07,data/raw/Actor_07/03-01-05-01-02-02-07.wav,7,angry,5,1,2,2,48000,1,192192,4.004,4d47ce67257ad4426643802af5590f939ef778ff5a267d222d2f0d41ffa01ee1,2,train,results/prepared_audio/03-01-05-01-02-02-07.wav,a3ddb4536f7ae17ec24c2d5f972354ff1c8841cff7ff0ab6dc063af5bbb9c4ff
03-01-05-01-02-02-08,data/raw/Actor_08/03-01-05-01-02-02-08.wav,8,angry,5,1,2,2,48000,1,171371,3.57022916666667,675c565533eb3afffa006ceb4b50bf7c965ed2145f41951ca7c237e24bd6b5fe,5,train,results/prepared_audio/03-01-05-01-02-02-08.wav,798ca58ff6584d2271cad4689e0580ba928e7b592e80058730513b16866df126
03-01-05-01-02-02-09,data/raw/Actor_09/03-01-05-01-02-02-09.wav,9,angry,5,1,2,2,48000,1,169770,3.536875,1e1b3201595e3c4bd1b38721c3a30b9c3690fce3772bcdc90473582eb2cca5f7,5,train,results/prepared_audio/03-01-05-01-02-02-09.wav,7acbc9ab6f359ee2e7da6f518ba6521612ea04691c10f3102a8fadc83b11aed5
03-01-05-01-02-02-10,data/raw/Actor_10/03-01-05-01-02-02-10.wav,10,angry,5,1,2,2,48000,1,198599,4.13747916666667,a4969d92129d06b9e6315fb87f132271e4fe51e9e30f1c5370fe14462b4d1a50,6,test,results/prepared_audio/03-01-05-01-02-02-10.wav,4388606d70ebf661a78992b334791a33c922d9315f26eae6b870b8b2abda6865
03-01-05-01-02-02-11,data/raw/Actor_11/03-01-05-01-02-02-11.wav,11,angry,5,1,2,2,48000,1,179380,3.73708333333333,b41d3730a3c89443297ea163690e155abdc2fc2ac9078c98d14153c4cdfae8a5,4,test,results/prepared_audio/03-01-05-01-02-02-11.wav,58b87cb8c47f78f24f3dcb4f39418b11f9aa24cda895899ce4e8c5da5ca58ea9
03-01-05-01-02-02-12,data/raw/Actor_12/03-01-05-01-02-02-12.wav,12,angry,5,1,2,2,48000,1,198598,4.13745833333333,419410bd95b0fa2772a876d18bf5512fa38927d804dd35c986506b187c28eb74,3,train,results/prepared_audio/03-01-05-01-02-02-12.wav,f65ff5e51e127c2c3f29962a067a6f6a20978e7accdbd3d2e43413f5f7beb46e
03-01-05-01-02-02-13,data/raw/Actor_13/03-01-05-01-02-02-13.wav,13,angry,5,1,2,2,48000,1,161761,3.37002083333333,6544a46195420442066788b6e1026da51d4de771974b477990253b271e7511b6,1,train,results/prepared_audio/03-01-05-01-02-02-13.wav,51c9e7df7f1a83935041c7e662ab13d93a71d1756b554e429efa9dc62c5dcb95
03-01-05-01-02-02-14,data/raw/Actor_14/03-01-05-01-02-02-14.wav,14,angry,5,1,2,2,48000,1,187388,3.90391666666667,54b80bb439161065c07be343a685ebcec0f165c6b839a959b93295d06cc0d185,4,train,results/prepared_audio/03-01-05-01-02-02-14.wav,7cb53ef1648a2ce36a8b40d7f269ee2aca5e50a541ea2ffe570d071237622ec8
03-01-05-01-02-02-15,data/raw/Actor_15/03-01-05-01-02-02-15.wav,15,angry,5,1,2,2,48000,1,169770,3.536875,0c3b2912e4f577f07c65bc132ed62072f23a44e7e5737d7e98b484811b0ca4bf,5,train,results/prepared_audio/03-01-05-01-02-02-15.wav,b9f755051c90152178b0a9920d8e1b41a626464bf73fa5461366318a635fdad5
03-01-05-01-02-02-16,data/raw/Actor_16/03-01-05-01-02-02-16.wav,16,angry,5,1,2,2,48000,1,187387,3.90389583333333,d22d1b79817026648a648b935a6f0c3769b1439ada0d84adad55956c1a4edb1c,2,train,results/prepared_audio/03-01-05-01-02-02-16.wav,5439f834fe0d7761021dc41c425faaa7cf169a389c8834d0f97e386b3cee7bc0
03-01-05-01-02-02-17,data/raw/Actor_17/03-01-05-01-02-02-17.wav,17,angry,5,1,2,2,48000,1,169770,3.536875,24a2e54f6716b240d6e025a93c05760987e56bac287b30a62c7b7ad6ff19980d,3,test,results/prepared_audio/03-01-05-01-02-02-17.wav,de7ab86285ae8a6e5040af4d156e18eecf45db070eeb40f07c81c2f30eecb5aa
03-01-05-01-02-02-18,data/raw/Actor_18/03-01-05-01-02-02-18.wav,18,angry,5,1,2,2,48000,1,174575,3.63697916666667,fe3f32fe8749eb1ebe48c72297189d6a3dc71f9c93f247c3bfd4a80fac732321,4,train,results/prepared_audio/03-01-05-01-02-02-18.wav,a10ce5483c4c815dcc840fb79b56f88f19d30031e7f32a84e211afda5dd55cad
03-01-05-01-02-02-19,data/raw/Actor_19/03-01-05-01-02-02-19.wav,19,angry,5,1,2,2,48000,1,171371,3.57022916666667,02530790790b178b223db0ea6611c6b8b04d6ed52b1910b8135964cf5391f115,6,test,results/prepared_audio/03-01-05-01-02-02-19.wav,cd18dd648be97053765e4966d967ea4c9eaaaa7d375acc2ac7139256e41fb559
03-01-05-01-02-02-20,data/raw/Actor_20/03-01-05-01-02-02-20.wav,20,angry,5,1,2,2,48000,1,182582,3.80379166666667,9ae5a72170cfbffe41b782fd0dd7269a9893d43755404aba16b8d65e4e6d7ced,6,train,results/prepared_audio/03-01-05-01-02-02-20.wav,b67141f51e8dcfdcd78b6dc66c6be90e71cdfbffe5179a14a2e905943bc5e087
03-01-05-01-02-02-21,data/raw/Actor_21/03-01-05-01-02-02-21.wav,21,angry,5,1,2,2,48000,1,188989,3.93727083333333,fd3a6afff5852428340b497f424ffda9d3b36e793fe2862b9e07d93ff15e694f,2,train,results/prepared_audio/03-01-05-01-02-02-21.wav,8468e9d5ee1bff76ab90ca2587c7c9fc4d7337beb93ad6d4586f471ea0ca2fe6
03-01-05-01-02-02-22,data/raw/Actor_22/03-01-05-01-02-02-22.wav,22,angry,5,1,2,2,48000,1,193793,4.03735416666667,36d1d02dec087eeeb410966a372c0a582f43be2b2d829b6cac7ac52b44ba1dbe,4,train,results/prepared_audio/03-01-05-01-02-02-22.wav,515610ca44dfca6f19279d3a56e13a0378569d163daf3aa450d4c2cceae4e843
03-01-05-01-02-02-23,data/raw/Actor_23/03-01-05-01-02-02-23.wav,23,angry,5,1,2,2,48000,1,160160,3.33666666666667,7837b2da07dad0ec26197c1a16830389ec4dacb14a8b1e25731b4ad87c9a668e,1,train,results/prepared_audio/03-01-05-01-02-02-23.wav,3848849189e6943f25a2cbae228298864fe479a60d94f782e6f713be68e3eba6
03-01-05-01-02-02-24,data/raw/Actor_24/03-01-05-01-02-02-24.wav,24,angry,5,1,2,2,48000,1,201801,4.2041875,6022b415586e16b61c0cffedbd32c0082c6b97a8c75a89f9051f81ab8b449094,1,test,results/prepared_audio/03-01-05-01-02-02-24.wav,9faf361f20d3f2ba0de992982309bd1e9dbf6e89fa7d60862d183477eb50f1d8
03-01-05-02-01-01-01,data/raw/Actor_01/03-01-05-02-01-01-01.wav,1,angry,5,2,1,1,48000,1,196997,4.10410416666667,ba4d1f678784d9656239885413edd9699696f08f9a6e800619eed975ad7a98d6,1,train,results/prepared_audio/03-01-05-02-01-01-01.wav,a69e8f7901d9e11b9bd2ade49855bbd19d807a7453812c2e67ccaa067b9f6940
03-01-05-02-01-01-02,data/raw/Actor_02/03-01-05-02-01-01-02.wav,2,angry,5,2,1,1,48000,1,187388,3.90391666666667,2f8cafdb522aec17a940ee829e6a42b46b53817fa626d65da6beab33c5bdfbfc,3,test,results/prepared_audio/03-01-05-02-01-01-02.wav,34be0d010aae043723b3ffd258ee3f0192b247eb692f4deb0396292a6063bdc0
03-01-05-02-01-01-03,data/raw/Actor_03/03-01-05-02-01-01-03.wav,3,angry,5,2,1,1,48000,1,211411,4.40439583333333,03ea4d9345729ee654b9a18742d2285daec33534bbb0f041c52b69d417ff08df,5,train,results/prepared_audio/03-01-05-02-01-01-03.wav,8498e195ea044e513ee777120cf51a38f7345d4f55869b242528c48b746583b5
03-01-05-02-01-01-04,data/raw/Actor_04/03-01-05-02-01-01-04.wav,4,angry,5,2,1,1,48000,1,180981,3.7704375,126f749914b9e498039b8daf1c3a1ef28fa0bef8934af12535101da5ec5a6d39,3,test,results/prepared_audio/03-01-05-02-01-01-04.wav,a6523a0f4f8dd531e37f97033388ac7db74b443b1cd69d99d8c41953e3429845
03-01-05-02-01-01-05,data/raw/Actor_05/03-01-05-02-01-01-05.wav,5,angry,5,2,1,1,48000,1,163363,3.40339583333333,361dcdaef09c2f508a3728147561e5f388e4a4e7de1ce294dc0e1288e66c5b2c,2,train,results/prepared_audio/03-01-05-02-01-01-05.wav,de62edf139ca40aa6ad2da83e37ec512fc43121ef7054d4cc33e28aacb33abdb
03-01-05-02-01-01-06,data/raw/Actor_06/03-01-05-02-01-01-06.wav,6,angry,5,2,1,1,48000,1,196997,4.10410416666667,8abb48178f83eac111cc74dd7c1e0814c8d054192a5b205917406f87c460be03,6,train,results/prepared_audio/03-01-05-02-01-01-06.wav,573ebafa7e8fdf9f353bd737ebd76e553609cb42624d2e0f80fdba481cf8ce7c
03-01-05-02-01-01-07,data/raw/Actor_07/03-01-05-02-01-01-07.wav,7,angry,5,2,1,1,48000,1,172973,3.60360416666667,3e72f690c9ddf2e6aaf05554fe5d5263365ab3fd30ecb8bebcefa2b1b9b70be9,2,test,results/prepared_audio/03-01-05-02-01-01-07.wav,ed218b1449cdb08ab1c3ec79f546310d28eff619d85ea25cd92bf25579063002
03-01-05-02-01-01-08,data/raw/Actor_08/03-01-05-02-01-01-08.wav,8,angry,5,2,1,1,48000,1,190590,3.970625,996b8d30dadb8d58bddb3a042632085f3c235df32432929a84808eafe20c3bf8,5,train,results/prepared_audio/03-01-05-02-01-01-08.wav,a5489169b01ed7355c28344f12368ff0498549ae5939b7f97e1cf1a3ee0ccca2
03-01-05-02-01-01-09,data/raw/Actor_09/03-01-05-02-01-01-09.wav,9,angry,5,2,1,1,48000,1,182583,3.8038125,3454b05363307742b116f547c871bb300211029b700a63799dc2fea570cdcdbf,5,train,results/prepared_audio/03-01-05-02-01-01-09.wav,6d6b1f0ac25bce11243c78792604c1334a43bba7983caabf9b1f8d32fcef3f29
03-01-05-02-01-01-10,data/raw/Actor_10/03-01-05-02-01-01-10.wav,10,angry,5,2,1,1,48000,1,200200,4.17083333333333,369fcd2ee9b3a6c0aeed82a405fd3f30adac48ee76e51561804aa10e2acc53af,6,train,results/prepared_audio/03-01-05-02-01-01-10.wav,e22c1a484cd0c88a175c7339b3bfd24928d30a29ebfce988c2c27ebfc9e42a3f
03-01-05-02-01-01-11,data/raw/Actor_11/03-01-05-02-01-01-11.wav,11,angry,5,2,1,1,48000,1,169770,3.536875,9fa2955fedfdedfc6337b132b371411a3f7498d016890329adaafcdef727000a,4,test,results/prepared_audio/03-01-05-02-01-01-11.wav,f03ddd826e97d9f2a2b96a638ad7fdb94046d215444461ae0e1eb97bb40cf473
03-01-05-02-01-01-12,data/raw/Actor_12/03-01-05-02-01-01-12.wav,12,angry,5,2,1,1,48000,1,174574,3.63695833333333,9a124520cc706844b94db4e260d6b242fd868e9a1921b5abd6d5239c5d57178e,3,train,results/prepared_audio/03-01-05-02-01-01-12.wav,3d49c590586dea48f8ef31337129d6594d1920dab581f24c9daa5f21d6aa7823
03-01-05-02-01-01-13,data/raw/Actor_13/03-01-05-02-01-01-13.wav,13,angry,5,2,1,1,48000,1,176176,3.67033333333333,4c2930872328fbc0dcdcaf2ad9946c5ffeff6bfbd32d957f4b87e9a8e60e7dd9,1,train,results/prepared_audio/03-01-05-02-01-01-13.wav,9e3b37e9fe3e105cedb950d096990e80d6290e2989f8e0b833c1aa14acd46ea0
03-01-05-02-01-01-14,data/raw/Actor_14/03-01-05-02-01-01-14.wav,14,angry,5,2,1,1,48000,1,205005,4.2709375,7069df3f1feeb87c490545210c970583e10793c57a5d7c3b7b193091d532478f,4,train,results/prepared_audio/03-01-05-02-01-01-14.wav,7fdaca372b67d37d6ca8060f4f9693e7150db77bc6b1e76619593c776cbd6ec4
03-01-05-02-01-01-15,data/raw/Actor_15/03-01-05-02-01-01-15.wav,15,angry,5,2,1,1,48000,1,169770,3.536875,8bd798bb2b632fe8a572d65db26cc7941d21e07fb76cd3a292d3acbf4b0720f3,5,train,results/prepared_audio/03-01-05-02-01-01-15.wav,1c09b7836ff0142eb96ee36c55e014378c0add50cbe441b9730f653c064c3c24
03-01-05-02-01-01-16,data/raw/Actor_16/03-01-05-02-01-01-16.wav,16,angry,5,2,1,1,48000,1,190591,3.97064583333333,419d8749cac1d9d680d049421c7bc7a4f993672e85c7067cdf02f757234d42c0,2,train,results/prepared_audio/03-01-05-02-01-01-16.wav,68db21fe40f766b3ee465558eb4d20332ddbb15d7658393d1c8a1bdab9e2ff6a
03-01-05-02-01-01-17,data/raw/Actor_17/03-01-05-02-01-01-17.wav,17,angry,5,2,1,1,48000,1,168168,3.5035,2c985ec0f06bb3a1c500731c4a57203263b6bb2ca2f0bd8b3278676935f22dcb,3,test,results/prepared_audio/03-01-05-02-01-01-17.wav,39ca162b9c9c11f8e3e03711f392ad9c5e4b8f548d9cd8948f5416d7a855b374
03-01-05-02-01-01-18,data/raw/Actor_18/03-01-05-02-01-01-18.wav,18,angry,5,2,1,1,48000,1,177778,3.70370833333333,7f942a619d05da1f20c96dbcc8cda7aa22981419201f9afb8a4c057f46f2b5f4,4,train,results/prepared_audio/03-01-05-02-01-01-18.wav,8070e532c73bfb7470764516713c0f6c2da0d0ab448c03c0f5268f9a7a6d81e1
03-01-05-02-01-01-19,data/raw/Actor_19/03-01-05-02-01-01-19.wav,19,angry,5,2,1,1,48000,1,190591,3.97064583333333,e74add0748b438da554adbfdf6b710beac62cec39776dd84272e0afd32232215,6,train,results/prepared_audio/03-01-05-02-01-01-19.wav,e6255f890d30d46811abcca524eccff7581f004c6287b33113515ef222caac58
03-01-05-02-01-01-20,data/raw/Actor_20/03-01-05-02-01-01-20.wav,20,angry,5,2,1,1,48000,1,198599,4.13747916666667,32fef0394876431ef8810bde1da458ca5af521a3b42bf199792d294a47e8350a,6,train,results/prepared_audio/03-01-05-02-01-01-20.wav,3f07783874cf7252e8ed8172f5c21e1d650a5a210a217ec70a323c2f284733dd
03-01-05-02-01-01-21,data/raw/Actor_21/03-01-05-02-01-01-21.wav,21,angry,5,2,1,1,48000,1,209810,4.37104166666667,5b3fb1fead9251571c3118da806c56bb51d902758bfb5cc9073bd975cbaa9c60,2,train,results/prepared_audio/03-01-05-02-01-01-21.wav,66d42f670ead431864c101200e42a11c9f46d9938e2566b4405ca7670cd7751a
03-01-05-02-01-01-22,data/raw/Actor_22/03-01-05-02-01-01-22.wav,22,angry,5,2,1,1,48000,1,185786,3.87054166666667,ecf1c560702151d4bae5403d4ef0b1dfdf9b34ef28cb554e756086ee045bb246,4,train,results/prepared_audio/03-01-05-02-01-01-22.wav,21f324085070e10fad0ef61919b21ca26d400a9da3ad731c050de17c80b55114
03-01-05-02-01-01-23,data/raw/Actor_23/03-01-05-02-01-01-23.wav,23,angry,5,2,1,1,48000,1,163363,3.40339583333333,ea8a1b4f0d23011cc40360f38d2cb35889ec6b1da3d184f34b44826b3d558bd9,1,train,results/prepared_audio/03-01-05-02-01-01-23.wav,2e85435ce8a30ffadadda3649c18dc5069f2f16a5d8a7afc698b4e4c956f92cf
03-01-05-02-01-01-24,data/raw/Actor_24/03-01-05-02-01-01-24.wav,24,angry,5,2,1,1,48000,1,209810,4.37104166666667,c6d2d241f1f144567583c98bb96bf6b461c98b1d628bf34926c8ea2b45cabcd4,1,train,results/prepared_audio/03-01-05-02-01-01-24.wav,0759e0d96666291be7658b32589f124497986cfe1a3b222abcf456f1792abd0d
03-01-05-02-01-02-01,data/raw/Actor_01/03-01-05-02-01-02-01.wav,1,angry,5,2,1,2,48000,1,209810,4.37104166666667,745fd4153bf84d01560afc663decbe2f06f28c6fdca31078c94d9697606391a8,1,train,results/prepared_audio/03-01-05-02-01-02-01.wav,9ec7cd858fb36a0c5e0ef63e316dd981cc25453d20836ea9ad80706dba130f7f
03-01-05-02-01-02-02,data/raw/Actor_02/03-01-05-02-01-02-02.wav,2,angry,5,2,1,2,48000,1,192192,4.004,a8a570075c4513a2830e7a2d91daefd6c8f9a05cefbde8ad2c8b83092fbac415,3,train,results/prepared_audio/03-01-05-02-01-02-02.wav,f0a47ada9b1e52a1c1e08c83eb5c693e92221b10ed9f03ef8267b00485b3c296
03-01-05-02-01-02-03,data/raw/Actor_03/03-01-05-02-01-02-03.wav,3,angry,5,2,1,2,48000,1,211412,4.40441666666667,bccaf1033d4a5ea2f4cbb6943b2980ea899c25e94242323b12db8dd208055e2a,5,test,results/prepared_audio/03-01-05-02-01-02-03.wav,1bfbed42deb7f99adac3ebc9b49eb797b1f682133c21c38efafd0e7910967b37
03-01-05-02-01-02-04,data/raw/Actor_04/03-01-05-02-01-02-04.wav,4,angry,5,2,1,2,48000,1,185785,3.87052083333333,dc54dbf469fd5cd398b77ace99660e9a7baab5ebf681f1f15557f8cb684be4ba,3,test,results/prepared_audio/03-01-05-02-01-02-04.wav,be2e5fe59f0d5507688762dc1e69e87d12a540bcb6ce0bd57c9e7e24d06a34ba
03-01-05-02-01-02-05,data/raw/Actor_05/03-01-05-02-01-02-05.wav,5,angry,5,2,1,2,48000,1,171371,3.57022916666667,4dc877124b9f80523724036b0a9097906f3a8c254be35bfbac438e63b497d48f,2,train,results/prepared_audio/03-01-05-02-01-02-05.wav,e481f0ca941ae665507135572c58aab9dacbc4c20c9f39620e4fd3208032cbc3
03-01-05-02-01-02-06,data/raw/Actor_06/03-01-05-02-01-02-06.wav,6,angry,5,2,1,2,48000,1,201801,4.2041875,1d469c1c27629f27f7e893207aff08f8ed603c19448d8ccdc4d9b56dab9b8785,6,train,results/prepared_audio/03-01-05-02-01-02-06.wav,a2a4c96aa28687aaa9cb2f37670455b014ae6e7b651c34b2ca018202f7206442
03-01-05-02-01-02-07,data/raw/Actor_07/03-01-05-02-01-02-07.wav,7,angry,5,2,1,2,48000,1,192192,4.004,b321a0f565a9c6e10c8279891c241f31a68b3f6edfe3c6213608640ad51cda22,2,train,results/prepared_audio/03-01-05-02-01-02-07.wav,e377455815cfacfd42e30e6dcf894266a35e12921fed36b659bd02363121e492
03-01-05-02-01-02-08,data/raw/Actor_08/03-01-05-02-01-02-08.wav,8,angry,5,2,1,2,48000,1,180981,3.7704375,552fb06ab4304bd31a37f2c80a0edcfc37bb951e287fd78822fad6659f5d46dd,5,test,results/prepared_audio/03-01-05-02-01-02-08.wav,e9b421f7e68bd170150c0d4d9a1968232a03f38ec8e6fe677cea225f0654a81e
03-01-05-02-01-02-09,data/raw/Actor_09/03-01-05-02-01-02-09.wav,9,angry,5,2,1,2,48000,1,180981,3.7704375,77583b64a7404a4a2b67ed4ad6704cde26ad097feb8e7be704da374b0f91a183,5,test,results/prepared_audio/03-01-05-02-01-02-09.wav,47e297b693b61bd6a2938531ae43c1e2b6646dd43fcd5c9d77acf4a3206b027c
03-01-05-02-01-02-10,data/raw/Actor_10/03-01-05-02-01-02-10.wav,10,angry,5,2,1,2,48000,1,214614,4.471125,fb019de724968589ac806c8281e0aded9d1773cc9b550795c40e9dd20ddb47c9,6,train,results/prepared_audio/03-01-05-02-01-02-10.wav,396b97302dae47db70161d88866e33131270c14c389cd802b1fe0c6b356e78f6
03-01-05-02-01-02-11,data/raw/Actor_11/03-01-05-02-01-02-11.wav,11,angry,5,2,1,2,48000,1,190590,3.970625,93c7e94de3b2a4bf86ec363639d03cd189678463e31ef975b99008c0ca6d70a1,4,train,results/prepared_audio/03-01-05-02-01-02-11.wav,969ebef939576f4a2fae0cd2e633380ab418e631293be72ef7bbbd60caf96fef
03-01-05-02-01-02-12,data/raw/Actor_12/03-01-05-02-01-02-12.wav,12,angry,5,2,1,2,48000,1,176176,3.67033333333333,0568c0d621a447b9aeabe3256d45979d4c9cb4989d7bae7422047635f5149657,3,train,results/prepared_audio/03-01-05-02-01-02-12.wav,f0dcd9efc13a47d0261265388be6eb05af299f39fbe2f3c812d21b579b3a1c06
03-01-05-02-01-02-13,data/raw/Actor_13/03-01-05-02-01-02-13.wav,13,angry,5,2,1,2,48000,1,205005,4.2709375,fc44f216907f7888231deb6a3a929d8eac826b8e682b53d1ab7880e42179c78b,1,test,results/prepared_audio/03-01-05-02-01-02-13.wav,315925ec2d540ccb5ad6c4a72503c43be9d94986950d58ac491661f950d66ec6
03-01-05-02-01-02-14,data/raw/Actor_14/03-01-05-02-01-02-14.wav,14,angry,5,2,1,2,48000,1,209809,4.37102083333333,bb10ecee72411fd51c0cd8c6734425f88457ad9cb7a013aa3769c6a033bec487,4,train,results/prepared_audio/03-01-05-02-01-02-14.wav,a1a9e03bae3ff61b70e037fb21903f576edc4f47fad95b0e242a0d1cecb1debe
03-01-05-02-01-02-15,data/raw/Actor_15/03-01-05-02-01-02-15.wav,15,angry,5,2,1,2,48000,1,179380,3.73708333333333,f7e41515aa0222c615c3c7976728dbba8de1dc08e36e73e0843b50b4090ca5a7,5,test,results/prepared_audio/03-01-05-02-01-02-15.wav,41219b1d1a1df0df95267aedd559727e252a2a4120dd8b1a7205f44e1d29f0fa
03-01-05-02-01-02-16,data/raw/Actor_16/03-01-05-02-01-02-16.wav,16,angry,5,2,1,2,48000,1,179379,3.7370625,3416903485080c95bd9bb05f3089c696fb7a450321fde5d8ba02ee7a6f2a5e4b,2,train,results/prepared_audio/03-01-05-02-01-02-16.wav,d4788a2abd8b58e28340b1e42d243808720e09c2552f62dd575ec90e10897f1f
03-01-05-02-01-02-17,data/raw/Actor_17/03-01-05-02-01-02-17.wav,17,angry,5,2,1,2,48000,1,179379,3.7370625,b4698107454fd6b8c49109863df4cb16e4b0d7c6e8bdf36596802e8156b16194,3,train,results/prepared_audio/03-01-05-02-01-02-17.wav,2c24d3b0aff82222564336d4bba056518be817b4a2c908b44d2194b7c1b56848
03-01-05-02-01-02-18,data/raw/Actor_18/03-01-05-02-01-02-18.wav,18,angry,5,2,1,2,48000,1,180981,3.7704375,e607f08dd3241309b56b4fd9e08d2b6375210275ac0a1ad8bc836204cea24b76,4,train,results/prepared_audio/03-01-05-02-01-02-18.wav,44a6007c491b5f475d7bb3c329afe171f26837a26b401ebe20c941507328d189
03-01-05-02-01-02-19,data/raw/Actor_19/03-01-05-02-01-02-19.wav,19,angry,5,2,1,2,48000,1,230630,4.80479166666667,7ac73239a19df2403992ba48f18dd5760cfcca0adc963baf03a2eab8bee7a628,6,train,results/prepared_audio/03-01-05-02-01-02-19.wav,719fbd4f4928d2fea7958899281dc55fb2d5c4d87a7f10c830fd29a4da1e9f64
03-01-05-02-01-02-20,data/raw/Actor_20/03-01-05-02-01-02-20.wav,20,angry,5,2,1,2,48000,1,195395,4.07072916666667,2d143dfef22c8b34fbf325124bd98393950cb3bcfa02009881af632081d6142a,6,train,results/prepared_audio/03-01-05-02-01-02-20.wav,c6a3fa69ff036919c30fac330ec5c1b62245f124e24facc9d2de47d1550df874
03-01-05-02-01-02-21,data/raw/Actor_21/03-01-05-02-01-02-21.wav,21,angry,5,2,1,2,48000,1,214614,4.471125,b810e87d645416a3c09dc4aba8bd0d31a129969c9fbc1af51db17881d6c1daf8,2,train,results/prepared_audio/03-01-05-02-01-02-21.wav,35646edb52938389e97a02fde4de803c4804a45dc9d2f7e8cf76c333639e1b20
03-01-05-02-01-02-22,data/raw/Actor_22/03-01-05-02-01-02-22.wav,22,angry,5,2,1,2,48000,1,187387,3.90389583333333,b4440e8ffc2381816a0d1aea16ff50fd9fe0c44f29345d6d8ef5ba6375e65490,4,train,results/prepared_audio/03-01-05-02-01-02-22.wav,7b92c3826a271f85fb13d998a84151a9f71b876e56fc0b1e35820bf1edf72369
03-01-05-02-01-02-23,data/raw/Actor_23/03-01-05-02-01-02-23.wav,23,angry,5,2,1,2,48000,1,160160,3.33666666666667,46083c11c5b3f6f34f9c862bf86d7b557377087ccad5499de415bb4ef9613f83,1,test,results/prepared_audio/03-01-05-02-01-02-23.wav,f63c23a35da16ebc295898d46ae106ca15c053b688c998f5c36c36a02b2f6ee7
03-01-05-02-01-02-24,data/raw/Actor_24/03-01-05-02-01-02-24.wav,24,angry,5,2,1,2,48000,1,209810,4.37104166666667,ed216b9d76e14dfe28710c8c252f8cbd415ea7a12565c0763cbd5135e6ba81f7,1,test,results/prepared_audio/03-01-05-02-01-02-24.wav,ba66217c8e146fe22910b41856363a97e318b00bac90e5ba574a7c21306e0f45
03-01-05-02-02-01-01,data/raw/Actor_01/03-01-05-02-02-01-01.wav,1,angry,5,2,2,1,48000,1,198598,4.13745833333333,c1db52e1172cf1040eba230f01a679c48e4e06e09b7dd76323aad9f5c3b8519b,1,test,results/prepared_audio/03-01-05-02-02-01-01.wav,d74763936a6e2fce450e12860c7d2262a04f19847f831255f15b0bcc64fe9849
03-01-05-02-02-01-02,data/raw/Actor_02/03-01-05-02-02-01-02.wav,2,angry,5,2,2,1,48000,1,192192,4.004,6481c21552fa49c7716d477ce26f37ce96a09d2a0a25ae1ec6603308794a1235,3,test,results/prepared_audio/03-01-05-02-02-01-02.wav,e5d0587ca99a230713de0674ff50acc1bb3c25f3e72cb80c71ca7d059b4a149f
03-01-05-02-02-01-03,data/raw/Actor_03/03-01-05-02-02-01-03.wav,3,angry,5,2,2,1,48000,1,203403,4.2375625,a81a25e36cd59ddf318b1d566b53ed20da9a411753c98208b40dcf63feb10b24,5,train,results/prepared_audio/03-01-05-02-02-01-03.wav,822b176bf8430a35d94286b57d75317ad9c1af2728feb654779669465aff6b2f
03-01-05-02-02-01-04,data/raw/Actor_04/03-01-05-02-02-01-04.wav,4,angry,5,2,2,1,48000,1,177777,3.7036875,203b4ff2f70a29a369788becbe32d56422471294eba25b837b15dd3ca8056350,3,train,results/prepared_audio/03-01-05-02-02-01-04.wav,cc9078b7d62b40eb8a05e677a3f799f776c1d921d1205f7f53f0775bfb6178a6
03-01-05-02-02-01-05,data/raw/Actor_05/03-01-05-02-02-01-05.wav,5,angry,5,2,2,1,48000,1,174574,3.63695833333333,bbbf4ac0a5ead9dad93d80cf68ea2603e1c24c4e78f1ad59e545e1a1d4a525f0,2,train,results/prepared_audio/03-01-05-02-02-01-05.wav,d55ee26e0024676c1a282c09797322359720e3962669ada22831097414865c3b
03-01-05-02-02-01-06,data/raw/Actor_06/03-01-05-02-02-01-06.wav,6,angry,5,2,2,1,48000,1,213013,4.43777083333333,d197de58e2b461eb7d394637c4960783f78f1ae9bec7a907680d8a3e9b5606a1,6,train,results/prepared_audio/03-01-05-02-02-01-06.wav,62476792e5f8bff8243852916e01bc493f51215b48ac8beeb48488b6ed08d8ea
03-01-05-02-02-01-07,data/raw/Actor_07/03-01-05-02-02-01-07.wav,7,angry,5,2,2,1,48000,1,184184,3.83716666666667,0456fd7f5bc1574fda69a7cefaec5416bea00feef382c9af5dee13b0400f5177,2,train,results/prepared_audio/03-01-05-02-02-01-07.wav,f4faaf49d6792d28ccf42bfde53c876d6411bbe453515ad6bbe92441fd1ff18a
03-01-05-02-02-01-08,data/raw/Actor_08/03-01-05-02-02-01-08.wav,8,angry,5,2,2,1,48000,1,172973,3.60360416666667,adc7b734c60e7e38d1471c58094ba213a124e6aa6174f78af2354888982b4284,5,train,results/prepared_audio/03-01-05-02-02-01-08.wav,4c077981d972b739c3eadad34e13a7496278071664ae3b9ff121c01e1757ba10
03-01-05-02-02-01-09,data/raw/Actor_09/03-01-05-02-02-01-09.wav,9,angry,5,2,2,1,48000,1,209810,4.37104166666667,3977cd59c9fc656529c6f11c24b1fe5f03be8e5dc2e47a829e782d0b46f97688,5,test,results/prepared_audio/03-01-05-02-02-01-09.wav,cd1f5ef4c8a217090fdf5d290eaee75f7deda1db39f9ba840ff70e010aa80395
03-01-05-02-02-01-10,data/raw/Actor_10/03-01-05-02-02-01-10.wav,10,angry,5,2,2,1,48000,1,185785,3.87052083333333,bd5cfe21f4e918d6ca5a0ecdc9f6417c8fb323b982e7535d6e9e352966b0edf0,6,train,results/prepared_audio/03-01-05-02-02-01-10.wav,ee686bd846d1d12126f87ed99fcdaf14fd003e656f2466e82ee72977179f5aff
03-01-05-02-02-01-11,data/raw/Actor_11/03-01-05-02-02-01-11.wav,11,angry,5,2,2,1,48000,1,188989,3.93727083333333,542af1961a0cb24ee991a9ef0b36bc6be18984ff23f2c121531cf6c8e16539e3,4,train,results/prepared_audio/03-01-05-02-02-01-11.wav,d930178638f194a329574e5ed9af8737a8627795fbf5b87113775693f13b8752
03-01-05-02-02-01-12,data/raw/Actor_12/03-01-05-02-02-01-12.wav,12,angry,5,2,2,1,48000,1,182583,3.8038125,af48dd3ffd1136500889c55276bc945478fec48b779048ce503b1b2fc0c96a32,3,test,results/prepared_audio/03-01-05-02-02-01-12.wav,3d930e31aebda9a4afa4946e6f63812a58bfd903e29091b452848b5ba4fde46c
03-01-05-02-02-01-13,data/raw/Actor_13/03-01-05-02-02-01-13.wav,13,angry,5,2,2,1,48000,1,171371,3.57022916666667,3410efb7df9920d72c12f4d30b48c79cc6260ff63060347690df468fb4f9d760,1,test,results/prepared_audio/03-01-05-02-02-01-13.wav,e20ea30f1143720d465d2fd92a841046fa4f03489eae6310b6e283e520d56e60
03-01-05-02-02-01-14,data/raw/Actor_14/03-01-05-02-02-01-14.wav,14,angry,5,2,2,1,48000,1,200200,4.17083333333333,530958ccc33b1e2b33ec72d7c72112aa37ea96e78dcd3fd204b5574d39a4719a,4,test,results/prepared_audio/03-01-05-02-02-01-14.wav,7ec5f8456060c0c9322226d274ed15340bd8d42c7d2beafdb8e0fa0e760e2227
03-01-05-02-02-01-15,data/raw/Actor_15/03-01-05-02-02-01-15.wav,15,angry,5,2,2,1,48000,1,166567,3.47014583333333,7c98bd9dd08e94585cef0e8e75b0ae3ba279a8b457b76d92a0c6b80fa931e0a0,5,test,results/prepared_audio/03-01-05-02-02-01-15.wav,eccf393814b4aa8e9bedccab4716424cbb2cf8f04b5e3d0cd3971434b7ea31bd
03-01-05-02-02-01-16,data/raw/Actor_16/03-01-05-02-02-01-16.wav,16,angry,5,2,2,1,48000,1,182582,3.80379166666667,d4d7879e32713c69418fa7bc33a4ecfd51d1ed36330468dc0c542d7d0510bf22,2,test,results/prepared_audio/03-01-05-02-02-01-16.wav,73ea3f9025c73eab75428fb77cc24ffd5481a78c7a0f938cf4ec3fda5a4e63e1
03-01-05-02-02-01-17,data/raw/Actor_17/03-01-05-02-02-01-17.wav,17,angry,5,2,2,1,48000,1,174575,3.63697916666667,821ba0a08810f6c67b59f1acb7881560693349f291c777d27be0dae9172d799b,3,train,results/prepared_audio/03-01-05-02-02-01-17.wav,a41daf123f44d52995222f6a92aea3e728bd013d304a3ffb8658105009dd5f87
03-01-05-02-02-01-18,data/raw/Actor_18/03-01-05-02-02-01-18.wav,18,angry,5,2,2,1,48000,1,184184,3.83716666666667,e857e65530941d08c3ffe0603ecfe4940bf97b284f2318157f5c396ef3fb62b4,4,test,results/prepared_audio/03-01-05-02-02-01-18.wav,52e46dd063065c03219f8abc23da1f05c440b00357b4d6ef682cb3f8a995ff9c
03-01-05-02-02-01-19,data/raw/Actor_19/03-01-05-02-02-01-19.wav,19,angry,5,2,2,1,48000,1,208208,4.33766666666667,8a47fca71001158386d3f8dbbea21f0181370b024cb004b36b89c99d8fc328d2,6,train,results/prepared_audio/03-01-05-02-02-01-19.wav,1f61ee52f21fa31b9023ca6fa6055bbc84c0ae7e10f246618b92558ac44e92d9
03-01-05-02-02-01-20,data/raw/Actor_20/03-01-05-02-02-01-20.wav,20,angry,5,2,2,1,48000,1,211412,4.40441666666667,d56711d8084d65beac504cc1b05d246735aa64ab4c9026b39e2b56318269edc1,6,test,results/prepared_audio/03-01-05-02-02-01-20.wav,b808e9669bbf90b82bac5dd0d7fb05d749b6dfb203ca0bfbade96f86194be76e
03-01-05-02-02-01-21,data/raw/Actor_21/03-01-05-02-02-01-21.wav,21,angry,5,2,2,1,48000,1,196996,4.10408333333333,c6832f9c887e1d66bd0a262398cd5f776b36db6b8029bc2504370bb0fa06fd4f,2,train,results/prepared_audio/03-01-05-02-02-01-21.wav,d1fc2942cde26870731cff7a2241a013e6c7c807286dc9a9c8a19db1de3e09cc
03-01-05-02-02-01-22,data/raw/Actor_22/03-01-05-02-02-01-22.wav,22,angry,5,2,2,1,48000,1,203404,4.23758333333333,fa31c11e5e0eae396b348773c1c3a3112f4ad09fde2f204b4a1b680dd8b58457,4,test,results/prepared_audio/03-01-05-02-02-01-22.wav,6e81b39b7385036de0ef90ee95b519eac280710b48e696c26e4b59d70217ef75
03-01-05-02-02-01-23,data/raw/Actor_23/03-01-05-02-02-01-23.wav,23,angry,5,2,2,1,48000,1,155355,3.2365625,1a0516c16bbcda8d1386fe3297c689ad9afb4be49c6b7dd7057e014ede553756,1,train,results/prepared_audio/03-01-05-02-02-01-23.wav,043fb809203f886d95b125db6e615d021c6d7206983dcef8c546ce3c1c1fc9d9
03-01-05-02-02-01-24,data/raw/Actor_24/03-01-05-02-02-01-24.wav,24,angry,5,2,2,1,48000,1,200200,4.17083333333333,636b8527f2c94fa8d47edb7013ba932b55774d5421e739d5e37bbf3c91752d43,1,train,results/prepared_audio/03-01-05-02-02-01-24.wav,02fd9f8b69c0f8b8b4dd87bd0fdceccbf9d4190872d4d761c8a89e5e4ba9cff1
03-01-05-02-02-02-01,data/raw/Actor_01/03-01-05-02-02-02-01.wav,1,angry,5,2,2,2,48000,1,213013,4.43777083333333,1c45eaf416533b088663e65d5ded05b139f892f6114ef3c5b6091d736af5fb01,1,train,results/prepared_audio/03-01-05-02-02-02-01.wav,4924ae8ff7920ae1ede6830dae34fbca184e4a7c2eaba0adfb1024a55fdfcc7a
03-01-05-02-02-02-02,data/raw/Actor_02/03-01-05-02-02-02-02.wav,2,angry,5,2,2,2,48000,1,192192,4.004,5c6245995079fa054296bbf78cae66d3a692f7a1c97d10a086f0563701a5e22c,3,train,results/prepared_audio/03-01-05-02-02-02-02.wav,8b04ff6e693d9e954801e893941f030dfcb9f4685ee69faa64993fe0f0c9d780
03-01-05-02-02-02-03,data/raw/Actor_03/03-01-05-02-02-02-03.wav,3,angry,5,2,2,2,48000,1,216216,4.5045,1c89be19b6ad92bd4fdd1e8b9affcef2e433861ca64cf2bce49645c7262f8c9b,5,train,results/prepared_audio/03-01-05-02-02-02-03.wav,6e28e6d4962536454fd0c1b3bb700169af4cd8e05c1dfcaed1cf2d08bef0ce69
03-01-05-02-02-02-04,data/raw/Actor_04/03-01-05-02-02-02-04.wav,4,angry,5,2,2,2,48000,1,184184,3.83716666666667,025d1d104950b25ffb404d79fd47b336cf2162f857f1426233437b712decaf59,3,train,results/prepared_audio/03-01-05-02-02-02-04.wav,132e84c7cb3ca6b7a25997515d0fd8006d6019829974bd11adc1fbd32da4f2a4
03-01-05-02-02-02-05,data/raw/Actor_05/03-01-05-02-02-02-05.wav,5,angry,5,2,2,2,48000,1,174575,3.63697916666667,1598f69cdbb3d98f2d00abd971a9b3719bf31caf991c4d16c74ec4bf1d3eb1f1,2,test,results/prepared_audio/03-01-05-02-02-02-05.wav,4e168be15d0cea0c25d5ab26ce2594ed376376f2e29251f753c189e07d0fe4bf
03-01-05-02-02-02-06,data/raw/Actor_06/03-01-05-02-02-02-06.wav,6,angry,5,2,2,2,48000,1,214614,4.471125,4beea9b5a012bf9c76a3f89b027013c42c7977ec78dd396b3703a88c478e75af,6,train,results/prepared_audio/03-01-05-02-02-02-06.wav,26f2b1483b89502082a790f9e32d035b576cd632609f94b4e3ad3e772efa9aff
03-01-05-02-02-02-07,data/raw/Actor_07/03-01-05-02-02-02-07.wav,7,angry,5,2,2,2,48000,1,208208,4.33766666666667,c04688e6bda839cb4722119ca02bbfcf00124317612fa7158d288ffee85212fc,2,train,results/prepared_audio/03-01-05-02-02-02-07.wav,2359c19759e0606b8ae365cf7bcbee7c55feeb5230b829bef4378dc12c63c002
03-01-05-02-02-02-08,data/raw/Actor_08/03-01-05-02-02-02-08.wav,8,angry,5,2,2,2,48000,1,174574,3.63695833333333,b92210cc85c5374a2dd4c0ad44087979786a90c58a948f82670ce07712c15d7b,5,train,results/prepared_audio/03-01-05-02-02-02-08.wav,0206d23c4af62a0776a07df864b3330faba673ea81d99ad4484153721c90bbd6
03-01-05-02-02-02-09,data/raw/Actor_09/03-01-05-02-02-02-09.wav,9,angry,5,2,2,2,48000,1,190591,3.97064583333333,6ab6716a4f440d19bc6bd061b09615f011b2b612730c0ffd6471c205df6a47e5,5,train,results/prepared_audio/03-01-05-02-02-02-09.wav,a2ea7132edecd9a4d23c3040319c80c457c46b12c13eacf48e0fe4ce58cf4054
03-01-05-02-02-02-10,data/raw/Actor_10/03-01-05-02-02-02-10.wav,10,angry,5,2,2,2,48000,1,198598,4.13745833333333,c7c31102f000f9ed49014aba9991802821a8956a8c2259d2e54b959158423384,6,train,results/prepared_audio/03-01-05-02-02-02-10.wav,0aae5698affbae0950e178c51d8da60e22c4e5c7251f0b1320410d9b576a58b5
03-01-05-02-02-02-11,data/raw/Actor_11/03-01-05-02-02-02-11.wav,11,angry,5,2,2,2,48000,1,180981,3.7704375,aca07d31d6bf8981265d90da4726fd73095dd2024419050db1a044052fe42135,4,train,results/prepared_audio/03-01-05-02-02-02-11.wav,6deaac56c2320f41a8c3f6ae1c8bb24d3cce35ef8f6c258cbf95d4734c37b7ef
03-01-05-02-02-02-12,data/raw/Actor_12/03-01-05-02-02-02-12.wav,12,angry,5,2,2,2,48000,1,184184,3.83716666666667,ecbc3a3b4e28b9bcd0edc8d19f6b6e5a829badd7e0558c4792b07429a6676a9c,3,test,results/prepared_audio/03-01-05-02-02-02-12.wav,7754a27e1cda9aca460cc39b4bf5195c43aafc90040686b7a4152b0f532c1191
03-01-05-02-02-02-13,data/raw/Actor_13/03-01-05-02-02-02-13.wav,13,angry,5,2,2,2,48000,1,200200,4.17083333333333,e94c2095323b263b6959fcc424838e8e3903440a5b1e078b218abd65b13ca289,1,train,results/prepared_audio/03-01-05-02-02-02-13.wav,aed7c142b98b2ad665ef746eb9ee1a89b321bf82c37f3180577b91707edb0ab3
03-01-05-02-02-02-14,data/raw/Actor_14/03-01-05-02-02-02-14.wav,14,angry,5,2,2,2,48000,1,211412,4.40441666666667,162f780ec00848a52c5b046a289de73d251bae8c8fc62f075071ef445c7cec01,4,test,results/prepared_audio/03-01-05-02-02-02-14.wav,99d017ee52fc115d4b9023d7ffbf8fc55b85c9ab50307535747457263f7dfb88
03-01-05-02-02-02-15,data/raw/Actor_15/03-01-05-02-02-02-15.wav,15,angry,5,2,2,2,48000,1,172973,3.60360416666667,5e42230de368a51d9e652c6f0ed80d2e99f364cb338281790b55d3badec9a557,5,train,results/prepared_audio/03-01-05-02-02-02-15.wav,ec937e1c69101fabe9cd1124c25260ebeb310ac8e0b9d4f96c8443cd1464aed8
03-01-05-02-02-02-16,data/raw/Actor_16/03-01-05-02-02-02-16.wav,16,angry,5,2,2,2,48000,1,195396,4.07075,7662a3a0bb02235ec310f8bd7275582d4a9e34383d998f5a35d4382d97cadccf,2,train,results/prepared_audio/03-01-05-02-02-02-16.wav,f70a374583fe17bf651dc3878891f1828d263c11226f1948d6a0c870e980eeb2
03-01-05-02-02-02-17,data/raw/Actor_17/03-01-05-02-02-02-17.wav,17,angry,5,2,2,2,48000,1,182583,3.8038125,0036a235f55073a9bcedaa6e2197cfe8499bc57d1cc7a1e41c37176f4e01a2e1,3,train,results/prepared_audio/03-01-05-02-02-02-17.wav,1debed567b20b333935bbacc668f43c5ba1658b17e0aa268e4b71deee90f22c6
03-01-05-02-02-02-18,data/raw/Actor_18/03-01-05-02-02-02-18.wav,18,angry,5,2,2,2,48000,1,203403,4.2375625,e63349e8467a605b57d517d9a0b107cf30573f1ae3628d4aa5ef412c4910b17a,4,train,results/prepared_audio/03-01-05-02-02-02-18.wav,c1203361bc30f7defc27f9981030bfed64589386d7a29390ded002f03abd648f
03-01-05-02-02-02-19,data/raw/Actor_19/03-01-05-02-02-02-19.wav,19,angry,5,2,2,2,48000,1,196997,4.10410416666667,2f9391d9462e29ea04c388fda0e4f7f4d76580ad34a4d31cc97822ec743208eb,6,train,results/prepared_audio/03-01-05-02-02-02-19.wav,468f1584f815bc9106f87da1049da0a536943c3bf4d654e9045402763706f4f1
03-01-05-02-02-02-20,data/raw/Actor_20/03-01-05-02-02-02-20.wav,20,angry,5,2,2,2,48000,1,169769,3.53685416666667,04371bd1a68e49a88699c1217c5182b05c68c39ccf99a09137088a40faa1736b,6,train,results/prepared_audio/03-01-05-02-02-02-20.wav,743f1c7b80dc5a05dec145650108bf451b6a204fe752a18eecc80eecf9e3edb3
03-01-05-02-02-02-21,data/raw/Actor_21/03-01-05-02-02-02-21.wav,21,angry,5,2,2,2,48000,1,203403,4.2375625,26512c98359a74aea329e36d8f694297b99d5ba973b4c2826c60e07ca9b85135,2,test,results/prepared_audio/03-01-05-02-02-02-21.wav,6388099b8dccef070c710e7dde7892e4e289dbf4594ac84289602b53d6a9668b
03-01-05-02-02-02-22,data/raw/Actor_22/03-01-05-02-02-02-22.wav,22,angry,5,2,2,2,48000,1,201802,4.20420833333333,3d84f7f3a5f9700dd6056070bdcf7636fc277c31d17b061be83e9ac2d6e34645,4,test,results/prepared_audio/03-01-05-02-02-02-22.wav,c4ca2bc09e321160a06f53e42c22636b4bccc5aadfbdc8a267fe2fd09123967f
03-01-05-02-02-02-23,data/raw/Actor_23/03-01-05-02-02-02-23.wav,23,angry,5,2,2,2,48000,1,158558,3.30329166666667,a6547af067142dd2e14624f8e59a9d1744bdeb1389cf99578712036ea608b66f,1,train,results/prepared_audio/03-01-05-02-02-02-23.wav,c043fa28317e993f5ab5c2336871c876d183af5831452abf659180e14e9c1b90
03-01-05-02-02-02-24,data/raw/Actor_24/03-01-05-02-02-02-24.wav,24,angry,5,2,2,2,48000,1,245045,5.10510416666667,bba90c2d68e2459395e21e1789500ed2a4ddd27d45781738773b7bb74d1ef6d2,1,train,results/prepared_audio/03-01-05-02-02-02-24.wav,9f2e444cb0e46553aab8c1ca5b4c613f5e3b2bce71d27eb3792cfae4f0b602f8
